"접수연도","자치구코드","자치구명","법정동코드","법정동명","지번구분","지번구분명","본번","부번","건물명","계약일","물건금액(만원)","건물면적(㎡)","토지면적(㎡)","층","권리구분","취소일","건축년도","건물용도","신고구분","신고한 개업공인중개사 시군구명"
"2026","11230","동대문구","10200","용두동","1","대지","0788","0000","한방천하-용두동 포스빌","20260126","20000","45.32","58.275000","15","","","2006","오피스텔","직거래",""
"2026","11440","마포구","12500","성산동","1","대지","0590","0001","상암 두산위브센티움","20260126","14700","23.07","32.880000","14","","","2013","오피스텔","중개거래","서울 마포구"
"2026","11680","강남구","11500","수서동","1","대지","0716","0000","사이룩스","20260126","24800","32.58","43.610000","9","","","2003","오피스텔","중개거래","서울 강남구"
"2026","11560","영등포구","12300","문래동5가","1","대지","0067","0000","문래모아미래도","20260126","144000","84.75","0.000000","16","","","2017","아파트","중개거래","서울 양천구, 서울 영등포구"
"2026","11680","강남구","10500","삼성동","1","대지","0016","0002","삼성동힐스테이트 1단지","20260126","118000","31.402","0.000000","22","","","2008","아파트","직거래",""
"2026","11380","은평구","10800","역촌동","1","대지","0002","0001","고도아파트","20260126","21000","29.91","34.720000","2","","","2021","오피스텔","직거래",""
"2026","11620","관악구","10300","남현동","1","대지","0602","0054","네스코 승방","20260126","51000","67.86","77.450000","3","","","2016","오피스텔","중개거래","서울 관악구"
"2026","11380","은평구","10800","역촌동","1","대지","0002","0001","고도아파트","20260126","50000","50.82","0.000000","9","","","2021","아파트","중개거래","서울 은평구"
"2026","11380","은평구","10300","불광동","1","대지","0400","0029","산빌라(가동)","20260125","20500","27.12","14.000000","-1","","","1992","연립다세대","중개거래","서울 은평구"
"2026","11260","중랑구","10100","면목동","1","대지","0193","0001","면목한신","20260125","32000","35.3","0.000000","7","","","1987","아파트","중개거래","서울 중랑구"
"2026","11680","강남구","11400","일원동","1","대지","0743","0000","디에이치자이개포","20260124","375000","84.73","0.000000","14","","","2021","아파트","중개거래","서울 강남구, 서울 서초구"
"2026","11260","중랑구","10100","면목동","1","대지","1528","0000","면목동금호어울림아파트","20260124","70000","84.082","0.000000","2","","","2005","아파트","중개거래","서울 중랑구"
"2026","11560","영등포구","11300","당산동3가","1","대지","0080","0001","리앤나빌리지","20260124","14000","22.85","30.830000","7","","","2004","오피스텔","중개거래","서울 영등포구"
"2026","11500","강서구","10200","등촌동","1","대지","0628","0000","등촌동노블리움오피스텔","20260124","23800","48.53","66.200000","5","","","2005","오피스텔","중개거래","서울 강서구, 서울 종로구"
"2026","11320","도봉구","10800","도봉동","1","대지","0062","0001","도봉 엠블렘","20260124","9500","18.961","20.710000","4","","","2018","오피스텔","중개거래","서울 도봉구"
"2026","11470","양천구","10300","신월동","1","대지","1076","0000","목동센트럴아이파크위브2단지","20260124","91000","52.85","0.000000","5","","","2020","아파트","중개거래","서울 양천구"
"2026","11320","도봉구","10800","도봉동","1","대지","0593","0037","도봉숲아뜨리움","20260124","44000","46.83","40.000000","5","","","2016","연립다세대","중개거래","서울 도봉구"
"2026","11710","송파구","10500","석촌동","1","대지","0291","0016","호선주택","20260124","37750","40.08","22.000000","3","","","2003","연립다세대","중개거래","서울 송파구"
"2026","11530","구로구","10200","구로동","1","대지","0650","0004","SK 허브수 ","20260124","20300","37.53","46.400000","13","","","2005","오피스텔","중개거래","서울 구로구"
"2026","11260","중랑구","10100","면목동","1","대지","0172","0028","건영빌라트","20260124","34500","63.24","35.000000","1","","","1997","연립다세대","중개거래","서울 중랑구"
"2026","11260","중랑구","10200","상봉동","1","대지","0001","0000","건영1","20260124","68700","84.96","0.000000","17","","","1997","아파트","중개거래","서울 중랑구"
"2026","11410","서대문구","11200","대현동","1","대지","0040","0038","이대역 STARGATE","20260124","26000","19.76","30.010000","4","","","2021","오피스텔","중개거래","서울 서대문구, 서울 송파구"
"2026","11380","은평구","11400","진관동","1","대지","0100","0003","아이파크 포레스트 게이트","20260124","11000","24.36","34.990000","2","","","2013","오피스텔","중개거래","서울 은평구"
"2026","11680","강남구","10800","논현동","1","대지","0122","0025","세호시티라이프","20260124","48000","45.04","0.000000","5","","","1996","아파트","중개거래","서울 강남구"
"2026","11260","중랑구","10600","신내동","1","대지","0482","0005","신일연립(3동)","20260124","16500","41.58","30.000000","1","","","1988","연립다세대","중개거래","서울 중랑구"
"2026","11620","관악구","10200","신림동","1","대지","0551","0009","신림2차현대","20260124","74500","113.52","0.000000","14","","","1996","아파트","중개거래","경기 구리시"
"2026","11620","관악구","10300","남현동","1","대지","1070","0009","이에스하임","20260124","42000","40.22","23.000000","4","","","2016","연립다세대","중개거래","서울 관악구"
"2026","11260","중랑구","10400","묵동","1","대지","0013","0000","신내","20260124","33000","39.84","0.000000","9","","","1996","아파트","중개거래","서울 중랑구"
"2026","11440","마포구","10400","도화동","1","대지","0556","0000","에스케이허브그린","20260124","30500","38.51","50.590000","15","","","2005","오피스텔","중개거래","서울 마포구"
"2026","11680","강남구","10300","개포동","1","대지","1260","0002","우찬현대(1260-2)","20260124","92500","65.06","0.000000","6","","","2006","아파트","중개거래","서울 강남구"
"2026","11530","구로구","10800","오류동","1","대지","0033","0033","예성 라온팰리스","20260124","46000","93.78","124.320000","20","","","2007","오피스텔","중개거래","서울 구로구"
"2026","11470","양천구","10200","목동","1","대지","0318","0160","준","20260124","37000","69.33","33.000000","1","","","2011","연립다세대","중개거래","서울 양천구"
"2026","11215","광진구","10100","중곡동","1","대지","0018","0033","한강S클래스","20260124","32500","33.04","24.000000","4","","","2015","연립다세대","중개거래","서울 광진구"
"2026","11620","관악구","10100","봉천동","1","대지","0468","0002","하우젠-빌","20260124","90000","84.52","29.000000","4","","","2004","연립다세대","중개거래","서울 관악구"
"2026","11710","송파구","11100","방이동","1","대지","0022","0005","잠실리시온","20260124","36500","43.05","56.730000","14","","","2004","오피스텔","중개거래","서울 송파구"
"2026","11410","서대문구","11200","대현동","1","대지","0090","0070","파라타워","20260124","26300","20.857","35.582300","12","","","2020","오피스텔","중개거래","서울 서대문구"
"2026","11350","노원구","10300","공릉동","1","대지","0557","0007","토토하우스","20260124","20000","28.385","18.000000","5","","","2016","연립다세대","중개거래","서울 노원구"
"2026","11740","강동구","10900","천호동","1","대지","0237","0000","한신아파트","20260124","73500","82.08","0.000000","9","","","1991","아파트","중개거래","서울 강동구"
"2026","11440","마포구","10100","아현동","1","대지","0331","0029","트렌빌","20260124","55000","35.68","44.540000","4","","","2019","오피스텔","중개거래","서울 마포구"
"2026","11260","중랑구","10100","면목동","1","대지","1515","0000","성원상떼빌","20260124","59000","59.91","0.000000","5","","","1997","아파트","중개거래","서울 중랑구"
"2026","11500","강서구","10300","화곡동","1","대지","0105","0028","삼진빌라(105-28)","20260124","18500","49.35","27.000000","4","","","1992","연립다세대","중개거래","서울 강서구"
"2026","11350","노원구","10500","상계동","1","대지","0173","0001","벽산","20260123","33500","43.35","0.000000","6","","","1989","아파트","중개거래","서울 노원구"
"2026","11200","성동구","11500","성수동2가","1","대지","0277","0037","성원상떼뷰오피스텔","20260123","17500","28.08","37.250000","9","","","2003","오피스텔","중개거래","서울 성동구"
"2026","11260","중랑구","10100","면목동","1","대지","1545","0000","사가정센트럴아이파크","20260123","118700","59.92","0.000000","14","","","2020","아파트","중개거래","서울 중랑구"
"2026","11680","강남구","11500","수서동","1","대지","0716","0000","사이룩스","20260123","30000","42.13","56.390000","8","","","2003","오피스텔","직거래",""
"2026","11440","마포구","12700","상암동","1","대지","1734","0000","상암 한화 오벨리스크","20260123","11020","24.22","31.390000","3","","","2013","오피스텔","중개거래","서울 마포구"
"2026","11560","영등포구","12400","문래동6가","1","대지","0008","0000","문래임광그대가","20260123","64000","85.26","106.940000","11","","","2005","오피스텔","중개거래","서울 영등포구"
"2026","11260","중랑구","10100","면목동","1","대지","1204","0002","성진타운나동","20260123","24500","56.41","25.000000","5","","","2004","연립다세대","직거래",""
"2026","11560","영등포구","12100","문래동3가","1","대지","0055","0004","문래동메가트리움","20260123","108000","99.53","126.040000","8","","","null","오피스텔","중개거래","서울 강동구, 서울 영등포구"
"2026","11380","은평구","11400","진관동","1","대지","0073","0000","웅신 미켈란의 아침","20260123","12000","19.06","32.518700","18","","","2017","오피스텔","중개거래","서울 은평구"
"2026","11380","은평구","11400","진관동","1","대지","0073","0000","웅신 미켈란의 아침","20260123","12000","19.06","32.518700","18","","","2017","오피스텔","중개거래","서울 은평구"
"2026","11260","중랑구","10400","묵동","1","대지","0013","0000","신내","20260123","36500","39.84","0.000000","2","","","1996","아파트","중개거래","서울 중랑구"
"2026","11260","중랑구","10600","신내동","1","대지","0657","0000","신내9진흥","20260123","51000","49.93","0.000000","10","","","1996","아파트","중개거래","서울 중랑구"
"2026","11260","중랑구","10600","신내동","1","대지","0657","0000","신내9진흥","20260123","46000","49.93","0.000000","2","","","1996","아파트","중개거래","서울 중랑구"
"2026","11620","관악구","10200","신림동","1","대지","1431","0038","신림오피스텔","20260123","12700","29.7","40.860000","6","","","1998","오피스텔","중개거래","서울 관악구"
"2026","11230","동대문구","10600","장안동","1","대지","0381","0001","우민에뜨와르오피스텔","20260123","15400","36.62","70.570000","3","","","2009","오피스텔","중개거래","서울 동대문구"
"2026","11170","용산구","12200","문배동","1","대지","0003","0003","이안용산프리미어","20260123","165000","110.14","0.000000","10","","","2007","아파트","중개거래","서울 용산구"
"2026","11590","동작구","10900","신대방동","1","대지","0721","0000","스마티움(721)","20260123","11800","13.76","9.000000","3","","","2014","연립다세대","중개거래","서울 동작구"
"2026","11710","송파구","10600","삼전동","1","대지","0173","0012","유지빌라2차(173-12)","20260123","39000","67.44","29.000000","-1","","","1992","연립다세대","중개거래","서울 송파구"
"2026","11380","은평구","10600","대조동","1","대지","0197","0001","유진 아이디움","20260123","14000","17.14","25.490000","3","","","2019","오피스텔","직거래",""
"2026","11650","서초구","10300","우면동","1","대지","0764","0000","우솔마을서초리슈빌S아파트","20260123","30000","30.89","0.000000","7","","","2014","아파트","중개거래","서울 서초구"
"2026","11710","송파구","11200","오금동","1","대지","0135","0000","송파두산위브","20260123","128800","59.982","0.000000","13","","","2019","아파트","중개거래","서울 송파구"
"2026","11470","양천구","10200","목동","1","대지","0324","0103","월드메르디앙(324-103)","20260123","30500","29.88","18.000000","6","","","2017","연립다세대","중개거래","서울 강서구, 서울 양천구"
"2026","11710","송파구","10900","장지동","1","대지","0833","0000","송파파인타운1단지","20260123","142000","84.95","0.000000","2","","","2010","아파트","중개거래","서울 송파구"
"2026","11260","중랑구","10400","묵동","1","대지","0013","0000","신내","20260123","46000","49.77","0.000000","2","","","1996","아파트","중개거래","서울 중랑구"
"2026","11710","송파구","10100","잠실동","1","대지","0175","0012","올림픽타워","20260123","30300","34.87","51.940000","6","","","2004","오피스텔","중개거래","서울 송파구"
"2026","11440","마포구","12000","서교동","1","대지","0371","0007","엠제이더퍼스트홍대","20260123","27000","18.76","25.440000","13","","","2018","오피스텔","중개거래","서울 마포구"
"2026","11710","송파구","10700","가락동","1","대지","0079","0000","롯데캐슬","20260123","150000","180.516","0.000000","16","","","2003","아파트","직거래",""
"2026","11230","동대문구","10500","답십리동","1","대지","1000","0000","래미안엘파인아파트","20260123","86500","59.95","0.000000","19","","","2011","아파트","중개거래","서울 동대문구"
"2026","11680","강남구","10100","역삼동","1","대지","0824","0025","대우디오빌플러스","20260123","22500","38.96","48.490000","10","","20260126","2004","오피스텔","중개거래","서울 강남구"
"2026","11380","은평구","11400","진관동","1","대지","0107","0000","마고정3단지센트레빌(310~322동)BL2-3","20260123","76500","59.71","0.000000","5","","","2009","아파트","중개거래","서울 은평구"
"2026","11470","양천구","10200","목동","1","대지","0901","0000","목동신시가지1","20260123","290000","99.15","0.000000","3","","","1985","아파트","중개거래","서울 양천구"
"2026","11440","마포구","10400","도화동","1","대지","0555","0000","마포 한화 오벨리스크","20260123","35000","33.93","47.090000","8","","","2004","오피스텔","중개거래","서울 마포구"
"2026","11470","양천구","10300","신월동","1","대지","1060","0000","동원데자뷰","20260123","74000","84.975","0.000000","3","","","2012","아파트","중개거래","서울 양천구"
"2026","11440","마포구","12300","망원동","1","대지","0521","0000","마포한강아이파크","20260123","210000","111.395","0.000000","12","","","2019","아파트","중개거래","서울 마포구"
"2026","11440","마포구","12300","망원동","1","대지","0521","0000","마포한강아이파크","20260123","150000","59.381","0.000000","13","","","2019","아파트","중개거래","서울 마포구"
"2026","11260","중랑구","10600","신내동","1","대지","0648","0000","디아뜨갤러리","20260123","14600","38.7","49.000000","2","","","2003","오피스텔","중개거래","서울 중랑구"
"2026","11500","강서구","10500","마곡동","1","대지","0758","0003","마곡헤리움2차","20260123","15400","22.51","33.970000","3","","","2016","오피스텔","중개거래","서울 강서구"
"2026","11680","강남구","10500","삼성동","1","대지","0142","0007","LG선릉에클라트","20260123","23000","41.64","52.850000","1","","","2003","오피스텔","중개거래","서울 강남구"
"2026","11680","강남구","11800","도곡동","1","대지","0467","0019","현대비젼21","20260123","37750","33.1","0.000000","22","","","1999","아파트","중개거래","서울 강남구"
"2026","11230","동대문구","10900","휘경동","","","","","","20260123","34200","109.71","69.000000","","","","1991","단독다가구","중개거래","서울 동대문구"
"2026","11680","강남구","10100","역삼동","1","대지","0708","0016","능현오피스텔","20260123","21500","29.6","40.850000","2","","","2004","오피스텔","중개거래","서울 강남구"
"2026","11680","강남구","11200","자곡동","1","대지","0655","0000","강남 푸르지오시티 2차(PRUGIO CITYⅡ)","20260123","13750","22.444","29.725000","3","","","2014","오피스텔","중개거래","경기 포천시, 서울 강남구"
"2026","11260","중랑구","10100","면목동","","","","","","20260123","111200","377.1","183.000000","","","","1985","단독다가구","직거래",""
"2026","11440","마포구","10400","도화동","1","대지","0036","0000","고려아카데미텔","20260123","25500","33.27","33.270000","9","","","1988","오피스텔","중개거래","서울 마포구"
"2026","11230","동대문구","10400","전농동","1","대지","0100","0001","다스하우스","20260123","11000","14.7","21.890000","10","","","2018","오피스텔","중개거래","서울 동대문구"
"2026","11470","양천구","10300","신월동","1","대지","0045","0002","근상아트프리즘","20260123","5430","21.38","33.230000","2","","","2002","오피스텔","중개거래","서울 영등포구"
"2026","11620","관악구","10200","신림동","","","","","","20260123","53900","32.07","63.000000","","","","1969","단독다가구","중개거래","서울 관악구"
"2026","11710","송파구","10800","문정동","1","대지","0618","0000","파크하비오","20260123","70000","46.58","58.860000","17","","","null","오피스텔","중개거래","서울 송파구"
"2026","11500","강서구","10300","화곡동","1","대지","0379","0060","제이스빌","20260123","19000","29.21","17.000000","6","","","2020","연립다세대","직거래",""
"2026","11440","마포구","12400","연남동","1","대지","0573","0000","코오롱","20260123","106300","59.76","0.000000","12","","","2003","아파트","중개거래","서울 마포구"
"2026","11215","광진구","10100","중곡동","1","대지","0293","0032","태영아트빌","20260123","33000","29.96","23.000000","4","","","2015","연립다세대","중개거래","서울 광진구"
"2026","11740","강동구","10700","암사동","1","대지","0497","0006","한건브리앙","20260123","69000","82.91","0.000000","7","","","2004","아파트","중개거래","서울 강동구"
"2026","11320","도봉구","10700","창동","1","대지","0305","0000","창동주공1단지","20260123","52800","49.94","0.000000","4","","","1990","아파트","중개거래","서울 도봉구"
"2026","11350","노원구","10400","하계동","1","대지","0288","0000","하계2현대","20260123","92000","84.896","0.000000","8","","","1997","아파트","중개거래","서울 노원구"
"2026","11500","강서구","10300","화곡동","1","대지","0111","0037","프리메라","20260123","13800","24.57","14.000000","5","","","2018","연립다세대","중개거래","경기 부천시 원미구"
"2026","11470","양천구","10200","목동","1","대지","0318","0202","지엠벨리","20260123","15700","27.26","16.000000","3","","","2014","연립다세대","직거래",""
"2026","11470","양천구","10100","신정동","1","대지","0339","0000","파인빌","20260123","91000","73.138","0.000000","5","","","2001","아파트","중개거래","서울 양천구"
"2026","11710","송파구","11400","마천동","1","대지","0569","0002","장현빌라","20260123","90500","44.11","29.000000","-1","","","1993","연립다세대","중개거래","서울 강동구, 서울 송파구"
"2026","11290","성북구","10100","성북동","1","대지","0174","0003","(174-3)","20260122","58000","59.58","32.000000","2","","","1997","연립다세대","중개거래","서울 성북구"
"2026","11470","양천구","10200","목동","1","대지","0719","0037","A&A빌2차","20260122","17000","29.92","17.000000","2","","","2012","연립다세대","직거래",""
"2026","11740","강동구","10600","둔촌동","1","대지","0611","0000","한솔솔파크","20260122","89000","67.24","0.000000","1","","","2003","아파트","중개거래","서울 강동구"
"2026","11350","노원구","10200","월계동","1","대지","0927","0000","한일2","20260122","62500","84.846","0.000000","1","","","2000","아파트","중개거래","서울 노원구"
"2026","11230","동대문구","10500","답십리동","1","대지","0494","0001","한일노벨리아","20260122","14300","16.64","0.000000","13","","","2016","아파트","중개거래","서울 동대문구"
"2026","11650","서초구","10600","잠원동","1","대지","0045","0003","잠원샤인빌","20260122","27500","16.82","11.000000","4","","","2016","연립다세대","중개거래","서울 강남구"
"2026","11530","구로구","10700","개봉동","1","대지","0318","0013","청구파크빌라(318-13)","20260122","14800","45.02","25.000000","-1","","","1993","연립다세대","중개거래","서울 구로구"
"2026","11230","동대문구","10600","장안동","1","대지","0372","0005","장안뉴시티","20260122","8200","17.53","0.000000","11","","","2012","아파트","중개거래","서울 동대문구, 서울 중랑구"
"2026","11500","강서구","10200","등촌동","1","대지","0714","0000","코오롱하늘채","20260122","93000","84.96","0.000000","12","","","2003","아파트","중개거래","서울 강서구"
"2026","11440","마포구","10400","도화동","1","대지","0555","0000","한화오벨리스크","20260122","122000","75.7","0.000000","34","","","2004","아파트","중개거래","서울 마포구"
"2026","11530","구로구","10600","고척동","1","대지","0337","0000","한일유앤아이","20260122","56500","59.647","0.000000","17","","","2005","아파트","중개거래","서울 구로구"
"2026","11620","관악구","10200","신림동","1","대지","1462","0034","(1462-34)","20260122","10500","17.82","25.290000","7","","","2005","오피스텔","중개거래","서울 관악구"
"2026","11350","노원구","10300","공릉동","1","대지","0081","0000","태강아파트(아이파크)","20260122","53700","49.6","0.000000","10","","","1999","아파트","중개거래","서울 노원구"
"2026","11170","용산구","10200","용산동2가","1","대지","0005","1520","(5-1520)","20260122","22500","21.77","13.000000","3","","","1998","연립다세대","중개거래","서울 용산구"
"2026","11740","강동구","10700","암사동","1","대지","0496","0021","한솔아트빌","20260122","22600","25.35","17.000000","4","","","2008","연립다세대","직거래",""
"2026","11650","서초구","10100","방배동","1","대지","0980","0024","정광빌라","20260122","37300","41.91","34.000000","-1","","","1989","연립다세대","중개거래","서울 서초구"
"2026","11530","구로구","11200","항동","1","대지","0241","0000","한양수자인에듀힐즈","20260122","82500","84.959","0.000000","2","","","2019","아파트","중개거래","서울 구로구"
"2026","11500","강서구","10800","공항동","1","대지","1398","0000","더트루엘마곡HQ","20260122","64700","48.329","0.000000","13","","","2024","아파트","직거래",""
"2026","11410","서대문구","10500","냉천동","1","대지","0260","0000","동부센트레빌","20260122","108000","114.92","0.000000","15","","","2002","아파트","중개거래","서울 서대문구"
"2026","11500","강서구","10200","등촌동","1","대지","0633","0021","등촌투웨니퍼스트3차","20260122","23000","27.97","37.100000","6","","","2016","오피스텔","중개거래","서울 강서구"
"2026","11230","동대문구","10600","장안동","1","대지","0587","0000","동대문더퍼스트데시앙","20260122","102000","84.977","0.000000","3","","","2019","아파트","직거래",""
"2026","11470","양천구","10200","목동","1","대지","0324","0087","라움리츠빌","20260122","28700","25.71","16.000000","6","","","2017","연립다세대","중개거래","서울 양천구"
"2026","11530","구로구","10100","신도림동","1","대지","0643","0000","동아1","20260122","121500","59.978","0.000000","10","","","1999","아파트","중개거래","서울 구로구"
"2026","11710","송파구","10100","잠실동","1","대지","0022","0000","리센츠","20260122","350000","84.99","0.000000","26","","","2008","아파트","중개거래","서울 송파구"
"2026","11440","마포구","10200","공덕동","1","대지","0105","0084","마포자이힐스테이트 라첼스","20260122","265000","84.994","0.000000","12","분양권","","0","아파트","중개거래","서울 마포구"
"2026","11470","양천구","10100","신정동","1","대지","0326","0000","목동신시가지12","20260122","190000","71.64","0.000000","2","","","1988","아파트","직거래",""
"2026","11440","마포구","10900","염리동","1","대지","0164","0004","삼부골든타워","20260122","42000","48.6","72.011000","3","","","2003","오피스텔","중개거래","서울 마포구"
"2026","11650","서초구","10100","방배동","1","대지","1026","0014","방배신동아럭스빌","20260122","253500","164.43","0.000000","10","","","2003","아파트","중개거래","대전 유성구, 서울 서초구"
"2026","11710","송파구","10800","문정동","1","대지","0093","0006","샬롬하우스","20260122","50000","72.32","32.000000","3","","","2004","연립다세대","중개거래","서울 송파구"
"2026","11500","강서구","10300","화곡동","1","대지","0424","0073","보명빌라","20260122","22000","60.12","31.000000","1","","","1994","연립다세대","중개거래","서울 강서구"
"2026","11170","용산구","12100","용문동","1","대지","0090","0000","브라운스톤","20260122","174000","84.98","0.000000","3","","","2011","아파트","중개거래","서울 용산구"
"2026","11545","금천구","10300","시흥동","1","대지","0109","0001","무지개","20260122","34000","53.75","0.000000","6","","","1980","아파트","직거래",""
"2026","11410","서대문구","11100","홍제동","1","대지","0463","0000","문화촌현대","20260122","66850","59.94","0.000000","11","","","2002","아파트","중개거래","서울 서대문구"
"2026","11500","강서구","10900","방화동","1","대지","0830","0005","방화샤르망2오피스텔","20260122","5700","17.636","24.965000","7","","","2003","오피스텔","중개거래","서울 강서구"
"2026","11680","강남구","10500","삼성동","1","대지","0147","0002","미켈란147","20260122","176000","84.86","0.000000","21","","","2004","아파트","중개거래","서울 강남구"
"2026","11440","마포구","12700","상암동","1","대지","1655","0000","상암월드컵파크4단지","20260122","157000","104.78","0.000000","1","","","2006","아파트","중개거래","서울 마포구"
"2026","11470","양천구","10300","신월동","1","대지","0505","0001","시온아트","20260122","25000","52.74","29.000000","5","","","2010","연립다세대","중개거래","서울 양천구"
"2026","11620","관악구","10100","봉천동","1","대지","0470","0002","수광맨션","20260122","82000","57.42","35.000000","2","","","1992","연립다세대","중개거래","서울 관악구"
"2026","11170","용산구","12900","이촌동","1","대지","0302","0053","월드메르디앙","20260122","180000","84.964","0.000000","5","","","1971","아파트","중개거래","서울 용산구"
"2026","11740","강동구","10500","길동","1","대지","0394","0017","율전에버그린아파트","20260122","43500","43.49","0.000000","5","","","2016","아파트","중개거래","서울 강동구"
"2026","11470","양천구","10200","목동","1","대지","0532","0011","스타빌라(532-11)","20260122","21000","70.74","31.000000","-1","","","2002","연립다세대","중개거래","서울 강서구"
"2026","11380","은평구","11400","진관동","1","대지","0100","0003","아이파크 포레스트 게이트","20260122","11900","24.91","35.780000","3","","","2013","오피스텔","중개거래","서울 은평구"
"2026","11680","강남구","10100","역삼동","1","대지","0778","0011","아이리스","20260122","44000","25","15.000000","3","","","2010","연립다세대","중개거래","서울 강남구"
"2026","11530","구로구","10800","오류동","1","대지","0034","0013","썬앤빌","20260122","7000","14.064","0.000000","11","","","2014","아파트","중개거래","서울 구로구"
"2026","11710","송파구","10800","문정동","1","대지","0622","0000","송파한화오벨리스크","20260122","17200","25.88","33.317000","2","","","2013","오피스텔","중개거래","서울 송파구"
"2026","11470","양천구","10100","신정동","1","대지","1277","0000","신트리4","20260122","73000","59.73","0.000000","2","","","2000","아파트","중개거래","서울 서초구, 서울 양천구"
"2026","11560","영등포구","10500","영등포동4가","1","대지","0443","0000","영등포 센트럴 푸르지오 시티","20260122","23200","29.46","41.430000","5","","","2013","오피스텔","중개거래","서울 영등포구"
"2026","11710","송파구","11100","방이동","1","대지","0043","0000","대명벨리온","20260122","18000","17.32","28.105000","8","","","null","오피스텔","중개거래","서울 송파구"
"2026","11230","동대문구","10600","장안동","1","대지","0374","0009","가우디트윈캐슬1","20260122","39000","48.31","0.000000","12","","","2016","아파트","중개거래","서울 광진구, 서울 동대문구"
"2026","11560","영등포구","10700","영등포동6가","1","대지","0096","0001","골드트리시티","20260122","28800","28.54","16.000000","3","","","2018","연립다세대","중개거래","서울 영등포구"
"2026","11140","중구","16500","황학동","1","대지","0019","0000","그랜드힐오피스텔","20260122","18000","21.72","0.000000","11","","","2017","아파트","중개거래","서울 용산구, 서울 중구"
"2026","11410","서대문구","11800","홍은동","1","대지","0408","0005","거유주택(408-5)","20260122","20000","57.63","22.000000","2","","","1993","연립다세대","직거래",""
"2026","11215","광진구","10700","화양동","","","","","","20260122","220000","201.48","136.000000","","","","1976","단독다가구","직거래",""
"2026","11350","노원구","10500","상계동","1","대지","1271","0000","현대4차","20260122","60000","84.99","0.000000","12","","","1995","아파트","중개거래","서울 노원구"
"2026","11740","강동구","10100","명일동","1","대지","0047","0002","고덕역 갑을명가시티 오피스텔","20260122","12000","17.86","28.940000","6","","","2018","오피스텔","중개거래","서울 강동구"
"2026","11230","동대문구","10600","장안동","1","대지","0372","0003","SM타워 오피스텔","20260122","9000","21.6","33.360000","3","","","2012","오피스텔","직거래",""
"2026","11590","동작구","10500","흑석동","","","","","","20260122","68000","130.32","83.000000","","","","1991","단독다가구","직거래",""
"2026","11170","용산구","11600","청암동","1","대지","0064","0001","SK청암대(64-1)","20260122","220000","244.93","0.000000","11","","","2001","아파트","중개거래","서울 용산구"
"2026","11740","강동구","10800","성내동","1","대지","0611","0000","그란츠리버파크","20260122","151000","59.825","0.000000","16","","","2025","아파트","중개거래","서울 강동구"
"2026","11500","강서구","10300","화곡동","1","대지","1161","0000","강서 동도센트리움","20260122","9400","18.967","26.648000","12","","","2012","오피스텔","직거래",""
"2026","11470","양천구","10200","목동","1","대지","0907","0023","현대파크빌","20260122","14000","32.85","44.560000","6","","","2003","오피스텔","중개거래","서울 양천구"
"2026","11710","송파구","10100","잠실동","1","대지","0040","0000","갤러리아팰리스","20260122","59000","43.281","43.281000","9","","","2005","오피스텔","중개거래","서울 송파구"
"2026","11470","양천구","10200","목동","1","대지","0318","0165","그랜드맨션","20260122","10000","48.33","28.000000","-1","","","1992","연립다세대","직거래",""
"2026","11470","양천구","10200","목동","1","대지","0721","0010","현대빌라트","20260122","18000","22.96","15.000000","5","","","2007","연립다세대","중개거래","서울 양천구"
"2026","11470","양천구","10200","목동","1","대지","0951","0000","금호어울림","20260122","148000","120.12","0.000000","4","","","2004","아파트","중개거래","서울 양천구"
"2026","11470","양천구","10200","목동","1","대지","0951","0000","금호어울림","20260122","164000","133.03","0.000000","7","","","2004","아파트","중개거래","서울 양천구"
"2026","11260","중랑구","10100","면목동","1","대지","0370","0011","현우매스티지","20260121","60900","54.48","34.000000","5","","","2021","연립다세대","직거래",""
"2026","11740","강동구","10500","길동","1","대지","0457","0001","강동렘브란트","20260121","10500","15.86","0.000000","6","","","2014","아파트","중개거래","서울 강동구"
"2026","11620","관악구","10100","봉천동","1","대지","1713","0000","낙성대현대홈타운","20260121","111000","84.923","0.000000","8","","","2002","아파트","중개거래","서울 관악구"
"2026","11620","관악구","10100","봉천동","1","대지","0296","0000","낙성대현대(296)","20260121","92500","84.97","0.000000","12","","","1998","아파트","중개거래","서울 관악구"
"2026","11410","서대문구","11100","홍제동","1","대지","0474","0000","홍제역해링턴플레이스","20260121","104000","48.21","0.000000","16","","","2024","아파트","중개거래","서울 서대문구"
"2026","11740","강동구","10900","천호동","1","대지","0056","0013","H펠리체","20260121","30000","35.67","22.000000","5","","","2016","연립다세대","중개거래","서울 강남구"
"2026","11710","송파구","10300","풍납동","","","","","","20260121","218000","482.88","208.000000","","","","1995","단독다가구","중개거래","서울 송파구"
"2026","11560","영등포구","11500","당산동5가","1","대지","0009","0003","당산역해링턴타워","20260121","20000","23.92","33.230000","8","","","2015","오피스텔","중개거래","서울 영등포구"
"2026","11470","양천구","10300","신월동","1","대지","0558","0009","대림타운","20260121","65300","113.4","0.000000","4","","","1997","아파트","중개거래","서울 양천구"
"2026","11440","마포구","11500","상수동","1","대지","0353","0025","그레이25","20260121","20000","18.46","15.000000","6","","","2014","연립다세대","중개거래","서울 마포구"
"2026","11710","송파구","11100","방이동","1","대지","0159","0001","현대빌","20260121","44500","52.8","28.000000","3","","","2017","연립다세대","중개거래","서울 송파구"
"2026","11260","중랑구","10100","면목동","","","","","","20260121","83600","45.12","101.000000","","","","1967","단독다가구","직거래",""
"2026","11500","강서구","10200","등촌동","1","대지","0694","0000","대림","20260121","127000","89.975","0.000000","8","","","1995","아파트","중개거래","서울 강서구"
"2026","11230","동대문구","10300","제기동","","","","","","20260121","119500","124.6","99.000000","","","","1992","단독다가구","중개거래","서울 동대문구, 서울 성동구"
"2026","11680","강남구","11800","도곡동","1","대지","0953","0001","SK허브프리모","20260121","98000","70.31","0.000000","5","","","2006","아파트","중개거래","서울 강남구"
"2026","11680","강남구","10100","역삼동","1","대지","0708","0020","금천빌딩","20260121","22100","29.81","40.540000","7","","","2005","오피스텔","직거래",""
"2026","11380","은평구","10700","응암동","1","대지","0197","0026","광신빌라","20260121","11800","50.97","36.000000","-1","","","1986","연립다세대","중개거래","서울 은평구"
"2026","11710","송파구","10800","문정동","1","대지","0639","0005","힐스테이트에코송파","20260121","16300","21.064","31.380400","9","","","2017","오피스텔","중개거래","서울 송파구"
"2026","11710","송파구","10800","문정동","1","대지","0093","0007","현대아트빌","20260121","60500","56.36","35.000000","6","","","2015","연립다세대","중개거래","서울 송파구"
"2026","11350","노원구","10500","상계동","","","","","","20260121","78000","118.44","99.000000","","","","1982","단독다가구","중개거래","서울 노원구"
"2026","11260","중랑구","10500","망우동","1","대지","0580","0001","금호어울림(580-1)","20260121","59000","59.96","0.000000","3","","","2006","아파트","중개거래","서울 중랑구"
"2026","11260","중랑구","10100","면목동","","","","","","20260121","159250","366.69","244.000000","","","","1971","단독다가구","직거래",""
"2026","11350","노원구","10200","월계동","1","대지","0085","0007","서울원 아이파크","20260121","147400","84.661","0.000000","35","분양권","","0","아파트","중개거래","서울 동대문구"
"2026","11530","구로구","10700","개봉동","1","대지","0417","0017","미건스위트빌(101동)417-17","20260121","10900","22.12","14.000000","4","","","2002","연립다세대","직거래",""
"2026","11470","양천구","10300","신월동","1","대지","1059","0000","상진지오벨리","20260121","64000","84.98","0.000000","7","","","2009","아파트","중개거래","서울 강서구, 서울 양천구"
"2026","11620","관악구","10100","봉천동","1","대지","1718","0000","벽산블루밍","20260121","117500","101.95","0.000000","8","","","2005","아파트","중개거래","서울 관악구"
"2026","11500","강서구","10100","염창동","1","대지","0290","0000","벽산늘푸른","20260121","91000","84.94","0.000000","10","","","1998","아파트","중개거래","서울 강서구"
"2026","11650","서초구","10800","서초동","1","대지","1680","0001","서초 아르누보씨티","20260121","25700","33.33","54.730000","4","","","2010","오피스텔","중개거래","서울 서초구"
"2026","11350","노원구","10500","상계동","1","대지","0691","0000","상계주공7(고층)","20260121","73000","58.01","0.000000","14","","","1988","아파트","중개거래","서울 노원구"
"2026","11380","은평구","10300","불광동","1","대지","0645","0000","불광롯데캐슬","20260121","97000","59.99","0.000000","18","","","2018","아파트","중개거래","서울 은평구"
"2026","11470","양천구","10200","목동","1","대지","0904","0000","목동신시가지4","20260121","160000","47.25","0.000000","12","","","1986","아파트","중개거래","서울 양천구"
"2026","11590","동작구","10200","상도동","1","대지","0211","0472","상도하이츠(가동)","20260121","27800","38.14","29.000000","1","","","1988","연립다세대","중개거래","서울 동작구"
"2026","11650","서초구","10800","서초동","1","대지","1600","0004","서초신성미소시티","20260121","35000","50.86","66.450000","5","","","2005","오피스텔","중개거래","서울 서초구"
"2026","11470","양천구","10200","목동","1","대지","0324","0083","목동팔라이스10","20260121","18000","21.45","13.000000","5","","","2015","연립다세대","중개거래","서울 양천구"
"2026","11650","서초구","10800","서초동","1","대지","1445","0013","서초쌍용플래티넘","20260121","36500","45.84","59.450000","4","","","2006","오피스텔","중개거래","서울 서초구"
"2026","11320","도봉구","10700","창동","1","대지","0601","0102","성우빌라","20260121","14000","41.2","23.000000","4","","","1994","연립다세대","중개거래","서울 도봉구"
"2026","11410","서대문구","11800","홍은동","1","대지","0010","0236","미소지움","20260121","30000","29.94","26.000000","3","","","2019","연립다세대","중개거래","서울 서대문구"
"2026","11320","도봉구","10700","창동","1","대지","0045","0000","삼성래미안","20260121","86500","84.87","0.000000","8","","","1992","아파트","중개거래","서울 도봉구"
"2026","11440","마포구","10400","도화동","1","대지","0550","0000","삼성","20260121","219000","84.985","0.000000","6","","","1997","아파트","중개거래","서울 마포구"
"2026","11350","노원구","10300","공릉동","1","대지","0109","0000","비선아파트","20260121","44700","48.6","0.000000","9","","","1999","아파트","중개거래","서울 노원구"
"2026","11350","노원구","10200","월계동","1","대지","0085","0007","서울원 아이파크","20260121","140390","84.317","0.000000","12","분양권","","0","아파트","중개거래","서울 동대문구"
"2026","11440","마포구","12700","상암동","1","대지","1689","0000","상암월드컵파크6단지","20260121","165000","104.32","0.000000","9","","","2005","아파트","중개거래","서울 마포구"
"2026","11320","도봉구","10700","창동","1","대지","0582","0004","정원베스트빌101동","20260121","32000","54.78","28.000000","6","","","2013","연립다세대","중개거래","서울 강북구"
"2026","11710","송파구","10200","신천동","1","대지","0017","0000","파크리오","20260121","371500","121.63","0.000000","14","","","2008","아파트","중개거래","서울 송파구"
"2026","11320","도봉구","10600","방학동","1","대지","0636","0001","파비엥","20260121","15500","29.91","22.000000","4","","","2019","연립다세대","중개거래","서울 도봉구"
"2026","11530","구로구","10600","고척동","1","대지","0337","0000","한일유앤아이","20260121","56500","59.647","0.000000","7","","","2005","아파트","중개거래","서울 구로구"
"2026","11500","강서구","10300","화곡동","1","대지","0046","0177","하나타운","20260121","15500","37.23","18.000000","3","","","2002","연립다세대","중개거래","서울 강서구"
"2026","11350","노원구","10300","공릉동","1","대지","0217","0023","이화빌라","20260121","10000","38.11","20.000000","-1","","","1992","연립다세대","중개거래","서울 노원구"
"2026","11260","중랑구","10500","망우동","1","대지","0583","0000","중랑숲리가","20260121","71500","84.961","0.000000","12","","","2012","아파트","중개거래","서울 중랑구"
"2026","11500","강서구","10200","등촌동","1","대지","0634","0002","한사랑2삼성","20260121","93000","84.96","0.000000","16","","20260126","1999","아파트","중개거래","서울 강서구"
"2026","11740","강동구","10900","천호동","1","대지","0425","0003","천호역 한강 푸르지오시티","20260121","19900","27.44","39.040000","14","","","2015","오피스텔","중개거래","서울 강동구"
"2026","11710","송파구","10100","잠실동","1","대지","0027","0000","주공아파트 5단지","20260121","457500","82.51","0.000000","3","","","1978","아파트","중개거래","서울 송파구"
"2026","11710","송파구","11200","오금동","1","대지","0157","0014","(157-14)","20260121","35000","57.33","34.000000","5","","","2007","연립다세대","직거래",""
"2026","11590","동작구","10200","상도동","1","대지","0211","0240","인정빌(211-240)","20260121","25000","40.925","35.000000","3","","","2015","연립다세대","중개거래","서울 동작구"
"2026","11200","성동구","11300","옥수동","1","대지","0475","0000","한남 더 리버 오피스텔","20260121","24900","29.54","40.490000","2","","","2004","오피스텔","중개거래","서울 성동구"
"2026","11500","강서구","10100","염창동","1","대지","0298","0000","일신건영휴먼빌","20260121","102500","84.93","0.000000","16","","","2004","아파트","중개거래","서울 강서구"
"2026","11350","노원구","10600","중계동","1","대지","0369","0000","주공2","20260121","36000","44.52","0.000000","14","","","1992","아파트","중개거래","서울 노원구"
"2026","11260","중랑구","10100","면목동","1","대지","0043","0018","탑앤탑뜨란채","20260121","38000","41.7","28.000000","3","","","2017","연립다세대","중개거래","서울 중랑구"
"2026","11260","중랑구","10100","면목동","1","대지","0172","0100","(172-100)","20260121","38000","28.97","16.000000","2","","","2017","연립다세대","중개거래","서울 중랑구"
"2026","11260","중랑구","10200","상봉동","1","대지","0113","0001","포시티","20260121","13300","14.855","0.000000","14","","","2014","아파트","중개거래","서울 중랑구"
"2026","11230","동대문구","10400","전농동","1","대지","0620","0047","청량리역 롯데캐슬 Sky-L65","20260121","28750","24.06","40.678000","38","","","2023","오피스텔","중개거래","서울 동대문구"
"2026","11230","동대문구","10100","신설동","1","대지","0100","0026","포레스트힐시티","20260121","14400","17.96","28.500000","4","","","2018","오피스텔","중개거래","서울 중구"
"2026","11305","강북구","10100","미아동","1","대지","0705","0001","한화포레나미아","20260121","71983","53.985","0.000000","16","분양권","","0","아파트","중개거래","서울 강북구"
"2026","11170","용산구","10700","동자동","1","대지","0056","0000","트윈시티 남산","20260121","32500","27.42","44.140000","11","","","2015","오피스텔","중개거래","서울 용산구"
"2026","11545","금천구","10200","독산동","1","대지","1002","0000","진도1차","20260121","38500","59.94","0.000000","4","","","1996","아파트","중개거래","서울 금천구"
"2026","11350","노원구","10200","월계동","1","대지","0018","0000","한진한화그랑빌","20260121","68200","114.97","0.000000","4","","","2002","아파트","직거래",""
"2026","11530","구로구","10800","오류동","1","대지","0339","0000","동부(105동~106동)","20260121","50500","59.79","0.000000","4","","","1999","아파트","중개거래","서울 구로구"
"2026","11230","동대문구","10100","신설동","1","대지","0097","0008","동광동대문베르빌","20260121","16000","28.31","40.723000","11","","","2004","오피스텔","중개거래","서울 동대문구, 서울 종로구"
"2026","11470","양천구","10300","신월동","1","대지","0492","0024","동양브로미(102동)A","20260121","49000","83.52","0.000000","1","","","2004","아파트","중개거래","서울 양천구"
"2026","11590","동작구","10200","상도동","1","대지","0210","0252","대일빌라(210-252외)","20260121","58000","41.57","24.000000","2","","","2015","연립다세대","중개거래","서울 동작구"
"2026","11590","동작구","10200","상도동","1","대지","0356","0001","명성주택","20260121","29500","26.84","19.000000","4","","","2016","연립다세대","중개거래","서울 동작구"
"2026","11170","용산구","12500","한강로2가","1","대지","0312","0004","대우디오빌한강로오피스텔","20260121","37500","33.95","48.610000","5","","","2004","오피스텔","중개거래","서울 용산구"
"2026","11680","강남구","10100","역삼동","1","대지","0824","0025","대우디오빌플러스","20260121","28500","38.96","48.490000","14","","","2004","오피스텔","중개거래","서울 강남구"
"2026","11470","양천구","10300","신월동","1","대지","1060","0000","동원데자뷰","20260121","76300","84.925","0.000000","12","","","2012","아파트","중개거래","서울 양천구"
"2026","11500","강서구","10200","등촌동","1","대지","0691","0001","동성","20260121","120000","134.94","0.000000","13","","","1995","아파트","중개거래","서울 강서구"
"2026","11500","강서구","10300","화곡동","1","대지","0408","0070","동화골든빌","20260121","17100","29.95","19.000000","2","","","2016","연립다세대","직거래",""
"2026","11440","마포구","10400","도화동","1","대지","0564","0000","마포동원베네스트","20260121","138000","58.65","0.000000","11","","","2010","아파트","중개거래","서울 마포구"
"2026","11710","송파구","10100","잠실동","1","대지","0022","0000","리센츠","20260121","152000","27.68","0.000000","4","","","2008","아파트","중개거래","서울 송파구"
"2026","11350","노원구","10300","공릉동","1","대지","0670","0011","로우폴리스","20260121","15900","35.59","44.870000","6","","","2004","오피스텔","중개거래","서울 노원구"
"2026","11500","강서구","10300","화곡동","1","대지","0105","0095","모전플러스빌A동","20260121","16000","38.05","21.000000","3","","","2002","연립다세대","중개거래","서울 강서구"
"2026","11500","강서구","10500","마곡동","1","대지","0760","0002","마곡나루역캐슬파크","20260121","19000","23.39","31.950000","7","","","2016","오피스텔","중개거래","서울 강서구"
"2026","11260","중랑구","10200","상봉동","1","대지","0083","0001","더샵 퍼스트월드","20260121","158024","98.91","0.000000","39","분양권","","0","아파트","중개거래","서울 동대문구"
"2026","11470","양천구","10200","목동","1","대지","0324","0087","라움리츠빌","20260121","27500","24.85","15.000000","6","","","2017","연립다세대","중개거래","서울 양천구"
"2026","11740","강동구","10900","천호동","1","대지","0414","0000","두산위브센티움","20260121","15900","31.97","0.000000","4","","","2004","아파트","중개거래","서울 강동구"
"2026","11680","강남구","10600","대치동","1","대지","0974","0000","대치현대","20260121","360000","85","0.000000","22","","","1999","아파트","중개거래","서울 강남구"
"2026","11440","마포구","11000","노고산동","1","대지","0106","0005","아이바타워","20260121","12500","17.63","24.080000","9","","","2006","오피스텔","중개거래","서울 마포구"
"2026","11740","강동구","10800","성내동","1","대지","0199","0018","아이퍼스트빌","20260121","14500","22.76","29.570000","4","","","2012","오피스텔","중개거래","서울 강동구"
"2026","11500","강서구","10100","염창동","1","대지","0287","0001","우성2","20260121","102000","84.7","0.000000","7","","","1992","아파트","중개거래","서울 강서구"
"2026","11560","영등포구","12600","양평동2가","1","대지","0001","0001","신동아하이팰리스","20260121","67000","97.11","122.240000","2","","","2005","오피스텔","중개거래","서울 영등포구"
"2026","11560","영등포구","10500","영등포동4가","1","대지","0443","0000","영등포 센트럴 푸르지오 시티","20260121","20700","29.61","41.640000","7","","","2013","오피스텔","직거래",""
"2026","11440","마포구","11000","노고산동","1","대지","0033","0002","신촌더힐하우스","20260121","51000","22.79","14.000000","2","","","2022","연립다세대","중개거래","서울 성동구"
"2026","11470","양천구","10200","목동","1","대지","0740","0004","에이치앤에이치","20260121","27000","33.78","23.000000","3","","","2016","연립다세대","중개거래","서울 양천구"
"2026","11560","영등포구","13200","신길동","1","대지","0261","0022","신길레전드힐스","20260121","9700","13.74","0.000000","7","","","2013","아파트","중개거래","서울 영등포구"
"2026","11545","금천구","10300","시흥동","1","대지","0922","0053","써니빌","20260121","21294","29.99","20.000000","3","","","2020","연립다세대","직거래",""
"2026","11620","관악구","10100","봉천동","1","대지","0875","0010","예성 아이 라이프","20260121","14700","24.66","34.750000","14","","","2003","오피스텔","중개거래","서울 관악구"
"2026","11710","송파구","11200","오금동","1","대지","0147","0001","용진빌라(나동)","20260121","40800","49.68","35.000000","1","","","1988","연립다세대","중개거래","서울 송파구"
"2026","11110","종로구","13400","경운동","1","대지","0089","0004","운현궁 에스케이 허브","20260121","50000","56.03","77.270000","8","","","2005","오피스텔","중개거래","서울 종로구"
"2026","11350","노원구","10500","상계동","1","대지","1255","0000","은빛1단지","20260121","50000","59.95","0.000000","7","","","1998","아파트","중개거래","서울 노원구"
"2026","11110","종로구","13400","경운동","1","대지","0089","0004","운현궁 에스케이 허브","20260121","25000","30.28","41.760000","3","","","2005","오피스텔","중개거래","서울 종로구"
"2026","11560","영등포구","11000","여의도동","1","대지","0013","0000","여의도파라곤","20260121","93000","68.88","99.540000","8","","","2005","오피스텔","중개거래","서울 강남구, 서울 영등포구"
"2026","11305","강북구","10300","수유동","1","대지","0648","0000","수유벽산2차","20260121","65000","84.22","0.000000","5","","","1994","아파트","중개거래","서울 강북구"
"2026","11530","구로구","10200","구로동","1","대지","0026","0000","신도림포스빌","20260121","19500","33.69","70.280000","12","","","2004","오피스텔","직거래",""
"2026","11215","광진구","10500","자양동","1","대지","0195","0008","어반스테이트","20260121","105000","25","24.000000","3","","","2021","연립다세대","중개거래","서울 광진구"
"2026","11740","강동구","10900","천호동","1","대지","0451","0020","오피스텔 트레벨","20260121","15600","31.95","43.540000","11","","","2003","오피스텔","중개거래","서울 강동구"
"2026","11545","금천구","10200","독산동","1","대지","1006","0091","예지다움91차","20260121","30744","46.39","21.000000","7","","","2020","연립다세대","직거래",""
"2026","11260","중랑구","10300","중화동","1","대지","0158","0048","오성빌라(3차)","20260121","45000","53.54","20.000000","2","","","1993","연립다세대","중개거래","서울 중랑구"
"2026","11530","구로구","10200","구로동","1","대지","0042","0000","신도림LG자이","20260120","105000","84.952","0.000000","20","","","2004","아파트","중개거래","서울 영등포구"
"2026","11740","강동구","10900","천호동","1","대지","0163","0034","우정에쉐르(101동)","20260120","53500","59.88","0.000000","6","","","2004","아파트","중개거래","서울 강동구"
"2026","11470","양천구","10200","목동","1","대지","0771","0024","송학빌라","20260120","30000","67.86","47.000000","1","","","1993","연립다세대","중개거래","서울 양천구"
"2026","11620","관악구","10100","봉천동","1","대지","0180","0322","우림빌라5차","20260120","22000","52.02","26.000000","1","","","1993","연립다세대","중개거래","서울 관악구"
"2026","11650","서초구","10700","반포동","1","대지","0718","0013","예원빌라","20260120","66000","29.9","19.000000","4","","","2014","연립다세대","중개거래","서울 서초구"
"2026","11440","마포구","12500","성산동","1","대지","0591","0001","이안상암","20260120","50000","60.62","82.340000","11","","","2005","오피스텔","중개거래","서울 마포구"
"2026","11710","송파구","10800","문정동","1","대지","0620","0000","송파푸르지오시티","20260120","46000","46.55","60.684000","5","","","2013","오피스텔","중개거래","서울 송파구"
"2026","11560","영등포구","13200","신길동","1","대지","4933","0000","우성5","20260120","86000","84.98","0.000000","14","","","1993","아파트","중개거래","서울 영등포구"
"2026","11470","양천구","10300","신월동","1","대지","0470","0011","신영리치빌(470-11)","20260120","18600","26.58","18.000000","6","","","2013","연립다세대","중개거래","서울 양천구"
"2026","11140","중구","16500","황학동","1","대지","0846","0000","신당블루카운티","20260120","33200","44.66","44.660000","3","","","2016","오피스텔","중개거래","서울 중구"
"2026","11560","영등포구","11000","여의도동","1","대지","0013","0000","여의도파라곤","20260120","94000","73.46","106.160000","11","","","2005","오피스텔","중개거래","서울 강남구"
"2026","11470","양천구","10200","목동","1","대지","0324","0097","신한목동펠리스","20260120","35000","24.48","15.000000","6","","","2022","연립다세대","중개거래","서울 양천구"
"2026","11710","송파구","10700","가락동","1","대지","0030","0009","이스트파크","20260120","25800","29.84","19.000000","3","","","2015","연립다세대","중개거래","서울 송파구"
"2026","11410","서대문구","11200","대현동","1","대지","0090","0015","아리움Ⅰ","20260120","16750","13.78","20.260000","7","","","2019","오피스텔","중개거래","서울 서대문구"
"2026","11740","강동구","10800","성내동","1","대지","0387","0000","송림하우스","20260120","30000","46.75","33.000000","5","","","2008","연립다세대","직거래",""
"2026","11560","영등포구","11000","여의도동","1","대지","0013","0000","여의도파라곤","20260120","30500","34.21","49.440000","6","","","2005","오피스텔","중개거래","서울 강남구, 서울 영등포구"
"2026","11470","양천구","10200","목동","1","대지","0905","0033","스카이포레","20260120","12600","18.13","28.294100","5","","","2015","오피스텔","중개거래","서울 양천구"
"2026","11470","양천구","10300","신월동","1","대지","0008","0002","수명산타워빌","20260120","52500","79.81","0.000000","6","","","2003","아파트","중개거래","서울 양천구"
"2026","11350","노원구","10200","월계동","1","대지","0556","0000","주공2","20260120","50800","58.65","0.000000","14","","","1992","아파트","중개거래","서울 노원구"
"2026","11410","서대문구","11000","북아현동","1","대지","1013","0000","이편한세상신촌","20260120","34900","27.42","42.220000","12","","","2018","오피스텔","중개거래","서울 서대문구"
"2026","11560","영등포구","13300","대림동","1","대지","0785","0001","현대1","20260120","73000","84.75","0.000000","3","","","1992","아파트","중개거래","서울 영등포구"
"2026","11500","강서구","10200","등촌동","1","대지","0642","0000","제일(코오롱)","20260120","70800","59.95","0.000000","14","","","1999","아파트","중개거래","서울 강서구"
"2026","11650","서초구","10700","반포동","1","대지","0714","0026","프라임2","20260120","50000","26.35","16.000000","2","","","2011","연립다세대","중개거래","서울 서초구"
"2026","11410","서대문구","11900","북가좌동","1","대지","0481","0000","DMC래미안e편한세상","20260120","159000","120.95","0.000000","5","","","2012","아파트","중개거래","서울 서대문구"
"2026","11620","관악구","10300","남현동","1","대지","1077","0001","한일유앤아이2차","20260120","76000","84.99","0.000000","1","","","2006","아파트","중개거래","서울 동작구"
"2026","11350","노원구","10600","중계동","1","대지","0358","0002","주공4","20260120","64000","59.39","0.000000","8","","","1991","아파트","중개거래","경기 안양시 만안구, 서울 노원구"
"2026","11140","중구","16500","황학동","1","대지","0787","0000","한양I-Class","20260120","12800","16.37","0.000000","16","","","2013","아파트","중개거래","서울 중구"
"2026","11500","강서구","10200","등촌동","1","대지","0695","0000","주공5","20260120","92000","58.14","0.000000","4","","","1995","아파트","중개거래","서울 강서구"
"2026","11530","구로구","10200","구로동","1","대지","0103","0011","한솔로이젠트","20260120","13500","35.7","45.450000","11","","","2006","오피스텔","중개거래","서울 구로구"
"2026","11440","마포구","10100","아현동","1","대지","0282","0003","제스트하우스","20260120","50000","29.97","10.000000","9","","","2019","연립다세대","중개거래","서울 마포구"
"2026","11560","영등포구","10800","영등포동7가","1","대지","0208","0000","포레나 영등포 센트럴","20260120","20000","18.302","33.319900","28","","","2020","오피스텔","중개거래","서울 영등포구"
"2026","11230","동대문구","10900","휘경동","1","대지","0336","0032","캠퍼스드림오피스텔","20260120","20000","16.04","0.000000","12","","","2020","아파트","중개거래","서울 동대문구"
"2026","11320","도봉구","10800","도봉동","1","대지","0596","0009","퍼스트빌","20260120","6500","19.72","26.090000","2","","","2003","오피스텔","중개거래","서울 도봉구"
"2026","11710","송파구","10200","신천동","1","대지","0017","0000","파크리오","20260120","140000","35.24","0.000000","9","","","2008","아파트","중개거래","서울 송파구"
"2026","11530","구로구","10200","구로동","1","대지","0103","0011","한솔로이젠트","20260120","13000","29.4","37.430000","8","","","2006","오피스텔","중개거래","서울 구로구"
"2026","11350","노원구","10500","상계동","1","대지","1322","0000","중계센트럴파크","20260120","76500","59.75","0.000000","4","","","2016","아파트","중개거래","서울 노원구"
"2026","11215","광진구","10100","중곡동","1","대지","0100","0011","플러스빌(100-11)","20260120","18000","29.98","28.000000","1","","","2011","연립다세대","직거래",""
"2026","11170","용산구","11200","원효로1가","1","대지","0028","0010","하람 휴","20260120","34000","29.56","42.740000","10","","","2019","오피스텔","중개거래","서울 용산구"
"2026","11200","성동구","10600","사근동","1","대지","0199","0000","중앙하이츠","20260120","80000","71.85","0.000000","6","","","1989","아파트","중개거래","서울 성동구"
"2026","11320","도봉구","10600","방학동","1","대지","0608","0028","트윈빌리지","20260120","14000","69.93","36.000000","5","","","2002","연립다세대","직거래",""
"2026","11620","관악구","10200","신림동","1","대지","1639","0051","푸리마타운","20260120","18500","34.3","47.980000","6","","20260123","2014","오피스텔","중개거래","서울 강서구"
"2026","11710","송파구","11400","마천동","1","대지","0183","0090","정우빌라","20260120","80000","51.94","29.000000","5","","","2005","연립다세대","중개거래","서울 송파구"
"2026","11620","관악구","10200","신림동","1","대지","1639","0051","푸리마타운","20260120","18500","34.3","47.980000","6","","","2014","오피스텔","중개거래","서울 강서구"
"2026","11620","관악구","10100","봉천동","1","대지","0729","0032","해태보라매타워","20260120","64500","59.94","0.000000","6","","","1996","아파트","중개거래","서울 동작구"
"2026","11620","관악구","10100","봉천동","1","대지","0893","0001","프라비다M","20260120","16000","15.66","0.000000","10","","","2014","아파트","중개거래","서울 관악구"
"2026","11305","강북구","10200","번동","1","대지","0242","0000","주공1단지","20260120","55000","49.94","0.000000","1","","","1991","아파트","중개거래","서울 강북구"
"2026","11290","성북구","13600","하월곡동","1","대지","0052","0005","조은빌(A동)","20260120","26500","38.83","26.000000","3","","","2014","연립다세대","중개거래","서울 성북구"
"2026","11350","노원구","10300","공릉동","1","대지","0758","0000","태릉해링턴플레이스","20260120","119500","84.98","0.000000","12","","","2022","아파트","중개거래","서울 노원구"
"2026","11530","구로구","10200","구로동","1","대지","0830","0000","한영캐슬시티","20260120","11500","17.63","26.320000","5","","","null","오피스텔","중개거래","서울 구로구"
"2026","11440","마포구","10200","공덕동","1","대지","0475","0000","공덕푸르지오시티","20260120","27500","32.071","41.064000","19","","","2013","오피스텔","중개거래","서울 마포구"
"2026","11410","서대문구","12000","남가좌동","1","대지","0385","0000","DMC파크뷰자이1단지","20260120","152000","84.968","0.000000","9","","","2015","아파트","중개거래","서울 서대문구"
"2026","11110","종로구","17500","숭인동","1","대지","0298","0009","INSPIRE [케이디종합건설 (주)]","20260120","11400","14.5","25.950000","11","","","null","오피스텔","중개거래","서울 중구"
"2026","11710","송파구","10400","송파동","1","대지","0170","0000","SK","20260120","147000","83.8","0.000000","5","","","2001","아파트","중개거래","서울 송파구"
"2026","11380","은평구","10200","녹번동","1","대지","0280","0001","녹번JR아파트","20260120","64700","59.866","0.000000","4","","","2002","아파트","중개거래","서울 은평구"
"2026","11620","관악구","10100","봉천동","1","대지","1728","0000","관악파크푸르지오","20260120","98000","84.99","0.000000","8","","","2014","아파트","중개거래","서울 관악구"
"2026","11710","송파구","10700","가락동","1","대지","0166","0015","대련","20260120","38000","40.97","0.000000","5","","","2001","아파트","중개거래","서울 송파구"
"2026","11740","강동구","10200","고덕동","","","","","","20260120","310000","245.52","192.000000","","","","1987","단독다가구","중개거래","서울 강동구"
"2026","11530","구로구","10200","구로동","1","대지","0685","0070","현대연예인","20260120","49000","54.86","0.000000","1","","","1989","아파트","중개거래","서울 구로구"
"2026","11560","영등포구","12700","양평동3가","1","대지","0090","0001","거성파스텔","20260120","136000","84.99","0.000000","11","","","1999","아파트","중개거래","서울 영등포구"
"2026","11470","양천구","10100","신정동","1","대지","1198","0023","대성유니드1차","20260120","58500","59.87","0.000000","5","","","2004","아파트","중개거래","서울 양천구"
"2026","11305","강북구","10300","수유동","1","대지","0230","0007","효성 인텔리안 오피스텔","20260120","12250","30.49","46.743000","15","","","2005","오피스텔","중개거래","서울 강북구"
"2026","11620","관악구","10100","봉천동","1","대지","1522","0031","금강아미움(106동)","20260120","84000","71.345","0.000000","5","","","2010","아파트","중개거래","서울 관악구"
"2026","11350","노원구","10200","월계동","1","대지","0949","0000","꿈의숲SKVIEW","20260120","86000","59.92","0.000000","8","","","2016","아파트","중개거래","서울 노원구"
"2026","11470","양천구","10300","신월동","1","대지","0341","0001","길훈","20260120","28900","42.57","0.000000","2","","","1987","아파트","중개거래","서울 양천구"
"2026","11500","강서구","10100","염창동","1","대지","0262","0002","대림","20260120","104000","84.87","0.000000","8","","","1999","아파트","중개거래","서울 강서구"
"2026","11530","구로구","10600","고척동","1","대지","0339","0000","고척파크푸르지오","20260120","92500","59.89","0.000000","3","","","2009","아파트","중개거래","서울 구로구"
"2026","11380","은평구","10200","녹번동","1","대지","0282","0000","힐스테이트녹번","20260120","121700","84.898","0.000000","1","","","2019","아파트","중개거래","서울 서대문구, 서울 은평구"
"2026","11230","동대문구","10900","휘경동","1","대지","0365","0000","휘경동일하이빌","20260120","80500","84.997","0.000000","15","","","2005","아파트","중개거래","서울 동대문구"
"2026","11740","강동구","11000","강일동","1","대지","0677","0000","강일 포디움","20260120","11800","22.265","34.055100","10","","","2016","오피스텔","중개거래","서울 강동구"
"2026","11305","강북구","10300","수유동","1","대지","0553","0061","극동","20260120","52000","84.99","0.000000","12","","","1992","아파트","중개거래","서울 강북구"
"2026","11470","양천구","10200","목동","1","대지","0324","0080","그랜드빌","20260120","28000","28.54","17.000000","3","","","2016","연립다세대","중개거래","서울 양천구"
"2026","11305","강북구","10300","수유동","1","대지","0732","0000","형인휴아름","20260120","58800","83.04","0.000000","6","","","2013","아파트","중개거래","서울 강북구, 서울 성북구"
"2026","11410","서대문구","12000","남가좌동","1","대지","0385","0000","DMC파크뷰자이1단지","20260120","150000","84.968","0.000000","2","","","2015","아파트","중개거래","서울 서대문구"
"2026","11740","강동구","10900","천호동","1","대지","0155","0005","강동역두산위브센티움","20260120","16000","31.43","31.430000","7","","","2004","오피스텔","중개거래","서울 강동구, 서울 송파구"
"2026","11410","서대문구","12000","남가좌동","1","대지","0376","0000","남가좌동현대","20260120","107500","84.78","0.000000","20","","","1999","아파트","중개거래","서울 서대문구"
"2026","11680","강남구","10300","개포동","1","대지","1169","0007","녹경빌리지B동","20260120","48000","41.72","19.000000","2","","","1995","연립다세대","중개거래","서울 강남구"
"2026","11620","관악구","10200","신림동","1","대지","0712","0016","미솜빌B동","20260120","31000","56.24","35.000000","2","","","2014","연립다세대","중개거래","서울 관악구"
"2026","11350","노원구","10200","월계동","1","대지","0085","0007","서울원 아이파크","20260120","162740","105.541","0.000000","15","분양권","","0","아파트","중개거래","서울 노원구"
"2026","11560","영등포구","12100","문래동3가","1","대지","0055","0004","문래동메가트리움","20260120","107000","99.44","125.930000","3","","","null","오피스텔","중개거래","서울 영등포구"
"2026","11350","노원구","10600","중계동","1","대지","0505","0000","상아","20260120","72700","72.73","0.000000","15","","","1989","아파트","중개거래","서울 노원구"
"2026","11560","영등포구","12100","문래동3가","1","대지","0055","0004","문래동메가트리움","20260120","105500","99.53","126.040000","6","","","null","오피스텔","중개거래","서울 영등포구"
"2026","11350","노원구","10500","상계동","1","대지","0691","0000","상계주공7(고층)","20260120","69000","59.39","0.000000","7","","","1988","아파트","중개거래","서울 노원구"
"2026","11410","서대문구","10100","충정로2가","1","대지","0192","0000","서대문 디오빌 오피스텔","20260120","17000","25.35","34.650000","11","","","2009","오피스텔","직거래",""
"2026","11260","중랑구","10600","신내동","1","대지","0795","0000","새한","20260120","50700","59.77","0.000000","13","","","1998","아파트","중개거래","서울 중랑구"
"2026","11650","서초구","10800","서초동","1","대지","1480","0005","서초클래스","20260120","68000","46.27","28.000000","4","","","2018","연립다세대","중개거래","서울 서초구"
"2026","11680","강남구","10500","삼성동","1","대지","0016","0002","삼성동힐스테이트 1단지","20260120","159000","31.402","0.000000","3","","","2008","아파트","중개거래","서울 강남구"
"2026","11140","중구","11300","북창동","1","대지","0111","0001","브릴란테 덕수궁","20260120","45000","27.8","38.936000","7","","","2024","오피스텔","중개거래","경기 안양시 동안구, 서울 서초구"
"2026","11200","성동구","12200","용답동","1","대지","0011","0001","블루미어5차","20260120","30500","24.84","14.000000","2","","","2023","연립다세대","중개거래","서울 영등포구"
"2026","11545","금천구","10300","시흥동","1","대지","0109","0001","무지개","20260120","46700","53.75","0.000000","9","","","1980","아파트","중개거래","서울 금천구"
"2026","11350","노원구","10200","월계동","1","대지","0085","0007","서울원 아이파크","20260120","152115","91.77","0.000000","29","분양권","","0","아파트","직거래",""
"2026","11350","노원구","10200","월계동","1","대지","0085","0007","서울원 아이파크","20260120","196597","120.646","0.000000","44","분양권","","0","아파트","중개거래","서울 노원구, 서울 성북구"
"2026","11620","관악구","10200","신림동","1","대지","0010","0622","성우","20260120","66000","59.97","0.000000","10","","","1998","아파트","중개거래","서울 관악구"
"2026","11530","구로구","10600","고척동","1","대지","0097","0003","삼명","20260120","29500","43.74","0.000000","4","","","1977","아파트","중개거래","서울 구로구"
"2026","11410","서대문구","11900","북가좌동","1","대지","0449","0000","북가좌삼호","20260120","84000","75.75","0.000000","4","","","1996","아파트","중개거래","서울 서대문구"
"2026","11620","관악구","10200","신림동","1","대지","0646","0204","미성빌라트","20260120","29000","76.24","17.000000","-1","","20260123","2001","연립다세대","중개거래","서울 관악구"
"2026","11500","강서구","10100","염창동","1","대지","0292","0000","동아","20260120","124000","114.84","0.000000","5","","","1998","아파트","중개거래","서울 강서구"
"2026","11380","은평구","10800","역촌동","1","대지","0035","0001","더클래스","20260120","23800","28.28","19.000000","5","","","2020","연립다세대","중개거래","서울 은평구"
"2026","11440","마포구","10900","염리동","1","대지","0532","0000","마포프레스티지자이","20260120","240000","59.877","0.000000","11","","","2021","아파트","중개거래","서울 마포구"
"2026","11440","마포구","10800","대흥동","1","대지","0338","0001","마포나루타운","20260120","63000","55.7","114.000000","4","","","2017","연립다세대","중개거래","서울 마포구"
"2026","11320","도봉구","10500","쌍문동","1","대지","0425","0003","루미에르","20260120","23800","29.95","18.000000","3","","","2018","연립다세대","중개거래","서울 강북구"
"2026","11470","양천구","10100","신정동","1","대지","0324","0000","목동2차아크로텔","20260120","91000","92.51","118.750000","10","","","2004","오피스텔","중개거래","서울 양천구"
"2026","11215","광진구","10500","자양동","1","대지","0646","0038","동영빌리지","20260120","35200","45.75","27.000000","1","","","2001","연립다세대","직거래",""
"2026","11470","양천구","10200","목동","1","대지","0318","0039","목동비바체(318-39)","20260120","24000","34.28","26.000000","4","","","2014","연립다세대","중개거래","서울 양천구"
"2026","11590","동작구","10300","상도1동","1","대지","0315","0005","대영아트빌","20260120","29800","40.37","22.000000","2","","","2001","연립다세대","중개거래","서울 동작구"
"2026","11110","종로구","17400","창신동","1","대지","0232","0000","두산","20260120","110000","84.9","0.000000","18","","","1999","아파트","중개거래","서울 종로구"
"2026","11260","중랑구","10200","상봉동","1","대지","0083","0001","더샵 퍼스트월드","20260120","156524","98.91","0.000000","32","분양권","","0","아파트","중개거래","서울 중랑구"
"2026","11500","강서구","10500","마곡동","1","대지","0760","0002","마곡나루역캐슬파크","20260120","23500","26.22","35.780000","6","","","2016","오피스텔","중개거래","서울 강서구"
"2026","11470","양천구","10200","목동","1","대지","0763","0001","목동성원","20260120","107200","59.85","0.000000","4","","","2000","아파트","중개거래","서울 양천구"
"2026","11470","양천구","10300","신월동","1","대지","1057","0000","롯데캐슬(1057-0)","20260120","77400","70.91","0.000000","4","","","2010","아파트","중개거래","서울 양천구"
"2026","11470","양천구","10200","목동","1","대지","0901","0000","목동신시가지1","20260120","220000","65.34","0.000000","1","","","1985","아파트","중개거래","서울 양천구"
"2026","11470","양천구","10300","신월동","1","대지","1075","0000","목동센트럴아이파크위브1단지","20260120","126300","84.98","0.000000","5","","","2020","아파트","중개거래","서울 양천구"
"2026","11500","강서구","10200","등촌동","1","대지","0715","0000","등촌동아이파크","20260120","119000","84.995","0.000000","7","","","2004","아파트","중개거래","서울 강서구"
"2026","11560","영등포구","12800","양평동4가","1","대지","0281","0000","르네상스 한강 오피스텔","20260120","42500","37.66","51.040000","12","","","2004","오피스텔","중개거래","서울 영등포구"
"2026","11500","강서구","10200","등촌동","1","대지","0715","0000","등촌동아이파크","20260120","120000","84.995","0.000000","16","","","2004","아파트","직거래",""
"2026","11230","동대문구","10500","답십리동","1","대지","0042","0000","동답한신","20260120","48300","44.35","0.000000","2","","","1992","아파트","중개거래","서울 성동구"
"2026","11140","중구","14500","광희동1가","1","대지","0145","0002","동대문D플레이스","20260120","31500","24.34","34.904000","6","","","2022","오피스텔","중개거래","서울 중구"
"2026","11470","양천구","10300","신월동","1","대지","0607","0001","동방","20260120","14800","27.69","0.000000","9","","","1999","아파트","중개거래","서울 양천구"
"2026","11440","마포구","10500","용강동","1","대지","0380","0000","마포용강삼성래미안","20260120","180000","59.98","0.000000","13","","","2003","아파트","중개거래","서울 마포구"
"2026","11380","은평구","10500","구산동","1","대지","0147","0004","대청쉐르빌(147-4)","20260120","17700","29.84","21.000000","3","","","2015","연립다세대","중개거래","서울 은평구"
"2026","11530","구로구","10100","신도림동","1","대지","0644","0000","동아2","20260120","125000","59.595","0.000000","10","","","2000","아파트","중개거래","서울 구로구"
"2026","11710","송파구","11100","방이동","1","대지","0022","0000","대우유토피아오피스텔","20260120","16500","26.22","39.250000","11","","","1999","오피스텔","중개거래","서울 송파구"
"2026","11470","양천구","10300","신월동","1","대지","0481","0009","대신","20260119","34000","71.28","0.000000","6","","","2003","아파트","중개거래","서울 양천구"
"2026","11320","도봉구","10700","창동","1","대지","0749","0015","라르플레이스2단지","20260119","18700","29.16","36.980000","11","","","2019","오피스텔","중개거래","서울 도봉구"
"2026","11305","강북구","10100","미아동","1","대지","0811","0000","두산위브트레지움","20260119","86000","84.99","0.000000","16","","","2011","아파트","중개거래","서울 강북구, 서울 광진구"
"2026","11200","성동구","11800","송정동","1","대지","0066","0051","라피네","20260119","25000","31.4","19.000000","3","","","2015","연립다세대","직거래",""
"2026","11440","마포구","12200","합정동","1","대지","0389","0024","대운쉐르빌2차","20260119","65000","69.46","32.000000","2","","","2002","연립다세대","중개거래","서울 마포구"
"2026","11350","노원구","10200","월계동","1","대지","0436","0000","동신","20260119","77000","71.83","0.000000","6","","","1983","아파트","중개거래","서울 노원구"
"2026","11260","중랑구","10100","면목동","1","대지","0581","0000","대원칸타빌","20260119","82500","105.903","0.000000","7","","","2003","아파트","중개거래","서울 중랑구"
"2026","11560","영등포구","11000","여의도동","1","대지","0013","0021","맨하탄21리빙텔","20260119","18500","39.15","39.150000","5","","","2001","오피스텔","중개거래","서울 영등포구"
"2026","11545","금천구","10100","가산동","1","대지","0139","0003","램킨푸르지오시티","20260119","12100","19.96","28.594500","13","","","2013","오피스텔","중개거래","서울 금천구"
"2026","11320","도봉구","10600","방학동","1","대지","0623","0009","로얄빌리지","20260119","13400","42.73","17.000000","4","","","2011","연립다세대","중개거래","서울 강북구"
"2026","11260","중랑구","10200","상봉동","1","대지","0083","0001","더샵 퍼스트월드","20260119","136658","84.946","0.000000","33","분양권","","0","아파트","중개거래","서울 동대문구"
"2026","11320","도봉구","10800","도봉동","1","대지","0062","0001","도봉 엠블렘","20260119","10000","18.961","20.710000","3","","","2018","오피스텔","중개거래","서울 도봉구"
"2026","11680","강남구","11800","도곡동","1","대지","0467","0019","현대비젼21","20260119","38000","32.65","0.000000","15","","","1999","아파트","중개거래","서울 강남구"
"2026","11620","관악구","10100","봉천동","","","","","","20260119","258000","640.65","210.000000","","","","2016","단독다가구","중개거래","서울 관악구"
"2026","11560","영등포구","11500","당산동5가","1","대지","0043","0000","당산센트럴아이파크","20260119","240000","84.98","0.000000","15","","","2020","아파트","중개거래","서울 영등포구"
"2026","11110","종로구","11800","내수동","1","대지","0071","0000","경희궁의 아침 2단지","20260119","27500","32.43","42.410000","2","","","2004","오피스텔","중개거래","서울 종로구"
"2026","11740","강동구","10500","길동","1","대지","0400","0000","길동우성","20260119","65000","40.36","0.000000","4","","","1994","아파트","중개거래","서울 강동구"
"2026","11500","강서구","10300","화곡동","1","대지","0029","0020","화성그랜드빌라","20260119","20000","57.93","30.000000","3","","","1997","연립다세대","직거래",""
"2026","11215","광진구","10700","화양동","1","대지","0113","0001","광진코지웰","20260119","15000","15.63","0.000000","6","","","2014","아파트","중개거래","서울 광진구"
"2026","11290","성북구","13300","정릉동","1","대지","0266","0078","현대빌라(266-78)","20260119","36000","76.32","47.000000","2","","","1998","연립다세대","중개거래","서울 성북구"
"2026","11620","관악구","10100","봉천동","1","대지","1712","0000","관악드림(동아)","20260119","120000","114.75","0.000000","21","","","2003","아파트","중개거래","서울 관악구"
"2026","11710","송파구","10700","가락동","1","대지","0070","0019","대림","20260119","131000","59.24","0.000000","10","","","1988","아파트","중개거래","서울 송파구"
"2026","11560","영등포구","13200","신길동","","","","","","20260119","68400","170.76","126.000000","","","","1993","단독다가구","직거래",""
"2026","11545","금천구","10300","시흥동","1","대지","1013","0000","관악산벽산타운5","20260119","66000","114.84","0.000000","7","","","2004","아파트","중개거래","서울 금천구"
"2026","11440","마포구","12400","연남동","1","대지","0478","0003","금강블루","20260119","52000","59.51","50.000000","4","","20260122","2019","연립다세대","직거래",""
"2026","11470","양천구","10200","목동","1","대지","0721","0012","다원샤인빌","20260119","18000","29.03","22.000000","4","","","2007","연립다세대","중개거래","경기 광명시"
"2026","11230","동대문구","11000","이문동","1","대지","0225","0000","대림e-편한세상","20260119","113500","114.937","0.000000","16","","","2003","아파트","중개거래","서울 동대문구"
"2026","11680","강남구","10100","역삼동","1","대지","0824","0049","강남역투웨니퍼스트102동","20260119","24200","17.34","27.980000","7","","","2019","오피스텔","중개거래","서울 강남구"
"2026","11380","은평구","10300","불광동","1","대지","0445","0076","힐탑하이츠빌라","20260119","15000","36.12","30.000000","-1","","","1991","연립다세대","중개거래","서울 은평구"
"2026","11290","성북구","13600","하월곡동","1","대지","0090","0861","대림주택A동","20260119","26000","60.83","43.000000","1","","","1998","연립다세대","중개거래","서울 성북구"
"2026","11530","구로구","10700","개봉동","1","대지","0480","0000","현대홈타운","20260119","79500","84.915","0.000000","3","","","2001","아파트","중개거래","서울 구로구"
"2026","11305","강북구","10300","수유동","","","","","","20260119","54000","203.87","102.000000","","","","2016","단독다가구","직거래",""
"2026","11260","중랑구","10200","상봉동","1","대지","0108","0003","대성타워","20260119","19400","22.14","31.594000","9","","","2019","오피스텔","중개거래","서울 용산구, 서울 중랑구"
"2026","11380","은평구","10900","신사동","1","대지","0030","0026","거산넥스빌(30-26)","20260119","24500","59.84","28.000000","3","","","2002","연립다세대","중개거래","서울 은평구"
"2026","11710","송파구","10100","잠실동","1","대지","0040","0000","갤러리아팰리스","20260119","86000","54.386","54.386000","14","","","2005","오피스텔","중개거래","서울 송파구"
"2026","11380","은평구","10300","불광동","1","대지","0163","0022","현대아트빌","20260119","33000","50.58","27.000000","3","","","2010","연립다세대","직거래",""
"2026","11680","강남구","10300","개포동","1","대지","0187","0000","개포주공5단지","20260119","199150","53.98","0.000000","7","","","1983","아파트","직거래",""
"2026","11680","강남구","10300","개포동","1","대지","1282","0000","개포래미안포레스트","20260119","360000","84.83","0.000000","6","","","2020","아파트","중개거래","서울 강남구"
"2026","11110","종로구","10700","적선동","1","대지","0156","0000","광화문 플래티넘","20260119","35000","45.36","65.237000","6","","","2003","오피스텔","중개거래","서울 종로구"
"2026","11260","중랑구","10500","망우동","1","대지","0580","0000","금호어울림(580)","20260119","64300","84.94","0.000000","3","","","2006","아파트","중개거래","서울 중랑구"
"2026","11350","노원구","10500","상계동","1","대지","1355","0000","노원센트럴푸르지오","20260119","87000","59.996","0.000000","5","","","2021","아파트","중개거래","서울 노원구"
"2026","11620","관악구","10100","봉천동","1","대지","1717","0000","관악푸르지오","20260119","115000","84.75","0.000000","15","","","2004","아파트","중개거래","서울 관악구"
"2026","11545","금천구","10100","가산동","1","대지","0776","0000","가산대명벨리온","20260119","10900","16.61","25.800000","10","","","2017","오피스텔","중개거래","서울 금천구"
"2026","11545","금천구","10100","가산동","1","대지","0776","0000","가산대명벨리온","20260119","10900","16.61","25.800000","11","","","2017","오피스텔","중개거래","서울 금천구"
"2026","11545","금천구","10100","가산동","1","대지","0776","0000","가산대명벨리온","20260119","10900","16.61","25.800000","10","","","2017","오피스텔","중개거래","서울 금천구"
"2026","11545","금천구","10100","가산동","1","대지","0776","0000","가산대명벨리온","20260119","10900","16.61","25.800000","10","","","2017","오피스텔","중개거래","서울 금천구"
"2026","11545","금천구","10100","가산동","1","대지","0776","0000","가산대명벨리온","20260119","10800","16.61","25.800000","6","","","2017","오피스텔","중개거래","서울 금천구"
"2026","11545","금천구","10100","가산동","1","대지","0776","0000","가산대명벨리온","20260119","10900","16.61","25.800000","7","","","2017","오피스텔","중개거래","서울 금천구"
"2026","11545","금천구","10100","가산동","1","대지","0776","0000","가산대명벨리온","20260119","10800","16.61","25.800000","6","","","2017","오피스텔","중개거래","서울 금천구"
"2026","11560","영등포구","13300","대림동","1","대지","1101","0007","G밸리소홈","20260119","13000","20.21","30.738900","4","","","2018","오피스텔","중개거래","서울 영등포구"
"2026","11680","강남구","11400","일원동","1","대지","0665","0000","궁전하우스","20260119","74000","25.16","23.000000","4","","","2023","연립다세대","중개거래","서울 강남구"
"2026","11470","양천구","10200","목동","1","대지","0324","0080","그랜드빌","20260119","30000","29.3","18.000000","6","","","2016","연립다세대","중개거래","서울 양천구"
"2026","11560","영등포구","10900","영등포동8가","1","대지","0091","0000","당산푸르지오","20260119","152000","84.98","0.000000","1","","","2004","아파트","중개거래","서울 영등포구"
"2026","11710","송파구","10800","문정동","1","대지","0073","0005","유진빌리지","20260119","34200","34.58","24.000000","2","","","2016","연립다세대","중개거래","서울 송파구"
"2026","11260","중랑구","10400","묵동","1","대지","0013","0000","신내","20260119","55500","59.76","0.000000","8","","","1996","아파트","중개거래","서울 중랑구"
"2026","11710","송파구","11300","거여동","1","대지","0654","0000","송파위례리슈빌","20260119","227000","111.535","0.000000","3","","","2021","아파트","중개거래","서울 송파구"
"2026","11290","성북구","13900","석관동","1","대지","0168","0075","예건A동","20260119","24000","53.59","25.000000","5","","","2003","연립다세대","직거래",""
"2026","11260","중랑구","10400","묵동","1","대지","0013","0000","신내","20260119","49000","49.77","0.000000","7","","","1996","아파트","중개거래","서울 중랑구"
"2026","11680","강남구","10100","역삼동","1","대지","0774","0040","역삼더하임","20260119","55000","27.77","18.000000","6","","","2020","연립다세대","중개거래","서울 강남구"
"2026","11230","동대문구","10300","제기동","1","대지","0252","0000","이수브라운스톤","20260119","91500","84.51","0.000000","14","","","2005","아파트","중개거래","서울 동대문구"
"2026","11500","강서구","10200","등촌동","1","대지","0649","0014","우림보보카운티뷰","20260119","14500","27.36","37.020000","14","","","2004","오피스텔","중개거래","서울 강서구"
"2026","11110","종로구","11800","내수동","1","대지","0075","0000","용비어천가","20260119","28500","37.56","47.570000","3","","","2004","오피스텔","중개거래","서울 종로구"
"2026","11740","강동구","10800","성내동","1","대지","0386","0006","우성(102동)","20260119","69000","81.32","0.000000","2","","","2004","아파트","중개거래","서울 강동구"
"2026","11440","마포구","10800","대흥동","1","대지","0012","0027","이대역 푸르지오 시티","20260119","25500","28.8","39.600000","5","","","2013","오피스텔","중개거래","서울 마포구"
"2026","11320","도봉구","10600","방학동","1","대지","0732","0000","신동아아파트4","20260119","49000","84.9","0.000000","6","","","1995","아파트","중개거래","서울 도봉구"
"2026","11215","광진구","10300","구의동","1","대지","0068","0030","솔리드하우스(구의)","20260119","37500","28.61","14.000000","8","","","2023","연립다세대","중개거래","서울 중랑구"
"2026","11560","영등포구","12700","양평동3가","1","대지","0034","0000","양평역 대우미래사랑","20260119","52000","60.84","74.460000","9","","","2004","오피스텔","중개거래","서울 영등포구"
"2026","11500","강서구","10200","등촌동","1","대지","0649","0014","우림보보카운티뷰","20260119","14200","27.36","37.020000","9","","","2004","오피스텔","중개거래","서울 강서구"
"2026","11530","구로구","10200","구로동","1","대지","0097","0002","순영웰라이빌2차","20260119","48600","64.45","0.000000","16","","","2005","아파트","중개거래","서울 구로구"
"2026","11710","송파구","10400","송파동","1","대지","0098","0020","욱빈ID힐타움","20260119","56000","50.32","27.000000","2","","","2015","연립다세대","중개거래","서울 송파구"
"2026","11545","금천구","10300","시흥동","1","대지","1011","0000","우방","20260119","63000","84.84","0.000000","13","","","2002","아파트","중개거래","서울 금천구"
"2026","11320","도봉구","10700","창동","1","대지","0731","0121","엘리시안","20260119","22000","29.59","12.000000","5","","","2020","연립다세대","직거래",""
"2026","11530","구로구","10700","개봉동","1","대지","0347","0012","영진빌라(나)(347-12)","20260119","27000","59.44","37.000000","3","","","1996","연립다세대","중개거래","서울 구로구"
"2026","11350","노원구","10200","월계동","1","대지","0939","0000","월계흥화브라운빌","20260119","63000","84.91","0.000000","1","","","2004","아파트","중개거래","서울 노원구"
"2026","11320","도봉구","10700","창동","1","대지","0007","0000","월가타워","20260119","8050","13.62","0.000000","9","","","2013","아파트","중개거래","서울 도봉구"
"2026","11500","강서구","10300","화곡동","1","대지","1155","0000","탑건진선미","20260119","62400","69.33","0.000000","5","","","2005","아파트","중개거래","서울 강서구"
"2026","11740","강동구","10500","길동","1","대지","0415","0011","한솔브리즈","20260119","67000","84.89","0.000000","10","","","2004","아파트","중개거래","서울 강동구"
"2026","11305","강북구","10300","수유동","1","대지","0178","0032","청솔하이빌(178-33)","20260119","27000","49.94","29.000000","3","","","2011","연립다세대","중개거래","서울 강북구, 서울 도봉구"
"2026","11320","도봉구","10600","방학동","1","대지","0712","0009","청아하이츠빌라A동","20260119","14000","43.1","18.000000","1","","","1992","연립다세대","중개거래","서울 도봉구"
"2026","11350","노원구","10500","상계동","1","대지","1276","0000","청암2단지","20260119","43400","49.77","0.000000","17","","","2001","아파트","중개거래","서울 노원구"
"2026","11230","동대문구","10900","휘경동","1","대지","0336","0032","캠퍼스드림오피스텔","20260119","20600","16.04","0.000000","15","","","2020","아파트","중개거래","서울 동대문구"
"2026","11230","동대문구","10500","답십리동","1","대지","0999","0000","청계벽산메가트리움","20260119","17800","34.41","50.580000","8","","","2006","오피스텔","중개거래","서울 동대문구"
"2026","11230","동대문구","10500","답십리동","1","대지","0497","0023","청계 푸르지오시티","20260119","14900","23.85","31.560000","5","","","2015","오피스텔","중개거래","서울 동대문구"
"2026","11350","노원구","10600","중계동","1","대지","0359","0001","주공5","20260119","47000","44.94","0.000000","15","","","1992","아파트","중개거래","서울 노원구"
"2026","11680","강남구","10100","역삼동","1","대지","0605","0017","태건 강남 헤븐리치 더써밋 761","20260119","19500","14.77","23.100000","15","","","2021","오피스텔","중개거래","서울 강남구"
"2026","11740","강동구","10700","암사동","1","대지","0479","0013","제이빌더스","20260119","28600","25.49","14.000000","2","","","2016","연립다세대","중개거래","서울 강동구"
"2026","11590","동작구","10100","노량진동","1","대지","0218","0075","정원스테이","20260119","39500","26.98","18.000000","5","","","2023","연립다세대","직거래",""
"2026","11350","노원구","10400","하계동","1","대지","0067","0022","한화그린빌A동","20260119","21000","59.75","27.000000","2","","","2004","연립다세대","중개거래","서울 중랑구"
"2026","11650","서초구","10200","양재동","1","대지","0275","0003","트윈타워","20260119","14500","24.07","24.070000","9","","","1991","오피스텔","중개거래","서울 서초구"
"2026","11170","용산구","10200","용산동2가","1","대지","0042","0007","한진빌라","20260119","66000","37.485","21.000000","2","","","1990","연립다세대","중개거래","서울 강남구"
"2026","11710","송파구","10200","신천동","1","대지","0017","0000","파크리오","20260119","305000","84.9","0.000000","33","","","2008","아파트","중개거래","서울 송파구, 서울 영등포구"
"2026","11710","송파구","10400","송파동","1","대지","0167","0001","한영해시안아파트","20260119","104000","63.81","0.000000","10","","","2019","아파트","중개거래","서울 송파구"
"2026","11230","동대문구","10600","장안동","1","대지","0336","0000","장안현대홈타운(336)","20260119","105000","59.61","0.000000","13","","","2003","아파트","중개거래","서울 동대문구, 서울 성동구"
"2026","11500","강서구","10900","방화동","1","대지","0841","0000","장미","20260119","53000","49.2","0.000000","5","","","1994","아파트","중개거래","서울 강서구"
"2026","11380","은평구","11000","증산동","1","대지","0175","0016","포레스트","20260119","48500","43.29","25.000000","3","","","2017","연립다세대","중개거래","서울 은평구"
"2026","11710","송파구","11100","방이동","1","대지","0047","0000","잠실헤리츠","20260119","22500","20.97","32.957900","15","","","2017","오피스텔","중개거래","서울 송파구"
"2026","11710","송파구","10100","잠실동","1","대지","0019","0000","잠실엘스","20260119","349000","84.8","0.000000","17","","","2008","아파트","중개거래","서울 송파구"
"2026","11350","노원구","10600","중계동","1","대지","0168","0011","한신월드타운(168-11)","20260119","30800","67.33","39.000000","2","","","2011","연립다세대","중개거래","경북 칠곡군, 서울 노원구"
"2026","11230","동대문구","10300","제기동","1","대지","1212","0000","한신아파트","20260119","99500","84.76","0.000000","1","","","2004","아파트","중개거래","서울 동대문구"
"2026","11620","관악구","10100","봉천동","1","대지","0861","0007","CO-OP RESIDENCE/서울대입구","20260119","11500","17.72","25.320000","13","","","2005","오피스텔","중개거래","서울 관악구"
"2026","11530","구로구","10700","개봉동","1","대지","0476","0000","한마을","20260119","103000","149.97","0.000000","4","","","1999","아파트","중개거래","서울 구로구"
"2026","11620","관악구","10100","봉천동","1","대지","0041","0015","비건하우스2","20260119","27000","29.95","20.000000","2","","","2017","연립다세대","중개거래","서울 강남구"
"2026","11620","관악구","10100","봉천동","1","대지","0041","0015","비건하우스2","20260119","27000","28.56","19.000000","4","","","2017","연립다세대","중개거래","서울 강남구"
"2026","11620","관악구","10100","봉천동","1","대지","0041","0015","비건하우스2","20260119","27000","28.56","19.000000","3","","","2017","연립다세대","중개거래","서울 강남구"
"2026","11350","노원구","10500","상계동","1","대지","0720","0000","상계주공6(고층)","20260119","52700","41.3","0.000000","7","","","1988","아파트","중개거래","서울 노원구"
"2026","11260","중랑구","10600","신내동","1","대지","0787","0000","석탑","20260119","48000","59.82","0.000000","20","","","1997","아파트","중개거래","서울 중랑구"
"2026","11200","성동구","11100","금호동3가","1","대지","0111","0001","삼성빌21차","20260119","170000","85","50.000000","4","","","2008","연립다세대","중개거래","서울 성동구"
"2026","11620","관악구","10100","봉천동","1","대지","0041","0015","비건하우스2","20260119","27000","29.23","20.000000","4","","","2017","연립다세대","중개거래","서울 강남구"
"2026","11500","강서구","10900","방화동","1","대지","0619","0005","방화투웨니퍼스트","20260119","9500","14.4","4.000000","5","","","2016","연립다세대","중개거래","서울 강서구"
"2026","11620","관악구","10100","봉천동","1","대지","0041","0015","비건하우스2","20260119","27000","29.95","20.000000","3","","","2017","연립다세대","중개거래","서울 강남구"
"2026","11620","관악구","10100","봉천동","1","대지","0041","0015","비건하우스2","20260119","27000","29.37","20.000000","2","","","2017","연립다세대","중개거래","서울 강남구"
"2026","11650","서초구","10800","서초동","1","대지","1680","0001","서초 아르누보씨티","20260119","20500","28.29","46.450000","8","","","2010","오피스텔","중개거래","서울 서초구"
"2026","11620","관악구","10100","봉천동","1","대지","0041","0015","비건하우스2","20260119","27000","29.95","20.000000","3","","","2017","연립다세대","중개거래","서울 강남구"
"2026","11590","동작구","10200","상도동","1","대지","0520","0000","삼환나우빌(520-0)","20260119","120000","84.87","0.000000","12","","","2007","아파트","중개거래","서울 동작구"
"2026","11620","관악구","10100","봉천동","1","대지","0041","0015","비건하우스2","20260119","27000","29.95","20.000000","4","","","2017","연립다세대","중개거래","서울 강남구"
"2026","11200","성동구","11500","성수동2가","1","대지","0277","0101","성수동램킨중흥S클래스오피스텔","20260119","15000","18.33","25.060800","3","","","2013","오피스텔","중개거래","서울 성동구"
"2026","11560","영등포구","13200","신길동","1","대지","0897","0001","삼환","20260119","105000","59.53","0.000000","2","","","1997","아파트","중개거래","서울 영등포구"
"2026","11350","노원구","10300","공릉동","1","대지","0670","0006","미라쉘","20260119","14500","16.69","0.000000","12","","","2018","아파트","중개거래","서울 노원구"
"2026","11260","중랑구","10600","신내동","1","대지","0437","0000","벽산","20260119","62000","84.93","0.000000","10","","","2000","아파트","중개거래","서울 중랑구"
"2026","11650","서초구","10100","방배동","1","대지","0169","0024","방배한화","20260119","211000","84.7","0.000000","13","","","2001","아파트","중개거래","서울 동작구, 서울 서초구"
"2026","11650","서초구","10800","서초동","1","대지","1582","0003","서초센트럴IPARK","20260119","32800","24.755","38.641100","11","","","2020","오피스텔","중개거래","서울 마포구"
"2026","11590","동작구","10200","상도동","1","대지","0348","0062","성대하이츠빌","20260119","23000","41.18","24.000000","1","","","2002","연립다세대","직거래",""
"2026","11470","양천구","10300","신월동","1","대지","0042","0022","삼성충효빌라가동","20260119","13000","42.22","23.000000","4","","","1995","연립다세대","직거래",""
"2026","11680","강남구","10500","삼성동","1","대지","0144","0001","삼성동 현대위버포레 오피스텔","20260119","37000","20.94","31.370000","13","","","2022","오피스텔","중개거래","서울 강남구"
"2026","11650","서초구","10900","내곡동","1","대지","0411","0000","서초더샵포레","20260119","184500","84.81","0.000000","11","","","2014","아파트","중개거래","서울 서초구"
"2026","11470","양천구","10200","목동","1","대지","0950","0000","목동이-편한세상","20260119","190000","134.77","0.000000","3","","","2006","아파트","중개거래","서울 양천구, 인천 중구"
"2026","11260","중랑구","10100","면목동","1","대지","1545","0000","사가정센트럴아이파크","20260118","140000","84.87","0.000000","28","","","2020","아파트","중개거래","서울 성동구, 서울 중랑구"
"2026","11470","양천구","10200","목동","1","대지","0925","0000","목동신시가지7","20260118","240000","53.88","0.000000","4","","","1986","아파트","중개거래","서울 양천구"
"2026","11380","은평구","10900","신사동","1","대지","0140","0001","미성","20260118","56900","63.53","0.000000","10","","","1987","아파트","중개거래","서울 은평구"
"2026","11650","서초구","10100","방배동","1","대지","0917","0004","서초훼미리하우스","20260118","123500","59.57","0.000000","2","","","2017","아파트","중개거래","서울 서초구"
"2026","11530","구로구","10200","구로동","1","대지","1271","0000","보람쉬움","20260118","61700","59.916","0.000000","4","","","2003","아파트","중개거래","서울 구로구"
"2026","11470","양천구","10300","신월동","1","대지","0925","0008","삼미","20260118","26000","36.6","33.000000","1","","","1986","연립다세대","중개거래","서울 양천구"
"2026","11260","중랑구","10600","신내동","1","대지","0650","0000","신내6대주","20260118","55000","49.77","0.000000","6","","","1996","아파트","중개거래","서울 중랑구"
"2026","11350","노원구","10200","월계동","1","대지","0534","0211","영시티빌","20260118","28300","62.13","27.000000","1","","","1997","연립다세대","중개거래","서울 노원구"
"2026","11200","성동구","11300","옥수동","1","대지","0306","0000","옥수","20260118","60000","49.45","0.000000","3","","","1975","아파트","중개거래","서울 성동구"
"2026","11200","성동구","11400","성수동1가","1","대지","0685","0308","아트빌딩","20260118","19000","27.02","33.980000","3","","","2003","오피스텔","중개거래","서울 성동구"
"2026","11290","성북구","10300","돈암동","1","대지","0632","0000","돈암동 풍림아파트 101~105동","20260118","54500","59.64","0.000000","2","","","1999","아파트","중개거래","서울 성북구"
"2026","11470","양천구","10300","신월동","1","대지","1077","0000","목동센트럴아이파크위브3단지","20260118","92000","52.85","0.000000","18","","","2020","아파트","중개거래","서울 양천구"
"2026","11290","성북구","13500","종암동","1","대지","0080","0000","래미안크리시엘","20260118","106500","114.98","0.000000","14","","","2004","아파트","중개거래","서울 성북구"
"2026","11260","중랑구","10100","면목동","1","대지","1544","0000","라온프라이빗","20260118","123000","95.132","0.000000","22","","","2020","아파트","중개거래","서울 강동구, 서울 중랑구"
"2026","11470","양천구","10200","목동","1","대지","0549","0000","목동금호베스트빌","20260118","94500","96.83","0.000000","1","","","2002","아파트","중개거래","서울 양천구"
"2026","11380","은평구","10700","응암동","1","대지","0121","0052","거성리젠시(121-52)","20260118","34500","48.71","16.000000","8","","","2012","연립다세대","중개거래","서울 은평구"
"2026","11530","구로구","10800","오류동","1","대지","0068","0006","다숲","20260118","39300","69.42","83.370000","3","","","2017","오피스텔","중개거래","서울 구로구"
"2026","11620","관악구","10100","봉천동","","","","","","20260118","105000","33.65","66.000000","","","","1970","단독다가구","중개거래","서울 관악구"
"2026","11470","양천구","10200","목동","1","대지","0740","0020","다온캐슬","20260118","24000","28.63","20.000000","3","","","2018","연립다세대","중개거래","서울 양천구"
"2026","11380","은평구","10700","응암동","1","대지","0113","0023","네오라이프","20260118","12500","31.16","38.826000","5","","","2002","오피스텔","중개거래","서울 은평구"
"2026","11260","중랑구","10200","상봉동","1","대지","0121","0012","형지빌라","20260118","22600","47.92","29.000000","1","","","2001","연립다세대","중개거래","서울 중랑구"
"2026","11350","노원구","10200","월계동","1","대지","0925","0000","대동","20260118","56500","59.76","0.000000","12","","","1997","아파트","중개거래","서울 노원구"
"2026","11305","강북구","10100","미아동","1","대지","0217","0028","청한에버빌B동","20260118","12000","29.46","16.000000","5","","","2003","연립다세대","중개거래","서울 강북구"
"2026","11230","동대문구","10500","답십리동","1","대지","0999","0000","청계벽산메가트리움","20260118","20300","41.87","61.560000","9","","","2006","오피스텔","중개거래","서울 동대문구"
"2026","11620","관악구","10200","신림동","1","대지","1655","0008","지벨리마인드2차","20260118","20000","18.05","26.480000","14","","","2022","오피스텔","직거래",""
"2026","11440","마포구","12500","성산동","1","대지","0200","0089","(200-89)한신빌라","20260118","32500","26.62","11.000000","4","","","1994","연립다세대","중개거래","서울 마포구"
"2026","11650","서초구","10100","방배동","1","대지","0912","0013","태림","20260118","132000","102.8","0.000000","3","","","2004","아파트","중개거래","서울 서초구"
"2026","11410","서대문구","11100","홍제동","1","대지","0462","0000","청구3차","20260118","99000","84.96","0.000000","10","","","2001","아파트","중개거래","서울 서대문구"
"2026","11260","중랑구","10500","망우동","1","대지","0620","0000","중랑숲시티프라디움","20260118","67000","46.89","0.000000","9","","","2022","아파트","중개거래","서울 중랑구"
"2026","11620","관악구","10200","신림동","1","대지","0440","0045","진주리츠빌(440-45)","20260118","33000","40.77","26.000000","3","","","2014","연립다세대","중개거래","서울 관악구"
"2026","11620","관악구","10100","봉천동","1","대지","0468","0002","하우젠-빌","20260118","82800","84.62","29.000000","5","","","2004","연립다세대","중개거래","서울 관악구"
"2026","11620","관악구","10200","신림동","1","대지","0465","0023","정원빌라트","20260118","27500","32.59","17.000000","7","","","2014","연립다세대","중개거래","서울 관악구"
"2026","11380","은평구","10500","구산동","1","대지","0011","0001","첼라넥스빌","20260118","24000","27.91","17.000000","6","","","2019","연립다세대","중개거래","서울 은평구"
"2026","11590","동작구","10900","신대방동","1","대지","0600","0045","제이에스빌","20260118","55000","15.18","12.000000","3","","","2012","연립다세대","중개거래","서울 동대문구, 서울 동작구"
"2026","11320","도봉구","10700","창동","1","대지","0305","0000","창동주공1단지","20260118","54000","49.94","0.000000","12","","","1990","아파트","중개거래","서울 도봉구"
"2026","11500","강서구","10100","염창동","1","대지","0263","0000","태진한솔","20260118","86000","58.87","0.000000","12","","","1994","아파트","중개거래","서울 강서구"
"2026","11380","은평구","10900","신사동","1","대지","0002","0007","청송리젠시(2-7)","20260118","29000","60.26","24.000000","3","","","2001","연립다세대","직거래",""
"2026","11710","송파구","10500","석촌동","1","대지","0285","0000","잠실한솔","20260117","170000","84.87","0.000000","1","","","2000","아파트","중개거래","서울 송파구"
"2026","11530","구로구","10900","궁동","1","대지","0145","0000","한마음트윈빌B동(145-0)","20260117","22500","64.91","41.000000","3","","","2004","연립다세대","중개거래","서울 구로구"
"2026","11470","양천구","10100","신정동","1","대지","1283","0000","푸른마을3","20260117","60000","59.91","0.000000","7","","","2001","아파트","중개거래","서울 양천구"
"2026","11350","노원구","10300","공릉동","1","대지","0081","0000","태강아파트(아이파크)","20260117","51000","49.6","0.000000","3","","","1999","아파트","중개거래","서울 노원구"
"2026","11290","성북구","10300","돈암동","1","대지","0538","0202","(538-202)","20260117","36500","51.31","39.000000","2","","","2017","연립다세대","중개거래","서울 성북구"
"2026","11290","성북구","13500","종암동","1","대지","0104","0001","종암에스케이","20260117","88000","84.72","0.000000","13","","","1999","아파트","중개거래","서울 성북구"
"2026","11305","강북구","10200","번동","1","대지","0242","0000","주공1단지","20260117","42500","41.3","0.000000","13","","","1991","아파트","중개거래","서울 강북구, 서울 노원구"
"2026","11620","관악구","10100","봉천동","1","대지","0635","0463","해종빌라","20260117","18000","37.06","24.000000","2","","","1991","연립다세대","중개거래","서울 관악구"
"2026","11650","서초구","10800","서초동","1","대지","1321","0009","풍림아이원매직","20260117","24300","26.97","36.000000","6","","","2004","오피스텔","중개거래","서울 서초구"
"2026","11350","노원구","10300","공릉동","1","대지","0725","0000","풍림아파트A","20260117","71000","59.94","0.000000","20","","","2001","아파트","중개거래","서울 노원구"
"2026","11620","관악구","10100","봉천동","1","대지","0729","0032","해태보라매타워","20260117","87500","84.04","0.000000","21","","","1996","아파트","중개거래","서울 동작구, 서울 영등포구"
"2026","11710","송파구","11400","마천동","1","대지","0567","0002","행운빌라5차","20260117","98000","30.48","25.000000","2","","","1993","연립다세대","중개거래","서울 송파구"
"2026","11710","송파구","10400","송파동","1","대지","0111","0039","(111-39)","20260117","32000","40.8","24.000000","5","","","2007","연립다세대","중개거래","서울 송파구"
"2026","11410","서대문구","11000","북아현동","1","대지","0113","0042","(113-42)","20260117","122000","56.86","51.000000","1","","","1975","연립다세대","중개거래","경기 의왕시, 서울 서대문구"
"2026","11680","강남구","10800","논현동","1","대지","0104","0023","케이씨빌","20260117","136000","113.77","0.000000","1","","","2004","아파트","중개거래","서울 강남구"
"2026","11140","중구","16500","황학동","1","대지","1153","0000","청계아델리아 II","20260117","50200","46.22","74.550000","17","","","null","오피스텔","중개거래","서울 성동구"
"2026","11110","종로구","18700","무악동","1","대지","0060","0000","인왕산아이파크","20260117","153000","114.931","0.000000","3","","","2008","아파트","중개거래","서울 종로구"
"2026","11350","노원구","10400","하계동","1","대지","0274","0000","청솔(시영7)","20260117","38000","39.92","0.000000","15","","","1989","아파트","중개거래","서울 노원구"
"2026","11500","강서구","10300","화곡동","1","대지","0409","0126","하나아이파크빌","20260117","26500","47.81","34.000000","6","","","2017","연립다세대","직거래",""
"2026","11200","성동구","11300","옥수동","1","대지","0004","0000","현대","20260117","188000","63.13","0.000000","12","","","1990","아파트","중개거래","서울 성동구"
"2026","11545","금천구","10300","시흥동","1","대지","0951","0003","하늘채(951-3)","20260117","22700","32.85","20.000000","2","","","2017","연립다세대","중개거래","서울 금천구"
"2026","11260","중랑구","10200","상봉동","1","대지","0087","0028","청운명가시티","20260117","31000","27.13","13.000000","7","","","2020","연립다세대","중개거래","서울 동대문구"
"2026","11530","구로구","10200","구로동","1","대지","0685","0124","중앙하이츠","20260117","61500","70.52","0.000000","7","","","1987","아파트","중개거래","서울 구로구"
"2026","11560","영등포구","13000","양평동6가","1","대지","0099","0000","한솔","20260117","75000","59.28","0.000000","18","","","1999","아파트","중개거래","서울 영등포구"
"2026","11320","도봉구","10700","창동","1","대지","0820","0000","창동신도브래뉴1차","20260117","81000","79.435","0.000000","8","","","2003","아파트","중개거래","서울 도봉구"
"2026","11530","구로구","11200","항동","1","대지","0237","0000","하버라인2단지","20260117","75000","74.85","0.000000","8","","","2019","아파트","중개거래","서울 구로구"
"2026","11380","은평구","10100","수색동","1","대지","0418","0000","DMCSKVIEW","20260117","135000","59.986","0.000000","10","","","2023","아파트","중개거래","서울 은평구"
"2026","11215","광진구","10300","구의동","1","대지","0209","0010","하우징허브","20260117","45500","34.05","27.000000","5","","","2016","연립다세대","중개거래","서울 광진구"
"2026","11170","용산구","11900","효창동","1","대지","0005","0212","(5-212)","20260117","59000","16.79","9.000000","2","","","2015","연립다세대","중개거래","서울 마포구, 서울 용산구"
"2026","11530","구로구","10200","구로동","1","대지","1269","0000","중앙하이츠(1269)","20260117","77000","82.301","0.000000","7","","","2001","아파트","중개거래","서울 구로구"
"2026","11710","송파구","10600","삼전동","1","대지","0043","0017","(43-17)","20260117","50000","91.74","46.000000","5","","","2003","연립다세대","직거래",""
"2026","11140","중구","16200","신당동","1","대지","0432","1928","(432-1928)","20260117","16900","32.07","12.000000","3","","","2002","연립다세대","중개거래","서울 중구"
"2026","11290","성북구","11300","삼선동3가","1","대지","0102","0000","한강뉴스타","20260117","30000","29.91","17.000000","5","","","2018","연립다세대","중개거래","서울 성북구"
"2026","11200","성동구","11300","옥수동","1","대지","0475","0000","한남 더 리버 오피스텔","20260117","24000","27.01","37.030000","10","","","2004","오피스텔","중개거래","서울 성동구"
"2026","11530","구로구","10600","고척동","1","대지","0337","0000","한일유앤아이","20260117","64500","84.98","0.000000","3","","","2005","아파트","중개거래","서울 구로구"
"2026","11290","성북구","13300","정릉동","1","대지","1028","0000","정릉e-편한세상","20260117","74500","85","0.000000","20","","","2006","아파트","중개거래","서울 성북구"
"2026","11260","중랑구","10400","묵동","1","대지","0248","0096","한일그랑빌","20260117","26500","29.3","19.000000","4","","","2017","연립다세대","중개거래","서울 중랑구"
"2026","11230","동대문구","10400","전농동","1","대지","0006","0000","전농우성","20260117","63500","59.78","0.000000","15","","","1992","아파트","중개거래","서울 동대문구"
"2026","11290","성북구","13300","정릉동","1","대지","0239","0000","정릉풍림아이원","20260117","68500","114.75","0.000000","11","","","2005","아파트","중개거래","서울 강북구, 서울 성북구"
"2026","11230","동대문구","10500","답십리동","1","대지","1002","0000","청계한신휴플러스","20260117","130000","84.73","0.000000","1","","","2010","아파트","중개거래","서울 동대문구"
"2026","11710","송파구","10500","석촌동","1","대지","0263","0003","(263-3)","20260117","45500","29.79","18.000000","5","","","2022","연립다세대","중개거래","서울 중랑구"
"2026","11620","관악구","10100","봉천동","1","대지","0480","0014","(480-14)","20260117","61000","32.13","23.000000","1","","","1987","연립다세대","중개거래","서울 관악구"
"2026","11230","동대문구","10400","전농동","1","대지","0010","0000","전농SK","20260117","103000","84.95","0.000000","4","","","2000","아파트","중개거래","서울 동대문구"
"2026","11530","구로구","10900","궁동","1","대지","0097","0010","정선마을2차","20260117","32000","56.61","37.000000","5","","","2016","연립다세대","중개거래","서울 구로구"
"2026","11620","관악구","10200","신림동","1","대지","0715","0006","정원빌라","20260117","14500","34.65","23.000000","4","","","1991","연립다세대","중개거래","서울 관악구"
"2026","11740","강동구","10800","성내동","1","대지","0428","0002","파크프라자","20260117","57000","58.13","0.000000","4","","","2003","아파트","중개거래","서울 강동구"
"2026","11410","서대문구","11900","북가좌동","1","대지","0331","0025","(331-25)","20260117","30000","59.42","40.000000","1","","","1986","연립다세대","중개거래","서울 서대문구"
"2026","11350","노원구","10300","공릉동","1","대지","0240","0214","제2차태성그린빌라","20260117","30700","67.84","32.000000","3","","","1995","연립다세대","중개거래","서울 노원구"
"2026","11710","송파구","10800","문정동","1","대지","0618","0000","파크하비오","20260117","42800","47.89","60.690000","10","","","null","오피스텔","중개거래","서울 송파구"
"2026","11530","구로구","10200","구로동","1","대지","0182","0006","한라빌리언스 오피스텔","20260117","13500","25.99","35.040000","10","","","2003","오피스텔","중개거래","서울 구로구, 서울 서초구"
"2026","11440","마포구","10400","도화동","1","대지","0555","0000","한화오벨리스크","20260117","62300","41.32","0.000000","15","","","2004","아파트","중개거래","서울 마포구"
"2026","11305","강북구","10100","미아동","1","대지","0705","0001","한화포레나미아","20260117","70000","53.987","0.000000","19","분양권","","0","아파트","중개거래","서울 강북구"
"2026","11260","중랑구","10600","신내동","1","대지","0654","0000","진로아파트","20260117","84000","101.86","0.000000","4","","","1995","아파트","중개거래","서울 노원구, 서울 중랑구"
"2026","11710","송파구","10700","가락동","1","대지","0046","0002","한양빌라","20260117","62500","73.43","39.000000","2","","","2003","연립다세대","중개거래","서울 송파구"
"2026","11560","영등포구","10800","영등포동7가","1","대지","0208","0000","포레나 영등포 센트럴","20260117","40500","32.821","59.753900","25","","","2020","오피스텔","중개거래","서울 영등포구"
"2026","11710","송파구","11400","마천동","1","대지","0361","0006","(361-6)","20260117","80000","19.95","11.000000","-1","","","1996","연립다세대","중개거래","서울 성동구, 서울 송파구"
"2026","11530","구로구","10700","개봉동","1","대지","0476","0000","한마을","20260117","89500","84.57","0.000000","23","","","1999","아파트","중개거래","서울 구로구"
"2026","11650","서초구","10300","우면동","1","대지","0728","0000","(728)","20260117","9200","13.86","21.162400","5","","","2013","오피스텔","중개거래","서울 서초구"
"2026","11320","도봉구","10800","도봉동","1","대지","0030","0001","한신","20260117","58800","84.94","0.000000","10","","","1995","아파트","중개거래","서울 도봉구"
"2026","11710","송파구","11100","방이동","1","대지","0047","0000","잠실헤리츠","20260117","18500","18.22","28.636000","11","","","2017","오피스텔","중개거래","서울 송파구"
"2026","11230","동대문구","10200","용두동","1","대지","0104","0003","동대문 푸르지오시티","20260117","18800","23.47","31.870000","19","","","null","오피스텔","중개거래","서울 동대문구"
"2026","11260","중랑구","10600","신내동","1","대지","0591","0000","동성아파트","20260117","79500","129.37","0.000000","19","","","1997","아파트","중개거래","서울 중랑구"
"2026","11230","동대문구","10400","전농동","1","대지","0103","0131","멘토하우스가동","20260117","50000","48.55","31.000000","2","","","2016","연립다세대","중개거래","서울 동대문구"
"2026","11350","노원구","10200","월계동","1","대지","0436","0000","동신","20260117","85000","93.9","0.000000","1","","","1983","아파트","중개거래","서울 노원구"
"2026","11500","강서구","10200","등촌동","1","대지","0656","0058","등촌 미르웰 한올림 3차","20260117","13000","14.41","22.960000","5","","","2018","오피스텔","중개거래","서울 강서구"
"2026","11410","서대문구","11800","홍은동","1","대지","0188","0072","동아빌라(188-72)","20260117","80000","164.92","0.000000","6","","","1992","아파트","중개거래","서울 서대문구"
"2026","11230","동대문구","10500","답십리동","1","대지","1003","0000","래미안위브","20260117","185000","140.62","0.000000","19","","","2014","아파트","중개거래","서울 동대문구"
"2026","11740","강동구","10700","암사동","1","대지","0503","0006","대은팰리스뷰(102)","20260117","73000","84.9","0.000000","6","","","2007","아파트","중개거래","경기 남양주시, 서울 강동구"
"2026","11680","강남구","10100","역삼동","1","대지","0824","0025","대우디오빌플러스","20260117","44400","43.99","0.000000","12","","","2004","아파트","중개거래","서울 강남구"
"2026","11230","동대문구","10600","장안동","1","대지","0329","0003","래미안장안2차","20260117","121000","112.92","0.000000","6","","","2007","아파트","중개거래","서울 동대문구, 서울 중랑구"
"2026","11650","서초구","10800","서초동","1","대지","1483","0018","더？오데움(101,102동)","20260117","375000","207.228","0.000000","3","","","2005","아파트","중개거래","서울 서초구"
"2026","11560","영등포구","11800","도림동","1","대지","0165","0001","동아에코빌","20260117","96500","84.99","0.000000","10","","","2000","아파트","중개거래","경기 부천시 원미구, 서울 영등포구"
"2026","11290","성북구","13500","종암동","1","대지","0080","0000","래미안크리시엘","20260117","89500","59.99","0.000000","7","","","2004","아파트","중개거래","서울 성북구"
"2026","11290","성북구","13500","종암동","1","대지","0080","0000","래미안크리시엘","20260117","99000","84.95","0.000000","16","","","2004","아파트","중개거래","서울 성북구"
"2026","11500","강서구","10600","내발산동","1","대지","0749","0000","마곡수명산파크5단지","20260117","106500","59.84","0.000000","7","","","2008","아파트","중개거래","서울 강서구"
"2026","11500","강서구","10600","내발산동","1","대지","0741","0000","마곡수명산파크2단지","20260117","127000","84.75","0.000000","4","","","2007","아파트","중개거래","서울 강서구"
"2026","11530","구로구","10200","구로동","1","대지","1257","0000","럭키","20260117","54900","56.11","0.000000","3","","","1992","아파트","중개거래","서울 구로구"
"2026","11380","은평구","10700","응암동","1","대지","0109","0015","동인에버빌","20260117","16000","16.65","22.550000","5","","","2019","오피스텔","직거래",""
"2026","11290","성북구","10300","돈암동","1","대지","0603","0000","돈암동더샵아파트","20260117","75500","84.413","0.000000","5","","","2006","아파트","중개거래","서울 성북구"
"2026","11470","양천구","10300","신월동","1","대지","1076","0000","목동센트럴아이파크위브2단지","20260117","129500","84.98","0.000000","22","","","2020","아파트","중개거래","서울 양천구"
"2026","11440","마포구","12500","성산동","1","대지","0030","0028","리더스빌","20260117","69000","94.77","44.000000","2","","","2003","연립다세대","중개거래","서울 마포구"
"2026","11260","중랑구","10600","신내동","1","대지","0648","0000","디아뜨갤러리","20260117","19850","49.5","62.670000","4","","","2003","오피스텔","직거래",""
"2026","11470","양천구","10200","목동","1","대지","0965","0000","목동롯데캐슬마에스트로","20260117","117000","59.984","0.000000","1","","","2019","아파트","중개거래","서울 양천구"
"2026","11620","관악구","10200","신림동","1","대지","0094","0204","로얄팰리스","20260117","30500","41.32","32.000000","4","","","2016","연립다세대","중개거래","서울 관악구"
"2026","11650","서초구","10800","서초동","1","대지","1440","0003","로즈하임","20260117","70000","58.57","34.000000","2","","","2015","연립다세대","중개거래","서울 서초구"
"2026","11290","성북구","13900","석관동","1","대지","0010","0000","두산","20260117","81000","59.97","0.000000","18","","","1998","아파트","중개거래","서울 성북구"
"2026","11470","양천구","10200","목동","1","대지","0901","0000","목동신시가지1","20260117","278000","98.08","0.000000","2","","20260119","1985","아파트","중개거래","서울 양천구"
"2026","11530","구로구","10200","구로동","1","대지","1282","0000","덕영드림","20260117","55000","56.19","0.000000","13","","","2006","아파트","중개거래","서울 구로구"
"2026","11740","강동구","10700","암사동","1","대지","0414","0002","롯데캐슬퍼스트","20260117","189000","84.81","0.000000","16","","","2008","아파트","중개거래","서울 강동구"
"2026","11470","양천구","10200","목동","1","대지","0901","0000","목동신시가지1","20260117","278000","98.08","0.000000","2","","","1985","아파트","중개거래","서울 양천구"
"2026","11470","양천구","10100","신정동","1","대지","1326","0000","래미안목동아델리체(119동~123동)","20260117","140000","59.82","0.000000","10","","","2021","아파트","중개거래","서울 양천구"
"2026","11380","은평구","10200","녹번동","1","대지","0281","0000","북한산푸르지오","20260117","108500","84.99","0.000000","10","","","2015","아파트","중개거래","서울 은평구"
"2026","11320","도봉구","10800","도봉동","1","대지","0087","0000","삼환도봉","20260117","52000","73.89","0.000000","8","","","1987","아파트","중개거래","서울 도봉구"
"2026","11350","노원구","10500","상계동","1","대지","1279","0000","상계1차중앙하이츠","20260117","58800","59.82","0.000000","15","","","1997","아파트","중개거래","서울 노원구"
"2026","11350","노원구","10300","공릉동","1","대지","0714","0000","삼익4단지아파트","20260117","47700","49.5","0.000000","12","","","1994","아파트","중개거래","서울 노원구"
"2026","11350","노원구","10500","상계동","1","대지","1289","0000","상계불암대림","20260117","49800","59.22","0.000000","3","","","2000","아파트","중개거래","서울 노원구"
"2026","11545","금천구","10300","시흥동","1","대지","0005","0013","삼익","20260117","40700","59.9","0.000000","1","","","1999","아파트","중개거래","서울 금천구"
"2026","11350","노원구","10500","상계동","1","대지","0626","0000","상계주공14(고층)","20260117","39000","45.9","0.000000","9","","","1989","아파트","중개거래","서울 서초구"
"2026","11320","도봉구","10600","방학동","1","대지","0397","0011","삼성빌라(B동)","20260117","6000","36.04","29.000000","-1","","","1990","연립다세대","직거래",""
"2026","11350","노원구","10500","상계동","1","대지","0666","0000","상계주공10(고층)","20260117","59000","59.2","0.000000","4","","","1988","아파트","중개거래","서울 노원구"
"2026","11305","강북구","10300","수유동","1","대지","0291","0188","삼일아트빌A동","20260117","24200","44.52","26.000000","3","","","2014","연립다세대","중개거래","서울 도봉구"
"2026","11680","강남구","10500","삼성동","1","대지","0017","0000","삼성동롯데아파트","20260117","309000","91.77","0.000000","7","","","2000","아파트","중개거래","서울 강남구"
"2026","11440","마포구","12700","상암동","1","대지","1658","0000","상암월드컵파크5단지","20260117","145000","84.75","0.000000","9","","","2005","아파트","중개거래","서울 마포구"
"2026","11530","구로구","10200","구로동","1","대지","1272","0000","미래타워","20260117","50000","78.23","0.000000","14","","","2003","아파트","중개거래","서울 구로구, 서울 금천구"
"2026","11710","송파구","10700","가락동","1","대지","0117","0008","사랑채","20260117","41800","58.08","34.000000","3","","","2004","연립다세대","중개거래","서울 송파구"
"2026","11530","구로구","10200","구로동","1","대지","0044","0005","비즈트위트레인보우","20260117","11000","15.58","0.000000","5","","","2012","아파트","중개거래","서울 구로구"
"2026","11710","송파구","10500","석촌동","1","대지","0024","0014","석촌호수 나인파크 B","20260117","25000","19.34","35.780000","3","","","null","오피스텔","중개거래","서울 송파구"
"2026","11350","노원구","10200","월계동","1","대지","0922","0000","서광","20260117","81000","84.61","0.000000","7","","","1994","아파트","중개거래","서울 노원구"
"2026","11650","서초구","10100","방배동","1","대지","0866","0020","방배대우디오빌","20260117","27500","29.6","0.000000","7","","","2005","아파트","중개거래","서울 서초구"
"2026","11650","서초구","10800","서초동","1","대지","1566","0019","서초노빌리에","20260117","127500","81.36","0.000000","8","","","2006","아파트","중개거래","서울 서초구"
"2026","11650","서초구","10300","우면동","1","대지","0737","0000","서초네이처힐6단지","20260117","160000","59.99","0.000000","9","","","2013","아파트","중개거래","서울 서초구"
"2026","11320","도봉구","10800","도봉동","1","대지","0555","0000","서울가든","20260117","43000","75.33","0.000000","11","","","1987","아파트","중개거래","서울 도봉구"
"2026","11740","강동구","10500","길동","1","대지","0053","0000","삼익파크맨션","20260117","127000","79.57","0.000000","5","","","1982","아파트","중개거래","서울 강동구"
"2026","11530","구로구","10900","궁동","1","대지","0100","0000","방주빌라(100-0)","20260117","22000","65.66","38.000000","2","","","1997","연립다세대","중개거래","서울 구로구"
"2026","11110","종로구","18400","부암동","1","대지","0129","0019","부암로자벨","20260117","38500","59.29","76.000000","1","","","2014","연립다세대","중개거래","서울 종로구"
"2026","11500","강서구","10200","등촌동","1","대지","0514","0030","성호타운빌B","20260117","32800","44.36","22.000000","1","","","2002","연립다세대","중개거래","서울 강서구"
"2026","11620","관악구","10200","신림동","1","대지","0409","0321","본동하이츠빌라","20260117","37000","56.05","44.000000","1","","","1990","연립다세대","중개거래","서울 관악구"
"2026","11380","은평구","10700","응암동","1","대지","0759","0000","백련산힐스테이트1차","20260117","73000","59.63","0.000000","8","","","2011","아파트","중개거래","서울 은평구"
"2026","11380","은평구","10700","응암동","1","대지","0759","0000","백련산힐스테이트1차","20260117","97500","114.9","0.000000","7","","","2011","아파트","중개거래","서울 은평구"
"2026","11380","은평구","10700","응암동","1","대지","0764","0000","백련산힐스테이트4차","20260117","99500","84.98","0.000000","16","","","2018","아파트","중개거래","서울 마포구, 서울 은평구"
"2026","11590","동작구","10900","신대방동","1","대지","0724","0000","보라매자이더포레스트","20260117","150000","59.936","0.000000","25","","","2021","아파트","중개거래","서울 동작구"
"2026","11530","구로구","10600","고척동","1","대지","0342","0000","벽산베스트블루밍","20260117","80600","59.962","0.000000","9","","","2010","아파트","중개거래","경기 광명시, 서울 구로구"
"2026","11530","구로구","10100","신도림동","1","대지","0432","0001","신도림 에스케이뷰","20260117","81500","86.17","112.240000","18","","","2006","오피스텔","중개거래","서울 구로구"
"2026","11320","도봉구","10600","방학동","1","대지","0738","0000","신동아아파트5","20260117","38800","59.4","0.000000","6","","","1998","아파트","중개거래","서울 도봉구"
"2026","11710","송파구","10500","석촌동","1","대지","0215","0002","욱빈ID힐타움","20260117","38000","29.92","18.000000","3","","","2016","연립다세대","중개거래","서울 은평구"
"2026","11620","관악구","10200","신림동","1","대지","1694","0000","신림현대","20260117","75000","82.2","0.000000","4","","","1993","아파트","중개거래","서울 관악구"
"2026","11650","서초구","10800","서초동","1","대지","1337","0014","이즈타워","20260117","27500","38.36","48.840000","4","","","2006","오피스텔","중개거래","서울 서초구"
"2026","11620","관악구","10200","신림동","1","대지","1694","0000","신림현대","20260117","81000","105.36","0.000000","3","","20260120","1993","아파트","중개거래","서울 관악구"
"2026","11260","중랑구","10100","면목동","1","대지","1077","0001","용마한신","20260117","64000","59.22","0.000000","6","","","1990","아파트","직거래",""
"2026","11620","관악구","10200","신림동","1","대지","1694","0000","신림현대","20260117","81000","105.36","0.000000","3","","","1993","아파트","중개거래","서울 관악구"
"2026","11170","용산구","12500","한강로2가","1","대지","0419","0000","아스테리움 용산","20260117","79500","49.66","76.160000","12","","","2012","오피스텔","중개거래","서울 용산구"
"2026","11350","노원구","10600","중계동","1","대지","0445","0000","염광","20260117","82000","84.5","0.000000","14","","","1996","아파트","중개거래","서울 노원구"
"2026","11350","노원구","10200","월계동","1","대지","0951","0000","월계센트럴아이파크","20260117","107000","84.99","0.000000","3","","","2020","아파트","중개거래","서울 노원구"
"2026","11200","성동구","10800","응봉동","1","대지","0275","0000","신동아","20260117","147000","84.81","0.000000","12","","","1996","아파트","중개거래","서울 성동구"
"2026","11260","중랑구","10400","묵동","1","대지","0013","0000","신내","20260117","53500","59.76","0.000000","5","","","1996","아파트","중개거래","서울 중랑구"
"2026","11230","동대문구","11000","이문동","1","대지","0064","0000","쌍용","20260117","94000","114.35","0.000000","10","","","2000","아파트","중개거래","서울 동대문구"
"2026","11305","강북구","10300","수유동","1","대지","0095","0007","수유동이테크밸리오피스텔","20260117","10000","27.81","41.520000","10","","","2005","오피스텔","중개거래","서울 강북구"
"2026","11170","용산구","13300","서빙고동","1","대지","0241","0021","신동아","20260117","336000","95.66","0.000000","1","","","1984","아파트","중개거래","서울 용산구"
"2026","11710","송파구","10700","가락동","1","대지","0096","0001","우성","20260117","97800","43.79","0.000000","4","","","1986","아파트","직거래",""
"2026","11680","강남구","10800","논현동","1","대지","0022","0000","신동아(22)","20260117","112500","35.73","0.000000","7","","","1997","아파트","중개거래","서울 강남구, 서울 강서구"
"2026","11380","은평구","10800","역촌동","1","대지","0073","0002","아인하우스3차","20260117","13900","27.76","15.000000","6","","","2012","연립다세대","중개거래","서울 은평구"
"2026","11260","중랑구","10300","중화동","1","대지","0295","0048","세종에버빌","20260117","35300","68.86","31.000000","3","","","2005","연립다세대","직거래",""
"2026","11560","영등포구","11100","당산동1가","1","대지","0457","0000","신동아파밀리에","20260117","103500","59.4","0.000000","3","","","2008","아파트","중개거래","서울 영등포구"
"2026","11590","동작구","10200","상도동","1","대지","0201","0152","은하맨션","20260117","52000","66.26","32.000000","2","","","2002","연립다세대","중개거래","서울 동작구"
"2026","11470","양천구","10200","목동","1","대지","0131","0133","아가도스2","20260117","26000","36.24","30.000000","3","","","2016","연립다세대","중개거래","서울 양천구"
"2026","11380","은평구","10400","갈현동","1","대지","0493","0008","우방이지빌","20260117","28000","52.06","28.000000","2","","","2011","연립다세대","중개거래","서울 은평구"
"2026","11170","용산구","13300","서빙고동","1","대지","0241","0021","신동아","20260117","420000","166.98","0.000000","11","","","1984","아파트","중개거래","서울 용산구"
"2026","11470","양천구","10200","목동","1","대지","0131","0031","아가도스3","20260117","26000","29.02","24.000000","3","","","2016","연립다세대","중개거래","서울 양천구"
"2026","11530","구로구","10200","구로동","1","대지","0187","0003","예성유토피아","20260117","29800","40.16","53.690000","12","","","2005","오피스텔","중개거래","서울 구로구"
"2026","11530","구로구","10200","구로동","1","대지","0026","0000","신도림포스빌","20260117","20500","33.69","70.280000","16","","","2004","오피스텔","중개거래","서울 구로구"
"2026","11305","강북구","10100","미아동","1","대지","0796","0000","경남아너스빌","20260117","73000","84.935","0.000000","11","","","2008","아파트","중개거래","서울 강북구"
"2026","11290","성북구","13800","장위동","1","대지","0233","0368","단독형(233-368)","20260117","42000","17.26","27.000000","1","","","1981","연립다세대","중개거래","서울 성북구"
"2026","11260","중랑구","10100","면목동","1","대지","0715","0000","늘푸른동아","20260117","79000","84.97","0.000000","4","","","2002","아파트","중개거래","서울 중랑구"
"2026","11260","중랑구","10500","망우동","1","대지","0580","0000","금호어울림(580)","20260117","58500","59.96","0.000000","6","","","2006","아파트","중개거래","서울 중랑구"
"2026","11620","관악구","10200","신림동","","","","","","20260117","81000","149.22","89.000000","","","","1993","단독다가구","중개거래","서울 관악구"
"2026","11320","도봉구","10800","도봉동","1","대지","0601","0037","노블하우징A동","20260117","32500","55.17","29.000000","4","","","2017","연립다세대","중개거래","서울 도봉구"
"2026","11500","강서구","10300","화곡동","1","대지","1165","0000","강서힐스테이트","20260117","173500","152.1","0.000000","9","","","2015","아파트","중개거래","서울 강서구"
"2026","11290","성북구","13400","길음동","1","대지","1284","0000","길음뉴타운8단지(래미안)","20260117","138000","114.99","0.000000","19","","","2010","아파트","중개거래","서울 성북구"
"2026","11560","영등포구","11700","당산동","1","대지","0376","0000","강변래미안","20260117","192500","108.15","0.000000","15","","","2002","아파트","중개거래","서울 영등포구"
"2026","11560","영등포구","11400","당산동4가","1","대지","0094","0001","당산삼성2차","20260117","152500","84.93","0.000000","18","","","1997","아파트","중개거래","서울 영등포구"
"2026","11215","광진구","10700","화양동","1","대지","0113","0001","광진코지웰","20260117","14700","15.63","0.000000","12","","","2014","아파트","중개거래","서울 광진구"
"2026","11380","은평구","10700","응암동","1","대지","0769","0000","녹번역e편한세상캐슬","20260117","93000","44.85","0.000000","12","","","2021","아파트","중개거래","서울 은평구"
"2026","11140","중구","16200","신당동","1","대지","0349","0199","홍익아트빌라","20260117","110000","62.04","27.000000","1","","","1995","연립다세대","중개거래","서울 중구"
"2026","11560","영등포구","11200","당산동2가","1","대지","0164","0000","당산2가현대홈타운","20260117","151000","82.77","0.000000","2","","","1994","아파트","중개거래","서울 영등포구"
"2026","11410","서대문구","12000","남가좌동","1","대지","0385","0000","DMC파크뷰자이1단지","20260117","160000","84.98","0.000000","15","","","2015","아파트","중개거래","서울 서대문구"
"2026","11545","금천구","10300","시흥동","1","대지","0791","0040","SM엘루이","20260117","58000","71.09","0.000000","8","","","2012","아파트","중개거래","서울 금천구"
"2026","11470","양천구","10200","목동","1","대지","0324","0172","골든빌","20260117","28000","28.47","17.000000","5","","","2016","연립다세대","중개거래","서울 양천구"
"2026","11410","서대문구","12000","남가좌동","1","대지","0381","0000","DMC센트레빌","20260117","125000","114.85","0.000000","15","","","2009","아파트","중개거래","서울 서대문구"
"2026","11620","관악구","10200","신림동","1","대지","1655","0017","G밸리마인드","20260117","18700","14.96","0.000000","10","","","2021","아파트","중개거래","서울 구로구"
"2026","11740","강동구","10300","상일동","1","대지","0513","0000","고덕센트럴IPARK","20260117","220000","102.85","0.000000","4","","","2019","아파트","중개거래","서울 강동구"
"2026","11530","구로구","10700","개봉동","1","대지","0480","0000","현대홈타운","20260117","69000","59.49","0.000000","6","","","2001","아파트","중개거래","경기 광명시"
"2026","11470","양천구","10200","목동","1","대지","0740","0020","다온캐슬","20260117","18000","18.54","13.000000","6","","","2018","연립다세대","중개거래","서울 양천구"
"2026","11545","금천구","10200","독산동","1","대지","1156","0000","금천 롯데캐슬 골드파크 4차","20260117","18450","26.45","41.440000","35","","","2019","오피스텔","중개거래","서울 금천구"
"2026","11410","서대문구","11800","홍은동","1","대지","0455","0000","홍은동벽산","20260117","72800","84.96","0.000000","8","","","1997","아파트","중개거래","서울 서대문구"
"2026","11710","송파구","11300","거여동","1","대지","0290","0000","거여1단지","20260117","79700","39.6","0.000000","11","","","1997","아파트","중개거래","서울 송파구"
"2026","11620","관악구","10100","봉천동","1","대지","1717","0000","관악푸르지오","20260117","102500","59.58","0.000000","14","","","2004","아파트","중개거래","서울 관악구"
"2026","11545","금천구","10200","독산동","1","대지","0896","0042","대광모던빌","20260117","35500","49.59","28.000000","5","","","2014","연립다세대","중개거래","서울 금천구"
"2026","11650","서초구","10800","서초동","1","대지","1671","0005","대림서초리시온","20260117","58100","49.92","0.000000","7","","","2003","아파트","중개거래","서울 서초구"
"2026","11380","은평구","10500","구산동","1","대지","0177","0037","고은명가(177-37)","20260117","30000","29.94","19.000000","4","","20260119","2022","연립다세대","직거래",""
"2026","11290","성북구","13300","정릉동","1","대지","1015","0000","길음뉴타운경남아너스빌","20260117","60000","50.45","0.000000","4","","","1999","아파트","중개거래","서울 성북구"
"2026","11110","종로구","11800","내수동","1","대지","0071","0000","경희궁의 아침 2단지","20260117","29300","32.43","42.410000","13","","","2004","오피스텔","중개거래","서울 강남구, 서울 종로구"
"2026","11410","서대문구","11800","홍은동","1","대지","0455","0000","홍은동벽산","20260117","88000","114.96","0.000000","8","","","1997","아파트","중개거래","서울 서대문구"
"2026","11560","영등포구","13300","대림동","","","","","","20260117","73600","210.27","136.000000","","","","1988","단독다가구","중개거래","서울 영등포구"
"2026","11740","강동구","10100","명일동","1","대지","0348","0001","다성이즈빌(명일4차)","20260117","66000","84.02","0.000000","2","","","2005","아파트","중개거래","서울 강동구"
"2026","11410","서대문구","11100","홍제동","1","대지","0247","0019","홍일","20260117","28000","64.89","0.000000","1","","","1969","아파트","중개거래","서울 서대문구"
"2026","11410","서대문구","11000","북아현동","1","대지","1013","0000","e편한세상신촌1단지","20260117","219500","84.93","0.000000","8","","","2018","아파트","중개거래","서울 서대문구"
"2026","11260","중랑구","10600","신내동","1","대지","0804","0000","경남아너스빌","20260117","65000","84.98","0.000000","1","","","2007","아파트","중개거래","서울 중랑구"
"2026","11410","서대문구","11000","북아현동","1","대지","1013","0000","e편한세상신촌4단지","20260117","230000","84.82","0.000000","18","","","2018","아파트","중개거래","서울 서대문구"
"2026","11545","금천구","10300","시흥동","1","대지","1013","0000","관악산벽산타운5","20260117","68000","114.84","0.000000","10","","","2004","아파트","중개거래","서울 금천구"
"2026","11620","관악구","10100","봉천동","1","대지","1712","0000","관악드림(동아)","20260117","104000","60","0.000000","16","","","2003","아파트","중개거래","서울 관악구"
"2026","11410","서대문구","12000","남가좌동","1","대지","0376","0000","남가좌동현대","20260117","107200","114.9","0.000000","3","","","1999","아파트","중개거래","서울 서대문구"
"2026","11170","용산구","13100","한남동","1","대지","0808","0000","대림아르빌","20260117","175000","84.64","0.000000","5","","","2005","아파트","중개거래","서울 강남구"
"2026","11305","강북구","10100","미아동","1","대지","1371","0000","꿈의숲한신더휴","20260117","78400","84.817","0.000000","2","","","2022","아파트","중개거래","서울 강북구"
"2026","11710","송파구","11100","방이동","1","대지","0043","0000","대명벨리온","20260117","16650","16.61","27.885000","17","","","null","오피스텔","중개거래","서울 송파구"
"2026","11500","강서구","10300","화곡동","1","대지","1165","0000","강서힐스테이트","20260116","145000","84.99","0.000000","5","","","2015","아파트","중개거래","서울 강서구"
"2026","11140","중구","16500","황학동","1","대지","1743","0000","골드캐슬Ⅲ","20260116","26000","29.52","0.000000","8","","","2017","아파트","중개거래","서울 중구"
"2026","11440","마포구","12500","성산동","1","대지","0051","0002","골든빌오피스텔","20260116","11100","23.86","31.990000","5","","","2004","오피스텔","중개거래","서울 마포구"
"2026","11215","광진구","10400","광장동","1","대지","0530","0001","광장르엣지29","20260116","116000","71.22","0.000000","6","","","2024","아파트","직거래",""
"2026","11500","강서구","10200","등촌동","1","대지","0631","0009","대동황토방","20260116","105000","84.95","0.000000","6","","","2000","아파트","중개거래","서울 강서구"
"2026","11620","관악구","10100","봉천동","1","대지","1728","0000","관악파크푸르지오","20260116","104000","84.99","0.000000","10","","","2014","아파트","중개거래","서울 관악구"
"2026","11680","강남구","10800","논현동","1","대지","0173","0010","KEA(21차)","20260116","28000","21.51","13.000000","4","","","2020","연립다세대","중개거래","서울 강남구, 서울 서초구"
"2026","11560","영등포구","11200","당산동2가","1","대지","0164","0000","당산2가현대홈타운","20260116","148000","82.77","0.000000","1","","","1994","아파트","중개거래","서울 영등포구"
"2026","11560","영등포구","13300","대림동","1","대지","0608","0001","현대3차","20260116","118000","84.89","0.000000","25","","","1997","아파트","중개거래","서울 영등포구"
"2026","11620","관악구","10200","신림동","1","대지","1703","0001","LIG대학마을(건영아파트3차)","20260116","54000","58.9","0.000000","4","","","1996","아파트","중개거래","서울 관악구"
"2026","11650","서초구","10100","방배동","1","대지","0883","0013","다솜","20260116","50000","27.96","17.000000","4","","","2021","연립다세대","중개거래","서울 중랑구"
"2026","11470","양천구","10200","목동","1","대지","0744","0004","다솜","20260116","60000","36.71","21.000000","4","","","2014","연립다세대","중개거래","서울 양천구"
"2026","11380","은평구","10700","응암동","1","대지","0771","0000","e편한세상백련산","20260116","77000","59.71","0.000000","3","","","2022","아파트","중개거래","서울 은평구"
"2026","11380","은평구","10700","응암동","1","대지","0771","0000","e편한세상백련산","20260116","80000","59.98","0.000000","5","","","2022","아파트","중개거래","서울 마포구, 서울 은평구"
"2026","11410","서대문구","11700","연희동","1","대지","0001","0015","다성맨션","20260116","17850","38.64","22.000000","4","","","1992","연립다세대","중개거래","서울 마포구"
"2026","11560","영등포구","13300","대림동","1","대지","1127","0000","e편한세상영등포아델포레","20260116","150000","84.957","0.000000","15","","","2020","아파트","중개거래","부산 남구, 서울 영등포구"
"2026","11500","강서구","10300","화곡동","1","대지","0105","0100","다담빌(105-100)","20260116","20000","33.67","20.000000","3","","","2012","연립다세대","중개거래","서울 강서구"
"2026","11410","서대문구","12000","남가좌동","1","대지","0381","0000","DMC센트레빌","20260116","120000","84.87","0.000000","3","","","2009","아파트","중개거래","서울 서대문구"
"2026","11740","강동구","10200","고덕동","1","대지","0630","0000","누리안파크리움Ⅴ","20260116","56500","35.54","21.000000","3","","","2022","연립다세대","중개거래","서울 강동구"
"2026","11545","금천구","10100","가산동","1","대지","0776","0000","가산대명벨리온","20260116","12500","16.61","25.800000","11","","","2017","오피스텔","중개거래","서울 금천구"
"2026","11545","금천구","10100","가산동","1","대지","0776","0000","가산대명벨리온","20260116","12500","16.61","25.800000","11","","","2017","오피스텔","중개거래","서울 금천구"
"2026","11140","중구","16200","신당동","1","대지","0290","0067","노블레스하우스","20260116","76000","67.84","0.000000","2","","","2007","아파트","중개거래","서울 중구"
"2026","11440","마포구","10300","신공덕동","1","대지","0001","0048","갑을명가시티2","20260116","12000","16.76","25.620000","12","","","null","오피스텔","중개거래","서울 마포구"
"2026","11680","강남구","10100","역삼동","1","대지","0825","0020","강남역 센트럴 푸르지오 시티","20260116","30000","23.23","31.143000","5","","","2015","오피스텔","중개거래","서울 강남구"
"2026","11500","강서구","10400","가양동","1","대지","1475","0000","강변","20260116","77000","39.6","0.000000","15","","","1992","아파트","중개거래","서울 강서구"
"2026","11740","강동구","10700","암사동","1","대지","0675","0000","힐스테이트 강동 리버뷰","20260116","170000","84.962","0.000000","7","","","2019","아파트","중개거래","서울 강동구"
"2026","11350","노원구","10300","공릉동","1","대지","0753","0000","길성그랑프리텔아파트","20260116","53800","71.848","0.000000","3","","","2003","아파트","중개거래","서울 노원구"
"2026","11530","구로구","10700","개봉동","1","대지","0489","0000","개봉동현대아이파크","20260116","94200","84.98","0.000000","18","","","2006","아파트","중개거래","서울 구로구"
"2026","11530","구로구","10700","개봉동","1","대지","0489","0000","개봉동현대아이파크","20260116","91000","84.98","0.000000","19","","","2006","아파트","중개거래","서울 구로구"
"2026","11500","강서구","10300","화곡동","1","대지","0026","0005","흥부네빌라","20260116","13500","39.33","20.000000","4","","","1998","연립다세대","직거래",""
"2026","11320","도봉구","10500","쌍문동","2","산","0069","0001","금호2","20260116","56800","84.46","0.000000","9","","","1991","아파트","중개거래","서울 도봉구"
"2026","11545","금천구","10200","독산동","1","대지","1155","0000","금천롯데캐슬골드파크3차","20260116","95000","59.968","0.000000","9","","","2018","아파트","중개거래","서울 금천구"
"2026","11290","성북구","11000","동소문동7가","1","대지","0087","0001","현대가든빌라","20260116","30500","72.61","40.000000","3","","","1991","연립다세대","중개거래","서울 성북구"
"2026","11230","동대문구","10400","전농동","1","대지","0209","0025","금성하이츠빌라","20260116","59400","94.56","45.000000","5","","","2003","연립다세대","중개거래","서울 동대문구"
"2026","11170","용산구","12500","한강로2가","1","대지","0429","0000","호반써밋 A . DITION","20260116","167000","67.356","103.010600","12","","","2025","오피스텔","중개거래","서울 용산구"
"2026","11470","양천구","10200","목동","1","대지","0324","0070","그린하임4차","20260116","31000","29.42","17.000000","4","","","2017","연립다세대","중개거래","서울 양천구"
"2026","11500","강서구","10300","화곡동","1","대지","1095","0000","그랜드아이파크","20260116","90000","112.46","0.000000","6","","","2010","아파트","중개거래","서울 강서구"
"2026","11230","동대문구","10800","회기동","1","대지","0351","0000","회기힐스테이트","20260116","103000","84.99","0.000000","7","","","2011","아파트","중개거래","서울 동대문구"
"2026","11740","강동구","10800","성내동","1","대지","0383","0012","화영주택","20260116","32400","27.42","17.000000","5","","","2016","연립다세대","중개거래","서울 강동구"
"2026","11710","송파구","11300","거여동","1","대지","0258","0007","보화2차","20260116","100000","40.38","0.000000","6","","","1988","아파트","중개거래","서울 송파구"
"2026","11350","노원구","10200","월계동","1","대지","0085","0007","서울원 아이파크","20260116","143450","84.317","0.000000","36","분양권","","0","아파트","중개거래","서울 동대문구"
"2026","11470","양천구","10200","목동","1","대지","0324","0174","새한아트빌","20260116","26500","47.31","29.000000","2","","","2003","연립다세대","중개거래","서울 양천구"
"2026","11590","동작구","10700","사당동","1","대지","1160","0000","사당롯데캐슬골든포레","20260116","163500","84.978","0.000000","14","","","2021","아파트","중개거래","서울 강동구, 서울 송파구"
"2026","11410","서대문구","11100","홍제동","1","대지","0463","0000","문화촌현대","20260116","75500","84.99","0.000000","7","","","2002","아파트","중개거래","서울 서대문구"
"2026","11500","강서구","10200","등촌동","1","대지","0506","0010","석경트라움","20260116","26000","24.65","10.000000","7","","","2017","연립다세대","중개거래","서울 강서구, 서울 은평구"
"2026","11350","노원구","10400","하계동","1","대지","0280","0000","미성","20260116","73000","72.17","0.000000","11","","","1989","아파트","중개거래","경기 의정부시, 서울 노원구"
"2026","11170","용산구","12200","문배동","1","대지","0040","0019","삼라마이다스빌","20260116","20000","28.23","39.340000","6","","","2004","오피스텔","중개거래","서울 용산구"
"2026","11320","도봉구","10500","쌍문동","1","대지","0122","0072","삼성시티","20260116","49000","43.64","26.000000","6","","","2022","연립다세대","직거래",""
"2026","11350","노원구","10200","월계동","1","대지","0320","0011","사슴3","20260116","35500","39.6","0.000000","12","","","1995","아파트","중개거래","서울 노원구"
"2026","11620","관악구","10200","신림동","1","대지","0415","0046","산마루빌","20260116","35000","28.55","29.000000","5","","","2017","연립다세대","중개거래","서울 관악구"
"2026","11290","성북구","13300","정릉동","1","대지","0780","0000","산장아파트가동,나동","20260116","39000","71.5","0.000000","3","","","1977","아파트","중개거래","서울 성북구"
"2026","11650","서초구","10800","서초동","1","대지","1487","0014","서광주택","20260116","65000","57.24","31.000000","3","","","1994","연립다세대","중개거래","서울 서초구"
"2026","11680","강남구","10500","삼성동","1","대지","0158","0004","삼성역 두산위브센티움","20260116","28950","27.06","36.090000","7","","","2003","오피스텔","중개거래","서울 강남구"
"2026","11710","송파구","10800","문정동","1","대지","0145","0000","문정시영","20260116","93000","39.69","0.000000","11","","","1989","아파트","중개거래","서울 송파구"
"2026","11530","구로구","10700","개봉동","1","대지","0473","0000","상우","20260116","36000","84.06","0.000000","1","","","1997","아파트","직거래",""
"2026","11350","노원구","10500","상계동","1","대지","0749","0005","상계주공4(고층)","20260116","47500","41.3","0.000000","10","","","1988","아파트","중개거래","서울 노원구"
"2026","11500","강서구","10100","염창동","1","대지","0248","0003","삼성하나로","20260116","84900","84.78","0.000000","10","","","1994","아파트","중개거래","서울 강서구"
"2026","11500","강서구","10900","방화동","1","대지","0593","0030","보성빌라","20260116","43000","43.92","60.000000","3","","","1987","연립다세대","중개거래","서울 강서구"
"2026","11410","서대문구","11100","홍제동","1","대지","0478","0000","서대문푸르지오센트럴파크","20260116","100000","59.98","0.000000","15","","","2022","아파트","중개거래","서울 강남구"
"2026","11380","은평구","10300","불광동","1","대지","0637","0000","북한산래미안아파트(2단지)","20260116","100000","84.988","0.000000","7","","","2010","아파트","중개거래","서울 은평구"
"2026","11410","서대문구","11800","홍은동","1","대지","0467","0000","북한산두산위브","20260116","75500","59.96","0.000000","4","","","2020","아파트","중개거래","서울 서대문구"
"2026","11470","양천구","10300","신월동","1","대지","0475","0000","서울가든","20260116","59000","81","0.000000","2","","","1985","아파트","중개거래","서울 양천구"
"2026","11320","도봉구","10500","쌍문동","1","대지","0056","0000","삼익세라믹","20260116","59500","79.98","0.000000","14","","","1988","아파트","중개거래","서울 도봉구"
"2026","11470","양천구","10100","신정동","1","대지","0329","0000","목동신시가지14","20260116","184000","55.02","0.000000","1","","","1987","아파트","중개거래","서울 양천구"
"2026","11590","동작구","10200","상도동","1","대지","0211","0137","보성팰리스","20260116","22500","24.99","19.000000","4","","","2013","연립다세대","중개거래","서울 동작구"
"2026","11350","노원구","10200","월계동","1","대지","0013","0000","삼호3","20260116","98000","59.22","0.000000","12","","","1986","아파트","중개거래","서울 노원구"
"2026","11350","노원구","10500","상계동","1","대지","0720","0000","상계주공6(고층)","20260116","73700","58.01","0.000000","9","","","1988","아파트","중개거래","서울 노원구"
"2026","11530","구로구","10600","고척동","1","대지","0334","0000","벽산","20260116","97500","84.878","0.000000","5","","","2003","아파트","중개거래","서울 구로구"
"2026","11320","도봉구","10700","창동","1","대지","0045","0000","삼성래미안","20260116","78500","73.92","0.000000","20","","","1992","아파트","중개거래","서울 도봉구"
"2026","11350","노원구","10500","상계동","1","대지","0749","0005","상계주공4(고층)","20260116","51800","49.94","0.000000","2","","","1988","아파트","중개거래","서울 노원구"
"2026","11320","도봉구","10600","방학동","1","대지","0496","0000","벽산아파트2","20260116","41500","59.581","0.000000","13","","","1998","아파트","중개거래","서울 도봉구"
"2026","11620","관악구","10100","봉천동","1","대지","1706","0000","봉천우성","20260116","86000","59.76","0.000000","17","","","2000","아파트","중개거래","서울 관악구"
"2026","11740","강동구","10100","명일동","1","대지","0270","0000","삼익가든","20260116","140000","66.87","0.000000","6","","","1984","아파트","중개거래","서울 강동구"
"2026","11560","영등포구","12400","문래동6가","1","대지","0001","0001","문래동 현대홈시티1","20260116","53000","73.27","89.720000","15","","","2004","오피스텔","중개거래","서울 영등포구"
"2026","11410","서대문구","11800","홍은동","1","대지","0010","0310","미소지움105동","20260116","27000","21.2","16.000000","4","","","2019","연립다세대","직거래",""
"2026","11290","성북구","11200","삼선동2가","1","대지","0425","0000","삼선푸르지오","20260116","87000","59.95","0.000000","6","","","2008","아파트","중개거래","서울 성북구"
"2026","11230","동대문구","10600","장안동","1","대지","0406","0003","샤론인텔리안","20260116","38000","44.845","27.000000","3","","","2015","연립다세대","중개거래","서울 동대문구, 서울 성동구"
"2026","11230","동대문구","10700","청량리동","1","대지","0235","0001","미주","20260116","160000","152.17","0.000000","4","","","1978","아파트","중개거래","서울 동대문구"
"2026","11290","성북구","13800","장위동","1","대지","0233","0509","(233-509)","20260116","50800","56.28","25.000000","-1","","","1996","연립다세대","중개거래","서울 성북구"
"2026","11320","도봉구","10700","창동","1","대지","0816","0000","창동3차현대","20260116","95000","115.42","0.000000","22","","","2001","아파트","중개거래","서울 도봉구"
"2026","11440","마포구","11400","창전동","1","대지","0441","0000","창전쌍용스윗닷홈","20260116","130000","84.983","0.000000","2","","","2005","아파트","중개거래","서울 마포구"
"2026","11440","마포구","12200","합정동","1","대지","0474","0000","합정한강아파트","20260116","75700","52.62","0.000000","7","","","2017","아파트","중개거래","서울 마포구"
"2026","11440","마포구","12200","합정동","1","대지","0377","0034","합정리치빌","20260116","54500","29.98","20.000000","2","","","2021","연립다세대","중개거래","서울 마포구"
"2026","11350","노원구","10300","공릉동","1","대지","0240","0170","(240-170)","20260116","55010","52.65","42.000000","6","","","2022","연립다세대","직거래",""
"2026","11530","구로구","10700","개봉동","1","대지","0478","0000","한진","20260116","59800","59.95","0.000000","9","","","2000","아파트","중개거래","서울 구로구"
"2026","11530","구로구","10700","개봉동","1","대지","0481","0000","현대","20260116","88500","114.99","0.000000","22","","","2001","아파트","중개거래","서울 구로구"
"2026","11710","송파구","11100","방이동","1","대지","0160","0016","한성빌라","20260116","30700","44.34","35.000000","2","","","1989","연립다세대","중개거래","서울 송파구"
"2026","11500","강서구","10400","가양동","1","대지","1495","0000","한보구암마을","20260116","80000","59.85","0.000000","11","","","1999","아파트","중개거래","서울 강서구"
"2026","11500","강서구","10300","화곡동","1","대지","0792","0013","(792-13)","20260116","13000","38.2","28.000000","-1","","","1987","연립다세대","직거래",""
"2026","11380","은평구","10200","녹번동","1","대지","0095","0011","(95-11)","20260116","40500","38.37","29.000000","1","","","1986","연립다세대","중개거래","서울 은평구"
"2026","11560","영등포구","12600","양평동2가","1","대지","0043","0014","CO-OP Residence/오목교","20260116","7900","16.98","26.580000","7","","","2004","오피스텔","중개거래","서울 영등포구"
"2026","11560","영등포구","11000","여의도동","1","대지","0017","0016","D.S라르","20260116","31000","29.939","48.331500","4","","","2021","오피스텔","직거래",""
"2026","11470","양천구","10200","목동","1","대지","0908","0029","하이베라스","20260116","15100","35.39","46.630000","7","","","2003","오피스텔","중개거래","서울 양천구"
"2026","11350","노원구","10400","하계동","1","대지","0251","0000","하계1청구","20260116","87200","84.6","0.000000","13","","","1997","아파트","중개거래","서울 노원구"
"2026","11260","중랑구","10200","상봉동","1","대지","0226","0025","풍산쉐르빌102동","20260116","19000","47.35","0.000000","5","","","2002","아파트","직거래",""
"2026","11650","서초구","10800","서초동","1","대지","1321","0009","풍림아이원매직","20260116","58000","43.4","57.940000","9","","","2004","오피스텔","중개거래","서울 서초구"
"2026","11710","송파구","10200","신천동","1","대지","0011","0004","잠실푸르지오월드마크","20260116","220000","84.39","0.000000","30","","","2013","아파트","중개거래","서울 송파구"
"2026","11500","강서구","10900","방화동","1","대지","0841","0000","장미","20260116","43500","39.96","0.000000","5","","","1994","아파트","중개거래","서울 강서구"
"2026","11500","강서구","10900","방화동","1","대지","0841","0000","장미","20260116","39500","39.96","0.000000","1","","","1994","아파트","중개거래","서울 강서구"
"2026","11530","구로구","10200","구로동","1","대지","1127","0022","티타운빌딩","20260116","27000","52.07","74.730000","6","","","2006","오피스텔","중개거래","서울 구로구"
"2026","11710","송파구","10100","잠실동","1","대지","0035","0000","트리지움","20260116","328000","84.95","0.000000","15","","","2007","아파트","중개거래","서울 송파구"
"2026","11470","양천구","10300","신월동","1","대지","0134","0017","태형","20260116","42000","84.75","0.000000","1","","","1998","아파트","직거래",""
"2026","11530","구로구","10600","고척동","1","대지","0345","0000","조양휴캐슬","20260116","47500","48.95","32.000000","6","","","2012","연립다세대","중개거래","서울 구로구"
"2026","11290","성북구","13500","종암동","1","대지","0034","0003","종암선경","20260116","70000","75.5","0.000000","20","","","1996","아파트","중개거래","서울 성북구"
"2026","11500","강서구","10300","화곡동","1","대지","1155","0000","탑건진선미","20260116","60000","84.85","0.000000","1","","","2005","아파트","중개거래","서울 강서구"
"2026","11320","도봉구","10700","창동","1","대지","0027","0000","주공19단지(창동리버타운)","20260116","81000","59.39","0.000000","12","","","1988","아파트","중개거래","서울 강북구, 서울 도봉구"
"2026","11530","구로구","10200","구로동","1","대지","0685","0223","주공2","20260116","54000","32.39","0.000000","10","","","1987","아파트","중개거래","서울 구로구"
"2026","11680","강남구","10100","역삼동","1","대지","0664","0028","케아하우스","20260116","26000","22.16","14.000000","2","","","2017","연립다세대","중개거래","서울 서초구"
"2026","11350","노원구","10600","중계동","1","대지","0512","0000","중계무지개","20260116","58000","49.89","0.000000","13","","","1991","아파트","중개거래","서울 노원구"
"2026","11740","강동구","10600","둔촌동","1","대지","0064","0000","청호뜨레피움퍼스트아파트","20260116","68500","58.16","0.000000","9","","","2016","아파트","중개거래","서울 강동구"
"2026","11350","노원구","10400","하계동","1","대지","0274","0000","청솔(시영7)","20260116","52700","49.5","0.000000","4","","","1989","아파트","중개거래","서울 노원구"
"2026","11470","양천구","10300","신월동","1","대지","1057","0000","롯데캐슬(1057-0)","20260116","87200","84.94","0.000000","10","","","2010","아파트","중개거래","서울 양천구"
"2026","11230","동대문구","10500","답십리동","1","대지","1003","0000","래미안위브","20260116","160000","84.98","0.000000","2","","","2014","아파트","중개거래","서울 동대문구"
"2026","11500","강서구","10300","화곡동","1","대지","1037","0004","동명주택가동","20260116","36500","58.14","24.000000","4","","","2001","연립다세대","중개거래","서울 강서구"
"2026","11740","강동구","10700","암사동","1","대지","0414","0002","롯데캐슬퍼스트","20260116","190000","84.98","0.000000","19","","","2008","아파트","중개거래","서울 강동구"
"2026","11500","강서구","10600","내발산동","1","대지","0710","0030","더클래식","20260116","23500","34.2","21.000000","3","","","2017","연립다세대","중개거래","서울 강서구"
"2026","11350","노원구","10200","월계동","1","대지","0436","0000","동신","20260116","76800","70.81","0.000000","12","","","1983","아파트","중개거래","서울 노원구"
"2026","11440","마포구","12500","성산동","1","대지","0200","0301","명문주택","20260116","39500","32.55","19.000000","1","","","1991","연립다세대","중개거래","서울 마포구, 서울 은평구"
"2026","11440","마포구","12500","성산동","1","대지","0200","0301","명문주택","20260116","29500","32.55","19.000000","-1","","","1991","연립다세대","중개거래","서울 강서구, 서울 마포구"
"2026","11410","서대문구","11000","북아현동","1","대지","1009","0000","두산","20260116","129000","59.96","0.000000","6","","","1999","아파트","중개거래","서울 서대문구"
"2026","11440","마포구","10200","공덕동","1","대지","0463","0000","마포현대하이엘","20260116","23000","31.375","41.037000","15","","","2005","오피스텔","중개거래","서울 마포구"
"2026","11290","성북구","13700","상월곡동","1","대지","0101","0000","동아에코빌","20260116","74000","84.97","0.000000","10","","","2003","아파트","중개거래","서울 성북구"
"2026","11470","양천구","10100","신정동","1","대지","1278","0000","목동삼성","20260116","149500","84.77","0.000000","2","","","1996","아파트","중개거래","서울 양천구"
"2026","11350","노원구","10500","상계동","1","대지","1011","0048","덕산맨션(1011-48)","20260116","27400","59.95","36.000000","3","","","2009","연립다세대","직거래",""
"2026","11470","양천구","10300","신월동","1","대지","1075","0000","목동센트럴아이파크위브1단지","20260116","126500","84.97","0.000000","4","","","2020","아파트","중개거래","서울 양천구"
"2026","11470","양천구","10300","신월동","1","대지","1075","0000","목동센트럴아이파크위브1단지","20260116","129500","84.98","0.000000","15","","","2020","아파트","중개거래","서울 양천구"
"2026","11380","은평구","10800","역촌동","1","대지","0020","0009","동우아이파크","20260116","23000","29.71","18.000000","4","","","2014","연립다세대","중개거래","서울 은평구"
"2026","11440","마포구","12000","서교동","1","대지","0460","0038","동광팰리스","20260116","11500","13.04","9.000000","2","","","2013","연립다세대","중개거래","서울 마포구"
"2026","11650","서초구","10800","서초동","1","대지","1598","0003","르네상스오피스텔","20260116","27500","43.66","62.740000","10","","","1991","오피스텔","중개거래","서울 서초구"
"2026","11620","관악구","10300","남현동","1","대지","1055","0014","도담파크빌","20260116","33500","29.96","20.000000","3","","","2020","연립다세대","중개거래","서울 관악구"
"2026","11230","동대문구","10500","답십리동","1","대지","1000","0000","래미안엘파인아파트","20260116","94000","84.9","0.000000","10","","","2011","아파트","중개거래","서울 동대문구, 서울 중구"
"2026","11260","중랑구","10100","면목동","1","대지","1544","0000","라온프라이빗","20260116","95000","59.98","0.000000","15","","","2020","아파트","중개거래","서울 동대문구, 서울 중랑구"
"2026","11410","서대문구","10500","냉천동","1","대지","0261","0000","돈의문센트레빌","20260116","146000","59.98","0.000000","8","","","2011","아파트","중개거래","서울 서대문구"
"2026","11560","영등포구","11000","여의도동","1","대지","0043","0004","롯데캐슬아이비","20260116","193500","113.59","0.000000","13","","","2005","아파트","중개거래","서울 영등포구"
"2026","11410","서대문구","12000","남가좌동","1","대지","0390","0000","래미안루센티아","20260116","148500","84.84","0.000000","7","","","2020","아파트","중개거래","서울 서대문구"
"2026","11140","중구","16500","황학동","1","대지","2545","0000","롯데캐슬","20260116","129000","114.9","0.000000","10","","","2008","아파트","중개거래","서울 성동구"
"2026","11470","양천구","10200","목동","1","대지","0901","0000","목동신시가지1","20260116","215000","66","0.000000","2","","","1985","아파트","중개거래","서울 양천구"
"2026","11410","서대문구","12000","남가좌동","1","대지","0379","0000","래미안남가좌2차","20260116","118000","59.788","0.000000","11","","","2005","아파트","중개거래","서울 서대문구"
"2026","11710","송파구","10100","잠실동","1","대지","0022","0000","리센츠","20260116","154000","27.68","0.000000","14","","","2008","아파트","중개거래","서울 송파구"
"2026","11380","은평구","11000","증산동","1","대지","0209","0011","융덕스위트빌(209-11)","20260116","36500","65.28","27.000000","4","","","2001","연립다세대","중개거래","서울 은평구"
"2026","11710","송파구","10900","장지동","1","대지","0901","0000","위례24단지(꿈에그린)","20260116","170000","59.63","0.000000","17","","","2013","아파트","중개거래","서울 강동구, 서울 마포구"
"2026","11260","중랑구","10300","중화동","1","대지","0154","0029","송원빌라","20260116","30000","33.04","14.000000","-1","","","1992","연립다세대","중개거래","서울 중랑구"
"2026","11230","동대문구","10200","용두동","1","대지","0779","0000","신동아","20260116","68000","58.59","0.000000","1","","","1994","아파트","중개거래","서울 동대문구"
"2026","11530","구로구","10800","오류동","1","대지","0033","0033","예성 라온팰리스","20260116","35500","69.93","92.700000","22","","","2007","오피스텔","중개거래","서울 구로구"
"2026","11380","은평구","10500","구산동","1","대지","0014","0032","예림빌라9차","20260116","18000","28.82","19.000000","6","","","2012","연립다세대","중개거래","서울 은평구"
"2026","11545","금천구","10200","독산동","1","대지","0960","0011","엘리체(ELICHE)","20260116","11200","26.085","46.509000","2","","","2012","오피스텔","중개거래","서울 금천구"
"2026","11650","서초구","10800","서초동","1","대지","1595","0003","엘루크 서초","20260116","83000","40.924","55.404600","8","","","2025","오피스텔","중개거래","서울 강남구"
"2026","11560","영등포구","10300","영등포동2가","1","대지","0028","0105","에코하임","20260116","31900","44.07","51.950000","5","","","2018","오피스텔","직거래",""
"2026","11500","강서구","10100","염창동","1","대지","0272","0025","염창빌라","20260116","9000","37.11","25.000000","-1","","","1993","연립다세대","직거래",""
"2026","11560","영등포구","11800","도림동","1","대지","0057","0000","영광빌라","20260116","50000","19.72","20.000000","2","","","2021","연립다세대","중개거래","서울 영등포구"
"2026","11710","송파구","10800","문정동","1","대지","0150","0000","올림픽훼밀리타운","20260116","155500","117.585","0.000000","9","","","1988","아파트","중개거래","서울 서초구, 서울 송파구"
"2026","11650","서초구","10100","방배동","1","대지","0836","0004","영진","20260116","181000","104.98","0.000000","1","","","1998","아파트","중개거래","서울 서초구"
"2026","11470","양천구","10200","목동","1","대지","0558","0003","이가채(가동)","20260116","25000","28.53","18.000000","4","","","2016","연립다세대","중개거래","서울 양천구"
"2026","11710","송파구","10800","문정동","1","대지","0652","0000","송파법조타운푸르지오시티","20260116","19500","20.45","29.780000","8","","","2018","오피스텔","중개거래","서울 송파구"
"2026","11440","마포구","11500","상수동","1","대지","0339","0015","오벨리스크","20260116","12300","18.26","21.840000","6","","","2002","오피스텔","중개거래","서울 마포구"
"2026","11260","중랑구","10100","면목동","1","대지","1077","0001","용마한신","20260116","58000","59.22","0.000000","8","","","1990","아파트","중개거래","서울 중랑구"
"2026","11680","강남구","10100","역삼동","1","대지","0736","0024","엘지역삼에클라트","20260116","14400","28.64","40.010000","2","","20260116","2004","오피스텔","직거래",""
"2026","11740","강동구","10500","길동","1","대지","0388","0002","에스아이팰리스강동센텀I","20260116","52018","33.291","0.000000","11","","","2023","아파트","직거래",""
"2026","11620","관악구","10100","봉천동","1","대지","1707","0001","은천2단지아파트","20260116","47000","49.95","0.000000","1","","","2000","아파트","중개거래","서울 관악구"
"2026","11350","노원구","10500","상계동","1","대지","1255","0000","은빛1단지","20260116","38000","49.77","0.000000","13","","","1998","아파트","중개거래","서울 노원구"
"2026","11170","용산구","10100","후암동","1","대지","0328","0002","윤성빌라","20260116","79000","62.4","33.000000","1","","","2002","연립다세대","중개거래","서울 용산구"
"2026","11500","강서구","10300","화곡동","1","대지","1144","0000","우림루미아트아파트","20260116","63500","76.36","0.000000","5","","","2003","아파트","중개거래","서울 강서구"
"2026","11560","영등포구","13300","대림동","1","대지","0696","0000","우성1","20260116","84000","83.59","0.000000","3","","","1985","아파트","중개거래","서울 영등포구"
"2026","11545","금천구","10200","독산동","1","대지","1143","0000","이랜드해가든","20260116","75000","84.935","0.000000","21","","","2008","아파트","중개거래","서울 금천구"
"2026","11545","금천구","10200","독산동","1","대지","1143","0000","이랜드해가든","20260116","75000","84.935","0.000000","21","","20260122","2008","아파트","중개거래","서울 금천구"
"2026","11470","양천구","10200","목동","1","대지","0041","0004","아이비캐슬","20260116","29500","25.48","13.000000","1","","","2016","연립다세대","중개거래","서울 양천구"
"2026","11500","강서구","10600","내발산동","1","대지","0657","0000","우장산힐스테이트","20260116","141500","59.98","0.000000","8","","","2005","아파트","중개거래","서울 강서구"
"2026","11380","은평구","11400","진관동","1","대지","0073","0000","웅신 미켈란의 아침","20260116","11800","19.06","32.518700","15","","","2017","오피스텔","중개거래","서울 은평구"
"2026","11710","송파구","10600","삼전동","1","대지","0091","0010","승리빌라트(91-10)","20260116","25000","36.5","10.000000","5","","","2002","연립다세대","중개거래","서울 송파구"
"2026","11710","송파구","10600","삼전동","1","대지","0091","0010","승리빌라트(91-10)","20260116","25000","38.98","10.000000","2","","","2002","연립다세대","중개거래","서울 송파구"
"2026","11710","송파구","10600","삼전동","1","대지","0091","0010","승리빌라트(91-10)","20260116","37500","40.39","18.000000","3","","","2002","연립다세대","중개거래","서울 송파구"
"2026","11560","영등포구","11000","여의도동","1","대지","0050","0000","시범","20260116","290000","79.24","0.000000","9","","","1971","아파트","중개거래","서울 강남구, 서울 영등포구"
"2026","11500","강서구","10300","화곡동","1","대지","0367","0093","예인빌라5차","20260116","15800","31.74","19.000000","4","","","1999","연립다세대","중개거래","경기 부천시 원미구"
"2026","11380","은평구","11400","진관동","1","대지","0073","0000","웅신 미켈란의 아침","20260116","11600","19.06","32.518700","5","","","2017","오피스텔","중개거래","서울 은평구"
"2026","11650","서초구","10800","서초동","1","대지","1428","0007","씨엠빌","20260116","32800","29.97","19.000000","2","","","2016","연립다세대","중개거래","서울 서초구"
"2026","11710","송파구","10800","문정동","1","대지","0624","0000","송파 아이파크","20260116","60000","49.84","71.418000","15","","","2015","오피스텔","중개거래","서울 송파구"
"2026","11560","영등포구","10200","영등포동1가","1","대지","0127","0000","신한헤스티아","20260116","13500","18.01","28.650000","5","","","2016","오피스텔","중개거래","서울 영등포구"
"2026","11260","중랑구","10500","망우동","1","대지","0584","0000","신내역 프라디움 더 테라스","20260116","61900","84.935","118.299300","16","","","2023","오피스텔","중개거래","서울 중랑구"
"2026","11650","서초구","10800","서초동","1","대지","1434","0002","신원아침도시(1434)","20260116","143000","82.174","0.000000","2","","","2004","아파트","중개거래","경기 용인시 기흥구, 서울 서초구"
"2026","11470","양천구","10200","목동","1","대지","0948","0000","월드메르디앙2","20260116","121000","84.3","0.000000","11","","","2003","아파트","중개거래","서울 양천구"
"2026","11380","은평구","10900","신사동","1","대지","0155","0001","신성","20260116","54000","82.74","0.000000","6","","","1988","아파트","중개거래","서울 은평구"
"2026","11545","금천구","10200","독산동","1","대지","0904","0024","월드아트빌3차","20260116","20000","50.72","27.000000","4","","","2002","연립다세대","중개거래","서울 금천구"
"2026","11710","송파구","11100","방이동","1","대지","0049","0000","오르본 인투파크 오피스텔","20260116","29500","28.999","43.174200","14","","","2018","오피스텔","중개거래","서울 송파구"
"2026","11410","서대문구","11200","대현동","1","대지","0104","0036","신촌자이엘라","20260115","26900","29.62","44.367400","5","","","2014","오피스텔","중개거래","서울 마포구, 서울 서대문구"
"2026","11470","양천구","10100","신정동","1","대지","1277","0000","신트리4","20260115","69500","59.73","0.000000","1","","","2000","아파트","중개거래","서울 양천구"
"2026","11410","서대문구","11200","대현동","1","대지","0037","0032","영타운 지웰 에스테이트","20260115","18800","20.27","31.440700","4","","","2017","오피스텔","중개거래","서울 서대문구"
"2026","11290","성북구","13600","하월곡동","1","대지","0222","0000","월곡두산위브","20260115","100000","114.752","0.000000","15","","","2003","아파트","중개거래","서울 성북구"
"2026","11290","성북구","10300","돈암동","1","대지","0636","0000","이수브라운스톤돈암","20260115","83000","59.99","0.000000","18","","","2004","아파트","중개거래","서울 강서구, 서울 성동구"
"2026","11710","송파구","10900","장지동","1","대지","0857","0000","송파파인타운13단지","20260115","198000","84.85","0.000000","7","","","2011","아파트","중개거래","서울 송파구"
"2026","11620","관악구","10200","신림동","1","대지","0621","0019","스위트캐슬","20260115","26000","29.53","13.000000","6","","","2019","연립다세대","중개거래","서울 관악구"
"2026","11710","송파구","11200","오금동","1","대지","0067","0000","송파더플래티넘","20260115","138000","65.33","0.000000","3","","","2024","아파트","중개거래","서울 강남구, 서울 송파구"
"2026","11230","동대문구","11000","이문동","1","대지","0149","0008","이문아이파크자이","20260115","171000","84.95","0.000000","16","분양권","","0","아파트","중개거래","서울 동대문구"
"2026","11620","관악구","10300","남현동","1","대지","1072","0047","예촌BC","20260115","58700","90.45","0.000000","1","","","2004","아파트","중개거래","서울 관악구"
"2026","11710","송파구","10800","문정동","1","대지","0620","0000","송파푸르지오시티","20260115","19000","24.9","32.460000","10","","","2013","오피스텔","중개거래","서울 송파구"
"2026","11710","송파구","10800","문정동","1","대지","0146","0000","세양청마루","20260115","96000","59.91","0.000000","8","","","2004","아파트","중개거래","서울 송파구"
"2026","11260","중랑구","10100","면목동","1","대지","0501","0002","양지쉐르빌","20260115","36700","58.27","25.000000","3","","","2015","연립다세대","중개거래","서울 중랑구"
"2026","11740","강동구","10100","명일동","1","대지","0356","0000","우성101동","20260115","55000","84.98","0.000000","1","","","2004","아파트","중개거래","서울 강동구"
"2026","11260","중랑구","10400","묵동","1","대지","0163","0005","스마트빌","20260115","41500","66.79","85.440000","7","","","2023","오피스텔","직거래",""
"2026","11230","동대문구","10600","장안동","1","대지","0364","0006","위산일리온시티","20260115","23000","17.59","27.760000","7","","","2022","오피스텔","직거래",""
"2026","11530","구로구","11200","항동","1","대지","0244","0000","우남퍼스트빌더센트럴","20260115","75000","84.981","0.000000","7","","","2020","아파트","중개거래","서울 구로구"
"2026","11740","강동구","10600","둔촌동","1","대지","0489","0000","올림픽파크 서한포레스트","20260115","87617","49.092","0.000000","13","분양권","","0","아파트","중개거래","서울 강동구"
"2026","11500","강서구","10600","내발산동","1","대지","0765","0000","우장산동문디이스트","20260115","88000","74.03","0.000000","2","","","2023","아파트","중개거래","서울 강서구"
"2026","11710","송파구","10800","문정동","1","대지","0620","0000","송파푸르지오시티","20260115","29000","30","39.110000","13","","","2013","오피스텔","직거래",""
"2026","11500","강서구","10300","화곡동","1","대지","1158","0000","우장산에스케이뷰","20260115","94000","84.97","0.000000","11","","","2006","아파트","중개거래","서울 강서구, 서울 양천구"
"2026","11740","강동구","10600","둔촌동","1","대지","0170","0001","올림픽파크포레온","20260115","383000","134.97","0.000000","22","입주권","","0","아파트","중개거래","서울 강동구"
"2026","11410","서대문구","11200","대현동","1","대지","0144","0000","신촌럭키","20260115","160000","121.6","0.000000","13","","","1999","아파트","중개거래","서울 서대문구"
"2026","11500","강서구","10300","화곡동","1","대지","0098","0118","오성주택","20260115","24000","53.2","25.000000","4","","","2002","연립다세대","중개거래","서울 강서구"
"2026","11560","영등포구","12100","문래동3가","1","대지","0099","0000","예지팰리스77차","20260115","66000","62.65","0.000000","7","","","2015","아파트","중개거래","서울 영등포구"
"2026","11710","송파구","10800","문정동","1","대지","0620","0000","송파푸르지오시티","20260115","29000","30","39.110000","13","","","2013","오피스텔","직거래",""
"2026","11710","송파구","10900","장지동","1","대지","0878","0000","위례신도시송파푸르지오","20260115","200000","112.115","0.000000","22","","","2015","아파트","중개거래","서울 송파구"
"2026","11230","동대문구","10600","장안동","1","대지","0416","0001","에스아이팰리스장안센텀","20260115","21000","13.88","0.000000","18","","","2020","아파트","중개거래","서울 동대문구"
"2026","11500","강서구","10300","화곡동","1","대지","0410","0174","유니온쉐르빌(A동)","20260115","17000","48.9","24.000000","1","","","2002","연립다세대","중개거래","서울 강서구"
"2026","11500","강서구","10300","화곡동","1","대지","1139","0000","초록","20260115","97000","84.07","0.000000","11","","","1998","아파트","중개거래","서울 강남구, 서울 강서구"
"2026","11260","중랑구","10500","망우동","1","대지","0583","0000","중랑숲리가","20260115","57000","59.978","0.000000","1","","","2012","아파트","중개거래","서울 용산구, 서울 중랑구"
"2026","11560","영등포구","11100","당산동1가","1","대지","0256","0008","퍼스트빌리지","20260115","43900","60.93","74.830000","4","","","2018","오피스텔","중개거래","서울 영등포구"
"2026","11230","동대문구","10400","전농동","1","대지","0010","0000","전농SK","20260115","104000","84.95","0.000000","5","","","2000","아파트","중개거래","서울 동대문구"
"2026","11620","관악구","10200","신림동","1","대지","0409","0318","(409-318)","20260115","34700","34.72","38.000000","2","","","1986","연립다세대","중개거래","서울 관악구"
"2026","11530","구로구","10200","구로동","1","대지","0685","0124","중앙하이츠","20260115","54500","59.99","0.000000","1","","","1987","아파트","중개거래","서울 구로구"
"2026","11680","강남구","10100","역삼동","1","대지","0702","0013","702-13(성지하이츠)","20260115","40100","54.91","73.270000","10","","","1991","오피스텔","중개거래","서울 강남구"
"2026","11500","강서구","10400","가양동","1","대지","1495","0000","한보구암마을","20260115","79500","59.58","0.000000","7","","","1999","아파트","중개거래","서울 강서구"
"2026","11260","중랑구","10500","망우동","1","대지","0583","0000","중랑숲리가","20260115","57000","59.978","0.000000","1","","","2012","아파트","중개거래","서울 용산구, 서울 중랑구"
"2026","11410","서대문구","11000","북아현동","1","대지","0154","0006","헤센 스마트 더 센트럴","20260115","33400","20.98","32.000000","10","","","2023","오피스텔","중개거래","서울 서대문구"
"2026","11530","구로구","10200","구로동","1","대지","0807","0001","(807-1)","20260115","10200","35.28","0.000000","1","","","1997","아파트","중개거래","서울 구로구"
"2026","11710","송파구","10700","가락동","1","대지","0182","0013","182-13","20260115","35000","48.61","28.000000","2","","","2014","연립다세대","중개거래","서울 송파구"
"2026","11470","양천구","10200","목동","1","대지","0537","0027","진흥맨션나동","20260115","49000","82.48","61.000000","1","","","1982","연립다세대","중개거래","서울 양천구"
"2026","11290","성북구","13300","정릉동","1","대지","0239","0000","정릉풍림아이원","20260115","53800","59.88","0.000000","9","","","2005","아파트","중개거래","서울 성북구"
"2026","11710","송파구","10500","석촌동","1","대지","0177","0001","(177-1)","20260115","46000","53.33","25.000000","4","","","2006","연립다세대","중개거래","서울 송파구"
"2026","11350","노원구","10600","중계동","1","대지","0362","0001","주공8","20260115","57500","49.72","0.000000","12","","","1993","아파트","중개거래","서울 노원구"
"2026","11530","구로구","10700","개봉동","1","대지","0476","0000","한마을","20260115","82000","59.57","0.000000","13","","","1999","아파트","중개거래","서울 구로구"
"2026","11290","성북구","13300","정릉동","1","대지","1025","0000","정릉힐스테이트","20260115","77800","84.92","0.000000","2","","","2004","아파트","중개거래","서울 성북구"
"2026","11710","송파구","10700","가락동","1","대지","0166","0006","테라펠리체송파","20260115","80500","44.035","0.000000","13","","","2021","아파트","중개거래","서울 강남구"
"2026","11710","송파구","10200","신천동","1","대지","0011","0010","잠실아이스페이스","20260115","137000","84.69","0.000000","21","","","2001","아파트","중개거래","서울 송파구"
"2026","11470","양천구","10200","목동","1","대지","0717","0010","제이엘카운티","20260115","20700","30.24","19.000000","5","","","2012","연립다세대","중개거래","서울 양천구"
"2026","11230","동대문구","10600","장안동","1","대지","0344","0008","태솔타운","20260115","29000","59.8","71.540000","2","","","2012","오피스텔","중개거래","경기 부천시 소사구"
"2026","11320","도봉구","10500","쌍문동","1","대지","0059","0005","한양6","20260115","51500","83.86","0.000000","7","","","2002","아파트","중개거래","서울 도봉구"
"2026","11710","송파구","10400","송파동","1","대지","0038","0009","(38-9)","20260115","32000","38.75","22.000000","2","","","2004","연립다세대","중개거래","서울 송파구"
"2026","11530","구로구","11200","항동","1","대지","0246","0000","항동제일풍경채포레스트","20260115","69000","84.661","0.000000","6","","","2020","아파트","중개거래","경기 시흥시, 서울 구로구"
"2026","11710","송파구","10100","잠실동","1","대지","0019","0000","잠실엘스","20260115","340000","84.8","0.000000","11","","","2008","아파트","중개거래","서울 송파구"
"2026","11230","동대문구","10600","장안동","1","대지","0372","0005","장안뉴시티","20260115","9000","17.63","0.000000","13","","","2012","아파트","중개거래","서울 광진구"
"2026","11530","구로구","10700","개봉동","1","대지","0476","0000","한마을","20260115","80000","59.57","0.000000","12","","","1999","아파트","중개거래","서울 구로구"
"2026","11320","도봉구","10700","창동","1","대지","0815","0000","창동2차현대","20260115","68000","59.499","0.000000","2","","","2001","아파트","중개거래","서울 도봉구"
"2026","11215","광진구","10500","자양동","1","대지","0861","0000","자양호반써밋","20260115","117000","40.267","0.000000","14","","","2021","아파트","중개거래","서울 광진구"
"2026","11320","도봉구","10600","방학동","1","대지","0608","0056","한양빌라(B)","20260115","9400","45.09","32.000000","-1","","","1991","연립다세대","중개거래","서울 도봉구"
"2026","11710","송파구","10800","문정동","1","대지","0618","0000","파크하비오","20260115","22000","27.53","34.890000","10","","","null","오피스텔","중개거래","서울 송파구"
"2026","11410","서대문구","11900","북가좌동","1","대지","0313","0003","한양아트빌(313-3)","20260115","30000","53.52","29.000000","4","","","2004","연립다세대","중개거래","서울 서대문구"
"2026","11350","노원구","10200","월계동","1","대지","0392","0043","해인베스트빌(392-43)","20260115","15000","32.16","19.000000","3","","","2008","연립다세대","직거래",""
"2026","11545","금천구","10100","가산동","1","대지","0140","0009","가산지웰에스테이트","20260115","10500","15.52","0.000000","9","","","2013","아파트","중개거래","서울 양천구"
"2026","11110","종로구","17500","숭인동","","","","","","20260115","28000","16.53","27.000000","","","","1911","단독다가구","중개거래","서울 종로구"
"2026","11560","영등포구","12700","양평동3가","1","대지","0079","0000","현대3차","20260115","128000","84.62","0.000000","15","","","1991","아파트","중개거래","서울 영등포구"
"2026","11290","성북구","13300","정릉동","1","대지","0772","0015","금정빌라","20260115","13000","44.28","19.000000","2","","","1992","연립다세대","중개거래","서울 성북구"
"2026","11545","금천구","10200","독산동","1","대지","1156","0000","금천 롯데캐슬 골드파크 4차","20260115","16500","26.45","41.440000","33","","","2019","오피스텔","직거래",""
"2026","11530","구로구","10700","개봉동","1","대지","0489","0000","개봉동현대아이파크","20260115","100000","117.74","0.000000","18","","","2006","아파트","중개거래","서울 구로구"
"2026","11590","동작구","10500","흑석동","1","대지","0343","0000","흑석리버파크자이","20260115","257000","84.99","0.000000","6","","","2023","아파트","중개거래","서울 강서구, 서울 동작구"
"2026","11740","강동구","10100","명일동","","","","","","20260115","185000","367.62","223.000000","","","","1991","단독다가구","중개거래","서울 강동구"
"2026","11230","동대문구","10400","전농동","1","대지","0620","0060","힐스테이트 청량리 더퍼스트","20260115","104000","84.99","124.820000","34","","","2023","오피스텔","중개거래","서울 송파구"
"2026","11530","구로구","10900","궁동","1","대지","0237","0001","현대힐타운(237-1)","20260115","22000","29.55","18.000000","5","","","2017","연립다세대","중개거래","서울 구로구"
"2026","11290","성북구","13400","길음동","1","대지","1284","0000","길음뉴타운8단지(래미안)","20260115","105000","59.99","0.000000","4","","","2010","아파트","중개거래","서울 성북구"
"2026","11290","성북구","13400","길음동","1","대지","1277","0000","길음현대","20260115","41500","32.98","0.000000","9","","","2000","아파트","중개거래","서울 성북구"
"2026","11740","강동구","10900","천호동","1","대지","0163","0007","현일 디와이디","20260115","19500","13.71","20.870000","13","","","2019","오피스텔","중개거래","서울 종로구"
"2026","11110","종로구","11800","내수동","1","대지","0074","0000","광화문시대","20260115","30500","34.9","46.650000","5","","","2004","오피스텔","중개거래","서울 종로구"
"2026","11410","서대문구","11100","홍제동","1","대지","0474","0000","홍제역해링턴플레이스","20260115","150000","84.95","0.000000","11","","","2024","아파트","중개거래","서울 서대문구"
"2026","11140","중구","14700","쌍림동","1","대지","0106","0014","남산 오렌지카운티","20260115","22500","18.49","28.862000","5","","","2020","오피스텔","중개거래","서울 중구"
"2026","11410","서대문구","11100","홍제동","1","대지","0474","0000","홍제역해링턴플레이스","20260115","130000","59.96","0.000000","6","","","2024","아파트","중개거래","서울 서대문구"
"2026","11440","마포구","10300","신공덕동","1","대지","0001","0048","갑을명가시티2","20260115","12000","16.76","25.620000","6","","","null","오피스텔","중개거래","서울 마포구"
"2026","11680","강남구","11200","자곡동","1","대지","0596","0000","강남 더샵라르고","20260115","16000","25.63","33.869600","4","","","2014","오피스텔","중개거래","서울 강남구"
"2026","11620","관악구","10100","봉천동","1","대지","1728","0000","관악파크푸르지오","20260115","87500","59.98","0.000000","7","","","2014","아파트","중개거래","서울 관악구"
"2026","11305","강북구","10300","수유동","1","대지","0230","0007","효성 인텔리안 오피스텔","20260115","14500","34.51","52.906000","9","","","2005","오피스텔","중개거래","서울 강북구"
"2026","11740","강동구","10900","천호동","1","대지","0450","0000","강동상떼빌","20260115","101000","108.17","0.000000","14","","","2007","아파트","중개거래","서울 강동구"
"2026","11140","중구","14400","장충동2가","","","","","","20260115","230000","76.03","95.000000","","","","1937","단독다가구","중개거래","서울 중구"
"2026","11590","동작구","10700","사당동","","","","","","20260115","168000","124.8","93.000000","","","","1990","단독다가구","중개거래","경기 의왕시, 서울 동작구"
"2026","11200","성동구","11000","금호동2가","","","","","","20260115","110000","61.39","165.000000","","","","1964","단독다가구","중개거래","서울 서대문구, 서울 성동구"
"2026","11590","동작구","10200","상도동","1","대지","0294","0042","효성주택(294-42)","20260115","50000","49.18","27.000000","4","","","2012","연립다세대","중개거래","서울 동작구"
"2026","11230","동대문구","10300","제기동","","","","","","20260115","96000","151.72","129.000000","","","","1990","단독다가구","중개거래","서울 동대문구"
"2026","11680","강남구","11100","세곡동","1","대지","0587","0000","강남 지웰파인즈","20260115","21500","24.662","37.990000","7","","","2016","오피스텔","중개거래","서울 강남구, 서울 송파구"
"2026","11560","영등포구","11800","도림동","1","대지","0205","0041","경산아트빌A동(205-41)","20260115","30000","49.17","23.000000","3","","","2002","연립다세대","중개거래","서울 강북구, 서울 영등포구"
"2026","11560","영등포구","11500","당산동5가","1","대지","0009","0003","당산역해링턴타워","20260115","22000","23.92","33.230000","18","","","2015","오피스텔","중개거래","서울 영등포구"
"2026","11200","성동구","11300","옥수동","1","대지","0428","0000","극동","20260115","180000","148.23","0.000000","2","","","1986","아파트","직거래",""
"2026","11230","동대문구","10900","휘경동","1","대지","0319","0005","휘경동 코업레지던스","20260115","7300","13.86","19.020000","3","","","2002","오피스텔","중개거래","서울 동대문구"
"2026","11500","강서구","10300","화곡동","1","대지","0367","0037","성진빌라트","20260115","21000","64.71","39.000000","4","","","2002","연립다세대","중개거래","서울 강서구"
"2026","11350","노원구","10500","상계동","1","대지","0765","0000","상계주공1(저층)","20260115","72000","84.41","0.000000","4","","","1988","아파트","중개거래","서울 노원구"
"2026","11620","관악구","10100","봉천동","1","대지","0869","0006","서울대역마에스트로","20260115","19000","23.09","0.000000","18","","","2012","아파트","중개거래","서울 관악구"
"2026","11650","서초구","10800","서초동","1","대지","1684","0000","서초4현대","20260115","295000","140.03","0.000000","15","","","2000","아파트","중개거래","서울 서초구"
"2026","11380","은평구","10700","응암동","1","대지","0768","0000","백련산해모로","20260115","104000","84.99","0.000000","19","","","2020","아파트","중개거래","서울 은평구"
"2026","11320","도봉구","10800","도봉동","1","대지","0570","0010","삼안리치","20260115","26000","74.25","0.000000","4","","","2002","아파트","중개거래","서울 도봉구"
"2026","11740","강동구","10700","암사동","1","대지","0481","0003","샤인빌","20260115","17800","25.45","19.000000","5","","","2008","연립다세대","중개거래","서울 강동구"
"2026","11320","도봉구","10800","도봉동","1","대지","0641","0000","서원","20260115","35800","49.77","0.000000","15","","","1996","아파트","중개거래","서울 강북구, 서울 도봉구"
"2026","11290","성북구","11200","삼선동2가","1","대지","0425","0000","삼선푸르지오","20260115","99500","114.65","0.000000","7","","","2008","아파트","중개거래","서울 성북구"
"2026","11260","중랑구","10300","중화동","1","대지","0301","0075","브래뉴1","20260115","36000","29.89","18.000000","2","","","2020","연립다세대","중개거래","서울 성동구"
"2026","11440","마포구","12700","상암동","1","대지","1752","0000","상암월드컵파크9단지","20260115","102500","84.98","0.000000","13","","","2010","아파트","중개거래","서울 마포구"
"2026","11560","영등포구","13200","신길동","1","대지","4934","0000","삼성래미안","20260115","89900","84.91","0.000000","2","","","2001","아파트","중개거래","서울 영등포구"
"2026","11380","은평구","10900","신사동","1","대지","0140","0001","미성","20260115","55000","63.53","0.000000","8","","","1987","아파트","중개거래","서울 은평구"
"2026","11470","양천구","10200","목동","1","대지","0904","0000","목동신시가지4","20260115","249500","67.58","0.000000","6","","","1986","아파트","중개거래","서울 양천구"
"2026","11380","은평구","10700","응암동","1","대지","0116","0024","서강스카이빌3(116-24)","20260115","72000","84.98","0.000000","10","","","2006","아파트","중개거래","서울 은평구"
"2026","11410","서대문구","11800","홍은동","1","대지","0010","0310","미소지움105동","20260115","27000","22.65","17.000000","2","","","2019","연립다세대","직거래",""
"2026","11500","강서구","10400","가양동","1","대지","0239","0022","보배골든빌","20260115","31000","74.62","35.000000","5","","","2003","연립다세대","중개거래","서울 강서구"
"2026","11440","마포구","12700","상암동","1","대지","1655","0000","상암월드컵파크4단지","20260115","160000","84.76","0.000000","16","","","2006","아파트","중개거래","서울 마포구"
"2026","11290","성북구","13600","하월곡동","1","대지","0088","0510","삼전솔하임3차","20260115","12000","15.54","0.000000","7","","","2013","아파트","중개거래","서울 성북구"
"2026","11650","서초구","10800","서초동","1","대지","1445","0013","서초쌍용플래티넘","20260115","35000","41.04","53.230000","8","","","2006","오피스텔","중개거래","서울 서초구"
"2026","11530","구로구","10600","고척동","1","대지","0334","0000","벽산","20260115","95500","84.878","0.000000","17","","","2003","아파트","중개거래","서울 구로구"
"2026","11740","강동구","10700","암사동","1","대지","0509","0000","선사현대아파트","20260115","145000","59.64","0.000000","19","","","2000","아파트","중개거래","서울 강동구"
"2026","11560","영등포구","13200","신길동","1","대지","4958","0000","보라매에스케이뷰","20260115","192000","100.95","0.000000","2","","","2020","아파트","중개거래","서울 영등포구"
"2026","11380","은평구","10900","신사동","1","대지","0140","0001","미성","20260115","46000","83.27","0.000000","2","","","1987","아파트","직거래",""
"2026","11440","마포구","10300","신공덕동","1","대지","0170","0000","브라운스톤공덕아파트","20260115","195000","59.89","0.000000","13","","","2009","아파트","중개거래","서울 마포구"
"2026","11380","은평구","10700","응암동","1","대지","0760","0000","백련산힐스테이트2차","20260115","78000","59.95","0.000000","5","","","2011","아파트","중개거래","서울 은평구"
"2026","11590","동작구","10900","신대방동","1","대지","0719","0000","동작상떼빌","20260115","126900","128.61","0.000000","14","","","2006","아파트","중개거래","서울 금천구, 서울 동작구"
"2026","11590","동작구","10200","상도동","1","대지","0239","0030","대용주택","20260115","79000","78.46","43.000000","1","","","2001","연립다세대","중개거래","서울 동작구, 서울 용산구"
"2026","11170","용산구","12400","한강로1가","1","대지","0064","0000","대우 월드마크 용산","20260115","181000","104.291","138.824000","22","","","2007","오피스텔","중개거래","서울 서초구, 서울 용산구"
"2026","11230","동대문구","10200","용두동","1","대지","0039","0774","모두가(39-774)","20260115","54000","24.66","15.000000","6","","","2017","연립다세대","중개거래","서울 동대문구"
"2026","11545","금천구","10200","독산동","1","대지","0882","0022","모던하우스(882-22)","20260115","33400","53.27","30.000000","3","","","2018","연립다세대","중개거래","서울 금천구"
"2026","11230","동대문구","10900","휘경동","1","대지","0246","0000","맥스타워","20260115","16000","14.04","5.000000","8","","","2021","연립다세대","중개거래","서울 동대문구"
"2026","11380","은평구","10900","신사동","1","대지","0368","0000","대주파크빌","20260115","55000","59.99","0.000000","8","","","2004","아파트","중개거래","서울 은평구"
"2026","11350","노원구","10500","상계동","1","대지","0341","0015","마블러스2","20260115","11800","23.05","30.880000","6","","","2003","오피스텔","중개거래","서울 노원구"
"2026","11650","서초구","10800","서초동","1","대지","1445","0014","더？서초","20260115","35500","36.27","51.530000","20","","","2006","오피스텔","중개거래","서울 서초구"
"2026","11410","서대문구","11200","대현동","1","대지","0056","0010","더가온 오피스텔","20260115","17600","17.6","26.900000","8","","","2018","오피스텔","중개거래","서울 서대문구"
"2026","11440","마포구","11200","현석동","1","대지","0001","0003","뤼시올","20260115","78000","33.66","31.000000","5","","","2025","연립다세대","중개거래","서울 마포구"
"2026","11290","성북구","13400","길음동","1","대지","1289","0000","롯데캐슬클라시아","20260115","167000","84.975","0.000000","27","","","2022","아파트","중개거래","서울 성북구"
"2026","11290","성북구","13400","길음동","1","대지","1289","0000","롯데캐슬클라시아","20260115","140000","59.874","0.000000","4","","","2022","아파트","중개거래","서울 성북구, 인천 중구"
"2026","11710","송파구","10600","삼전동","1","대지","0071","0011","덕산빌라가동","20260115","80000","77.97","44.000000","3","","","2004","연립다세대","중개거래","서울 송파구"
"2026","11500","강서구","10300","화곡동","1","대지","0105","0427","덕수빌라C동","20260115","24000","63.96","35.000000","4","","","2003","연립다세대","중개거래","서울 강서구"
"2026","11680","강남구","11800","도곡동","1","대지","0413","0008","도곡파크","20260115","21500","18.105","10.000000","5","","","2013","연립다세대","중개거래","서울 서초구"
"2026","11470","양천구","10200","목동","1","대지","0318","0050","롯데빌라","20260115","28000","62.71","31.000000","2","","","1992","연립다세대","중개거래","서울 양천구"
"2026","11290","성북구","10300","돈암동","1","대지","0015","0001","돈암동삼성","20260115","71000","84.59","0.000000","13","","","1999","아파트","직거래",""
"2026","11230","동대문구","10400","전농동","1","대지","0688","0000","래미안아름숲","20260115","122000","84.92","0.000000","4","","","2012","아파트","중개거래","서울 강동구, 서울 동대문구"
"2026","11380","은평구","10200","녹번동","1","대지","0283","0000","래미안베라힐즈","20260115","134500","84.95","0.000000","11","","","2019","아파트","중개거래","서울 은평구"
"2026","11410","서대문구","12000","남가좌동","1","대지","0390","0000","래미안루센티아","20260115","153000","84.83","0.000000","22","","","2020","아파트","중개거래","서울 서대문구"
"2026","11740","강동구","10800","성내동","1","대지","0427","0081","동승주택(427-81)","20260115","10000","39.45","27.000000","-1","","","1986","연립다세대","중개거래","서울 강동구"
"2026","11530","구로구","10100","신도림동","1","대지","0643","0000","동아1","20260115","139500","84.908","0.000000","20","","","1999","아파트","중개거래","서울 구로구"
"2026","11350","노원구","10500","상계동","1","대지","1285","0000","동아불암","20260115","50400","59.4","0.000000","13","","","1999","아파트","중개거래","서울 노원구"
"2026","11740","강동구","10700","암사동","1","대지","0492","0045","라움(492-45)","20260115","64000","67.64","0.000000","5","","","2006","아파트","중개거래","서울 강동구"
"2026","11260","중랑구","10100","면목동","1","대지","1544","0000","라온프라이빗","20260115","115000","84.967","0.000000","13","","","2020","아파트","중개거래","서울 동대문구, 서울 중랑구"
"2026","11290","성북구","13700","상월곡동","1","대지","0101","0000","동아에코빌","20260115","71500","59.95","0.000000","13","","","2003","아파트","중개거래","서울 성북구"
"2026","11560","영등포구","13000","양평동6가","1","대지","0100","0000","동양","20260115","60000","59.86","0.000000","12","","","2000","아파트","직거래",""
"2026","11440","마포구","12500","성산동","1","대지","0593","0003","동우 자인채 스토리 상암","20260115","20000","24.25","39.213700","13","","","2018","오피스텔","중개거래","서울 마포구"
"2026","11500","강서구","10200","등촌동","1","대지","0631","0000","등촌동두산위브센티움","20260115","15900","28.45","38.590000","6","","","2004","오피스텔","중개거래","서울 강서구"
"2026","11200","성동구","10200","하왕십리동","1","대지","0903","0003","동인 레반트 오피스텔","20260115","17000","27.54","40.190000","11","","","2005","오피스텔","중개거래","서울 성동구"
"2026","11545","금천구","10100","가산동","1","대지","0769","0000","두산","20260115","72000","84.9","0.000000","18","","","1998","아파트","중개거래","서울 금천구"
"2026","11500","강서구","10200","등촌동","1","대지","0515","0044","두보하이츠빌라","20260114","47800","60.85","56.000000","1","","","1988","연립다세대","중개거래","서울 강서구"
"2026","11110","종로구","15700","인의동","1","대지","0028","0026","루비온오피스텔","20260114","19000","18.2","20.120000","4","","","2021","오피스텔","중개거래","서울 종로구"
"2026","11290","성북구","13600","하월곡동","1","대지","0230","0000","동일하이빌뉴시티","20260114","117500","126.6","0.000000","11","","","2011","아파트","중개거래","서울 성북구"
"2026","11500","강서구","10200","등촌동","1","대지","0643","0090","등촌센트라노","20260114","49200","29.98","23.000000","6","","","2024","연립다세대","직거래",""
"2026","11320","도봉구","10800","도봉동","1","대지","0644","0000","도봉파크빌3","20260114","65000","84.163","0.000000","7","","","2002","아파트","중개거래","서울 도봉구"
"2026","11380","은평구","10600","대조동","1","대지","0031","0004","대영빌라","20260114","24000","41.99","20.000000","3","","","1994","연립다세대","중개거래","서울 은평구"
"2026","11470","양천구","10200","목동","1","대지","0318","0050","롯데빌라","20260114","26000","62.72","31.000000","1","","","1992","연립다세대","중개거래","서울 양천구"
"2026","11590","동작구","10900","신대방동","1","대지","0713","0000","롯데낙천대","20260114","104000","55.456","0.000000","13","","","2003","아파트","중개거래","서울 동작구"
"2026","11320","도봉구","10700","창동","1","대지","0749","0015","라르플레이스2단지","20260114","18400","29.16","36.980000","11","","","2019","오피스텔","중개거래","서울 도봉구"
"2026","11140","중구","16800","순화동","1","대지","0217","0000","덕수궁롯데캐슬","20260114","40000","41.144","52.321400","3","","","2016","오피스텔","중개거래","서울 중구"
"2026","11110","종로구","17100","명륜2가","1","대지","0237","0000","명륜동주상복합아남아파트","20260114","97500","65.78","0.000000","4","","","1999","아파트","중개거래","서울 종로구"
"2026","11500","강서구","10500","마곡동","1","대지","0760","0000","마곡나루역보타닉푸르지오시티","20260114","18000","22.2","31.650000","4","","","2017","오피스텔","중개거래","서울 강서구"
"2026","11470","양천구","10300","신월동","1","대지","1057","0000","롯데캐슬(1057-0)","20260114","71000","59.88","0.000000","2","","","2010","아파트","중개거래","서울 양천구"
"2026","11740","강동구","10900","천호동","1","대지","0414","0000","두산위브센티움","20260114","15400","31.37","44.640000","10","","","2004","오피스텔","중개거래","서울 강동구"
"2026","11200","성동구","11300","옥수동","1","대지","0220","0002","레미테지","20260114","325000","224.09","0.000000","2","","","2004","아파트","중개거래","서울 서초구"
"2026","11740","강동구","10600","둔촌동","1","대지","0094","0016","동아","20260114","68500","54.22","0.000000","8","","","1992","아파트","중개거래","서울 강동구"
"2026","11650","서초구","10600","잠원동","1","대지","0031","0015","더원아트빌","20260114","37000","29.63","18.000000","3","","20260126","2015","연립다세대","중개거래","서울 강남구"
"2026","11290","성북구","10300","돈암동","1","대지","0603","0000","돈암동더샵아파트","20260114","78800","84.817","0.000000","6","","","2006","아파트","중개거래","서울 성북구"
"2026","11290","성북구","10300","돈암동","1","대지","0603","0000","돈암동더샵아파트","20260114","82000","84.817","0.000000","17","","","2006","아파트","중개거래","서울 성북구"
"2026","11530","구로구","10800","오류동","1","대지","0006","0059","락스테이","20260114","14300","29.97","44.812000","3","","","2018","오피스텔","중개거래","서울 구로구"
"2026","11410","서대문구","12000","남가좌동","1","대지","0379","0000","래미안남가좌2차","20260114","115700","59.788","0.000000","14","","","2005","아파트","중개거래","서울 서대문구"
"2026","11710","송파구","11300","거여동","1","대지","0251","0000","대원빌라","20260114","33000","57.42","28.000000","3","","","1993","연립다세대","중개거래","서울 송파구"
"2026","11500","강서구","10900","방화동","1","대지","0860","0000","마곡서광(치현마을)","20260114","55000","84.93","0.000000","14","","","1998","아파트","중개거래","서울 강서구"
"2026","11290","성북구","13900","석관동","1","대지","0010","0000","두산","20260114","90000","84.9","0.000000","16","","","1998","아파트","중개거래","서울 성북구"
"2026","11590","동작구","10400","본동","1","대지","0494","0000","래미안트윈파크","20260114","193000","59.9","0.000000","14","","","2011","아파트","중개거래","서울 동작구"
"2026","11380","은평구","10800","역촌동","1","대지","0049","0050","대일빌라","20260114","17200","45.72","17.000000","1","","","1993","연립다세대","중개거래","서울 은평구"
"2026","11500","강서구","10500","마곡동","1","대지","0743","0004","마곡엠밸리7단지","20260114","230000","114.86","0.000000","5","","","2014","아파트","중개거래","서울 강서구"
"2026","11500","강서구","10500","마곡동","1","대지","0750","0000","마곡엠벨리(14단지)","20260114","172500","84.86","0.000000","11","","","2014","아파트","중개거래","서울 강서구"
"2026","11470","양천구","10300","신월동","1","대지","1078","0000","목동센트럴아이파크위브4단지","20260114","131000","84.97","0.000000","8","","","2020","아파트","중개거래","서울 양천구"
"2026","11440","마포구","11400","창전동","1","대지","0449","0000","마포웨스트리버태영데시앙","20260114","188000","74.784","0.000000","20","","","2019","아파트","중개거래","서울 강남구, 서울 마포구"
"2026","11440","마포구","10400","도화동","1","대지","0555","0000","마포 한화 오벨리스크","20260114","42500","33.93","47.090000","26","","","2004","오피스텔","중개거래","서울 마포구"
"2026","11470","양천구","10300","신월동","1","대지","1078","0000","목동센트럴아이파크위브4단지","20260114","122500","84.97","0.000000","2","","","2020","아파트","중개거래","서울 양천구"
"2026","11410","서대문구","11900","북가좌동","1","대지","0431","0000","DMC한양","20260114","101000","116.76","0.000000","10","","","1987","아파트","중개거래","서울 서대문구"
"2026","11290","성북구","13300","정릉동","1","대지","1018","0000","길음뉴타운데시앙","20260114","62000","59.42","0.000000","13","","","1999","아파트","중개거래","서울 성북구"
"2026","11215","광진구","10300","구의동","1","대지","0231","0018","현대팰리스","20260114","51200","67.66","0.000000","6","","","2022","아파트","직거래",""
"2026","11110","종로구","18400","부암동","","","","","","20260114","181500","148.23","132.000000","","","","2019","단독다가구","중개거래","경기 고양시 덕양구"
"2026","11290","성북구","13400","길음동","1","대지","1280","0000","길음뉴타운2단지푸르지오","20260114","112500","114.73","0.000000","9","","","2005","아파트","중개거래","서울 성북구"
"2026","11530","구로구","10200","구로동","1","대지","0110","0005","구로하우비","20260114","30000","60.63","83.800000","9","","","2004","오피스텔","중개거래","서울 구로구"
"2026","11710","송파구","11300","거여동","","","","","","20260114","186000","237.89","154.000000","","","","1988","단독다가구","중개거래","서울 송파구"
"2026","11590","동작구","10800","대방동","1","대지","0508","0000","대방1차e-편한세상","20260114","155000","84.32","0.000000","20","","","2003","아파트","중개거래","서울 동작구"
"2026","11230","동대문구","10200","용두동","1","대지","0026","0014","힐스테이트청량리메트로블","20260114","82126","48.979","0.000000","20","분양권","","0","아파트","중개거래","서울 동대문구"
"2026","11410","서대문구","11800","홍은동","1","대지","0265","0288","힐타운","20260114","7500","36.23","22.000000","-1","","","1997","연립다세대","직거래",""
"2026","11380","은평구","10700","응암동","1","대지","0771","0000","e편한세상백련산","20260114","90000","84.72","0.000000","9","","","2022","아파트","중개거래","서울 은평구"
"2026","11650","서초구","10100","방배동","1","대지","0939","0021","다솜","20260114","65000","35.59","27.000000","4","","","2016","연립다세대","중개거래","서울 서초구"
"2026","11545","금천구","10200","독산동","1","대지","1147","0000","금천롯데캐슬골드파크1차","20260114","113000","84.463","0.000000","25","","","2016","아파트","중개거래","서울 금천구"
"2026","11620","관악구","10100","봉천동","1","대지","1577","0017","휴테라스","20260114","21000","29.94","20.000000","3","","","2019","연립다세대","직거래",""
"2026","11545","금천구","10200","독산동","1","대지","1147","0000","금천롯데캐슬골드파크1차","20260114","113500","84.462","0.000000","4","","","2016","아파트","중개거래","서울 금천구"
"2026","11620","관악구","10100","봉천동","1","대지","0858","0006","WD세븐스","20260114","24800","17.56","24.130000","10","","","2020","오피스텔","중개거래","서울 관악구"
"2026","11620","관악구","10300","남현동","1","대지","0602","0284","VIP(602-284)","20260114","71100","82.15","0.000000","1","","","2006","아파트","중개거래","서울 서초구"
"2026","11650","서초구","10100","방배동","1","대지","0327","0015","현대빌라나동","20260114","42900","35.28","20.000000","2","","","1992","연립다세대","중개거래","서울 서초구"
"2026","11290","성북구","13500","종암동","1","대지","0128","0000","극동","20260114","66000","59.67","0.000000","8","","","2000","아파트","중개거래","서울 성북구"
"2026","11530","구로구","10600","고척동","1","대지","0340","0001","고척LIG리가2차","20260114","80250","59.95","0.000000","6","","","2009","아파트","중개거래","서울 구로구"
"2026","11560","영등포구","11500","당산동5가","1","대지","0033","0001","당산역 한강포스빌","20260114","17400","30.43","42.890000","4","","","2005","오피스텔","중개거래","서울 영등포구"
"2026","11380","은평구","10600","대조동","1","대지","0009","0045","대경홈타운","20260114","13500","13.79","0.000000","6","","","2014","아파트","중개거래","서울 은평구"
"2026","11500","강서구","10300","화곡동","1","대지","1095","0000","그랜드아이파크","20260114","87000","112.46","0.000000","10","","","2010","아파트","중개거래","서울 강서구"
"2026","11380","은평구","10100","수색동","1","대지","0431","0000","DMC파인시티자이","20260114","129300","74.78","0.000000","2","","","2025","아파트","중개거래","서울 은평구"
"2026","11290","성북구","12300","안암동3가","1","대지","0136","0001","대광","20260114","20000","51.57","0.000000","3","","","1971","아파트","중개거래","서울 성북구"
"2026","11560","영등포구","10800","영등포동7가","1","대지","0094","0051","훼미리하우스117","20260114","12500","16.98","0.000000","7","","","2012","아파트","중개거래","서울 영등포구"
"2026","11545","금천구","10100","가산동","1","대지","0144","0005","G밸리 노블루체 스위트","20260114","26000","29.75","38.614500","13","","","2020","오피스텔","중개거래","서울 금천구, 서울 용산구"
"2026","11410","서대문구","11900","북가좌동","1","대지","0431","0000","DMC한양","20260114","80000","65.34","0.000000","11","","","1987","아파트","중개거래","서울 서대문구"
"2026","11470","양천구","10300","신월동","1","대지","0484","0001","경창프라자","20260114","37000","96.62","32.000000","7","","","1998","연립다세대","중개거래","서울 양천구"
"2026","11410","서대문구","12000","남가좌동","1","대지","0389","0000","DMC에코자이","20260114","118000","59.656","0.000000","2","","","2019","아파트","중개거래","서울 서대문구"
"2026","11680","강남구","10100","역삼동","1","대지","0825","0020","강남역 센트럴 푸르지오 시티","20260114","28500","24.63","33.019000","8","","","2015","오피스텔","중개거래","서울 강남구"
"2026","11710","송파구","10700","가락동","1","대지","0123","0012","강남팰리스","20260114","69000","56.29","0.000000","2","","","2022","아파트","직거래",""
"2026","11530","구로구","10100","신도림동","1","대지","0641","0000","현대홈타운아파트","20260114","108000","83.76","0.000000","3","","","1999","아파트","중개거래","서울 구로구"
"2026","11470","양천구","10200","목동","1","대지","0318","0199","남경쉐르빌비동","20260114","11700","48.94","20.000000","-1","","","2001","연립다세대","중개거래","서울 양천구"
"2026","11590","동작구","10200","상도동","1","대지","0533","0000","힐스테이트 상도 프레스티지","20260114","181000","84.884","0.000000","9","","","2013","아파트","중개거래","경기 고양시 덕양구, 서울 동작구"
"2026","11500","강서구","10100","염창동","1","대지","0272","0028","염창3우성","20260114","93000","84.96","0.000000","10","","","1993","아파트","중개거래","서울 강서구"
"2026","11470","양천구","10100","신정동","1","대지","0319","0000","우림필유","20260114","81000","75.9","89.903000","4","","","2004","오피스텔","중개거래","서울 양천구"
"2026","11410","서대문구","11700","연희동","1","대지","0200","0120","연희파크(200-120)","20260114","33000","65.13","77.000000","2","","","1991","연립다세대","중개거래","서울 서대문구"
"2026","11710","송파구","10100","잠실동","1","대지","0221","0006","아미캐슬","20260114","85000","45.63","31.000000","3","","","2022","연립다세대","중개거래","서울 송파구"
"2026","11740","강동구","10500","길동","1","대지","0045","0000","우림루미아트","20260114","82000","84.07","0.000000","9","","","2003","아파트","중개거래","서울 강동구"
"2026","11680","강남구","10100","역삼동","1","대지","0781","0035","스타힐스","20260114","38000","15.64","11.000000","3","","","2012","연립다세대","중개거래","서울 강남구"
"2026","11440","마포구","10900","염리동","1","대지","0010","0054","우리파크아파트","20260114","25600","19.72","0.000000","1","","","2021","아파트","직거래",""
"2026","11710","송파구","11300","거여동","1","대지","0603","0001","수아주 오피스텔","20260114","15800","18.584","26.120000","7","","","2022","오피스텔","직거래",""
"2026","11710","송파구","11300","거여동","1","대지","0603","0001","수아주 오피스텔","20260114","16000","18.584","26.120000","15","","","2022","오피스텔","직거래",""
"2026","11680","강남구","11500","수서동","1","대지","0712","0000","수서한아름","20260114","270000","97.63","0.000000","7","","","1993","아파트","중개거래","서울 강남구, 서울 서초구"
"2026","11710","송파구","11200","오금동","1","대지","0119","0018","씨티하우스오금","20260114","43300","41.78","27.000000","5","","","2025","연립다세대","직거래",""
"2026","11710","송파구","11200","오금동","1","대지","0119","0018","씨티하우스오금","20260114","37250","35.91","23.000000","2","","","2025","연립다세대","직거래",""
"2026","11710","송파구","11200","오금동","1","대지","0119","0018","씨티하우스오금","20260114","37650","35.91","23.000000","3","","","2025","연립다세대","직거래",""
"2026","11710","송파구","11200","오금동","1","대지","0119","0018","씨티하우스오금","20260114","32700","29.86","19.000000","3","","","2025","연립다세대","직거래",""
"2026","11710","송파구","11200","오금동","1","대지","0119","0018","씨티하우스오금","20260114","33250","29.86","19.000000","4","","","2025","연립다세대","직거래",""
"2026","11710","송파구","11200","오금동","1","대지","0119","0018","씨티하우스오금","20260114","32200","29.86","19.000000","2","","","2025","연립다세대","직거래",""
"2026","11710","송파구","11200","오금동","1","대지","0119","0018","씨티하우스오금","20260114","29650","27.48","17.000000","2","","","2025","연립다세대","직거래",""
"2026","11710","송파구","11200","오금동","1","대지","0119","0018","씨티하우스오금","20260114","30150","27.48","17.000000","3","","","2025","연립다세대","직거래",""
"2026","11710","송파구","11200","오금동","1","대지","0119","0018","씨티하우스오금","20260114","30150","27.34","17.000000","3","","","2025","연립다세대","직거래",""
"2026","11710","송파구","11200","오금동","1","대지","0119","0018","씨티하우스오금","20260114","29600","27.34","17.000000","2","","","2025","연립다세대","직거래",""
"2026","11710","송파구","11200","오금동","1","대지","0119","0018","씨티하우스오금","20260114","29950","26.86","17.000000","4","","","2025","연립다세대","직거래",""
"2026","11350","노원구","10300","공릉동","1","대지","0715","0000","시영3차(라이프)아파트","20260114","32000","34.44","0.000000","6","","","1994","아파트","중개거래","서울 노원구"
"2026","11710","송파구","11200","오금동","1","대지","0119","0018","씨티하우스오금","20260114","29600","26.86","17.000000","3","","","2025","연립다세대","직거래",""
"2026","11710","송파구","11200","오금동","1","대지","0119","0018","씨티하우스오금","20260114","29100","26.86","17.000000","2","","","2025","연립다세대","직거래",""
"2026","11710","송파구","11200","오금동","1","대지","0119","0018","씨티하우스오금","20260114","29150","26.42","17.000000","5","","","2025","연립다세대","직거래",""
"2026","11710","송파구","11200","오금동","1","대지","0119","0018","씨티하우스오금","20260114","30050","26.28","17.000000","4","","","2025","연립다세대","직거래",""
"2026","11530","구로구","10200","구로동","1","대지","1267","0000","신도림태영타운","20260114","132000","84.87","0.000000","7","","","2000","아파트","중개거래","서울 구로구"
"2026","11710","송파구","11200","오금동","1","대지","0066","0006","씨티빌라","20260114","30800","57.08","22.000000","1","","","1993","연립다세대","중개거래","서울 송파구"
"2026","11740","강동구","10900","천호동","1","대지","0432","0010","쌍용플래티넘리버","20260114","22700","34.2","46.650000","14","","","2004","오피스텔","중개거래","서울 강동구"
"2026","11110","종로구","11800","내수동","1","대지","0075","0000","용비어천가","20260114","36200","37.56","47.570000","15","","","2004","오피스텔","중개거래","서울 종로구"
"2026","11560","영등포구","13200","신길동","1","대지","4964","0000","신길센트럴자이아파트","20260114","169000","59.98","0.000000","3","","","2021","아파트","중개거래","서울 영등포구"
"2026","11560","영등포구","13200","신길동","1","대지","4967","0000","신길파크자이","20260114","168000","59.95","0.000000","16","","","2022","아파트","중개거래","서울 영등포구"
"2026","11710","송파구","10900","장지동","1","대지","0845","0000","송파파인타운5단지","20260114","174000","84.98","0.000000","6","","","2008","아파트","중개거래","서울 송파구"
"2026","11710","송파구","10800","문정동","1","대지","0652","0000","송파법조타운푸르지오시티","20260114","19500","20.45","29.780000","8","","20260116","2018","오피스텔","중개거래","서울 송파구"
"2026","11560","영등포구","12500","양평동1가","1","대지","0271","0000","영등포중흥에스클래스","20260114","50000","28.97","0.000000","10","","","2021","아파트","중개거래","서울 영등포구"
"2026","11320","도봉구","10600","방학동","1","대지","0565","0016","신학빌라16","20260114","11500","41.4","30.000000","2","","","1989","연립다세대","중개거래","서울 도봉구"
"2026","11410","서대문구","11900","북가좌동","1","대지","0150","0000","요진","20260114","63000","82.08","0.000000","6","","","1998","아파트","중개거래","서울 서대문구, 서울 은평구"
"2026","11710","송파구","10800","문정동","1","대지","0150","0000","올림픽훼밀리타운","20260114","309500","136.325","0.000000","5","","","1988","아파트","중개거래","서울 송파구"
"2026","11500","강서구","10300","화곡동","1","대지","0330","0084","영일아트빌B동","20260114","27000","66.42","28.000000","2","","","2002","연립다세대","중개거래","서울 강서구"
"2026","11710","송파구","10800","문정동","1","대지","0150","0000","올림픽훼밀리타운","20260114","278000","84.751","0.000000","10","","","1988","아파트","중개거래","서울 송파구"
"2026","11710","송파구","10100","잠실동","1","대지","0175","0012","올림픽타워","20260114","58250","56.43","83.980000","18","","","2004","오피스텔","중개거래","서울 송파구"
"2026","11350","노원구","10600","중계동","1","대지","0445","0000","염광","20260114","58300","59.34","0.000000","15","","","1996","아파트","중개거래","서울 노원구"
"2026","11470","양천구","10200","목동","1","대지","0610","0033","신우스타힐스","20260114","24000","26.92","18.000000","3","","","2015","연립다세대","중개거래","서울 양천구"
"2026","11680","강남구","10700","신사동","1","대지","0649","0005","알파임하우스1","20260114","640000","242.16","0.000000","6","","","2002","아파트","중개거래","서울 강남구, 서울 용산구"
"2026","11530","구로구","10100","신도림동","1","대지","0639","0000","우성2","20260114","110000","84.82","0.000000","14","","","1996","아파트","중개거래","서울 구로구"
"2026","11530","구로구","10100","신도림동","1","대지","0637","0000","우성3","20260114","80000","84.75","0.000000","7","","","1993","아파트","직거래",""
"2026","11470","양천구","10100","신정동","1","대지","0927","0059","소망그린빌라가동","20260114","36000","38.67","22.000000","1","","","1992","연립다세대","중개거래","서울 양천구"
"2026","11290","성북구","13600","하월곡동","1","대지","0222","0000","월곡두산위브","20260114","89000","84.843","0.000000","5","","","2003","아파트","중개거래","서울 성북구"
"2026","11350","노원구","10600","중계동","1","대지","0587","0000","양지마을(대림)1","20260114","91000","84.9","0.000000","1","","","1998","아파트","중개거래","서울 노원구"
"2026","11290","성북구","13500","종암동","1","대지","0130","0000","아이파크종암동1차","20260114","114000","114.99","0.000000","12","","","2004","아파트","중개거래","서울 성북구"
"2026","11380","은평구","11400","진관동","1","대지","0100","0003","아이파크 포레스트 게이트","20260114","13900","24.91","35.780000","26","","","2013","오피스텔","중개거래","서울 은평구"
"2026","11680","강남구","10400","청담동","1","대지","0030","0033","청담대림이-편한세상","20260114","272000","81.84","0.000000","12","","","2002","아파트","중개거래","서울 강남구"
"2026","11710","송파구","11400","마천동","1","대지","0361","0006","(361-6)","20260114","85000","28.17","16.000000","-1","","","1996","연립다세대","중개거래","서울 송파구"
"2026","11680","강남구","10400","청담동","1","대지","0030","0033","청담대림이-편한세상","20260114","313000","134.24","0.000000","6","","","2002","아파트","중개거래","서울 강남구"
"2026","11710","송파구","10100","잠실동","1","대지","0176","0002","잠실동 렉스빌2차","20260114","18000","21.77","37.600000","13","","","2013","오피스텔","중개거래","서울 송파구"
"2026","11710","송파구","10100","잠실동","1","대지","0176","0002","잠실동 렉스빌2차","20260114","18000","21.77","37.600000","13","","20260115","2013","오피스텔","중개거래","서울 송파구"
"2026","11710","송파구","10100","잠실동","1","대지","0212","0034","잠실동퍼스트빌2","20260114","57000","26.31","16.000000","6","","","2016","연립다세대","중개거래","서울 송파구"
"2026","11710","송파구","11100","방이동","1","대지","0022","0005","잠실리시온","20260114","37000","43.05","56.730000","19","","20260121","2004","오피스텔","중개거래","서울 강동구"
"2026","11710","송파구","11100","방이동","1","대지","0022","0005","잠실리시온","20260114","37000","43.05","56.730000","19","","","2004","오피스텔","중개거래","서울 강동구"
"2026","11560","영등포구","11000","여의도동","1","대지","0040","0000","장미","20260114","315000","133.72","0.000000","11","","","1978","아파트","중개거래","서울 영등포구"
"2026","11710","송파구","10700","가락동","1","대지","0098","0002","(98-2)","20260114","11300","33.2","41.390000","5","","","1990","오피스텔","중개거래","서울 송파구"
"2026","11290","성북구","13800","장위동","1","대지","0025","0055","푸르지오 라디우스 파크","20260114","152494","84.98","0.000000","14","입주권","","0","아파트","중개거래","서울 동대문구, 서울 성북구"
"2026","11545","금천구","10300","시흥동","1","대지","0219","0016","첼시하우스10(C동,D동)","20260114","37800","55.05","39.000000","2","","","2023","연립다세대","직거래",""
"2026","11545","금천구","10200","독산동","1","대지","0878","0020","청록하이츠","20260114","30800","71.97","34.000000","5","","","2002","연립다세대","중개거래","서울 관악구"
"2026","11530","구로구","10200","구로동","1","대지","0685","0222","주공1","20260114","100500","84.87","0.000000","2","","","1986","아파트","중개거래","서울 구로구"
"2026","11680","강남구","10100","역삼동","1","대지","0728","0048","(728-48)","20260114","42000","28.05","17.000000","4","","","2018","연립다세대","중개거래","서울 서초구"
"2026","11440","마포구","12500","성산동","1","대지","0593","0010","태림센트윈상암","20260114","22800","18.94","25.630000","14","","","2019","오피스텔","중개거래","서울 마포구"
"2026","11680","강남구","10100","역삼동","1","대지","0702","0013","702-13(성지하이츠)","20260114","29500","41.7","55.640000","10","","","1991","오피스텔","중개거래","서울 강남구"
"2026","11350","노원구","10600","중계동","1","대지","0598","0000","한화꿈에그린","20260114","86800","84.902","0.000000","3","","","2005","아파트","중개거래","서울 노원구"
"2026","11110","종로구","17500","숭인동","1","대지","1425","0000","한라 운종가","20260114","37000","40.08","59.775000","18","","20260115","2022","오피스텔","중개거래","서울 성동구"
"2026","11320","도봉구","10700","창동","1","대지","0824","0000","창동한승미메이드","20260114","52000","84.686","0.000000","3","","","2004","아파트","중개거래","서울 강북구, 서울 노원구"
"2026","11320","도봉구","10700","창동","1","대지","0347","0000","창동주공3단지(해등마을)","20260114","59500","58.01","0.000000","1","","","1990","아파트","중개거래","서울 도봉구"
"2026","11170","용산구","12800","한강로3가","1","대지","0065","0230","한강대우트럼프월드3","20260114","52700","39.7","55.400000","20","","","2004","오피스텔","중개거래","서울 용산구"
"2026","11710","송파구","10500","석촌동","1","대지","0218","0011","(218-11)","20260114","40000","41.52","22.000000","2","","","2005","연립다세대","중개거래","서울 송파구"
"2026","11350","노원구","10500","상계동","1","대지","1262","0000","하이베라스","20260114","14800","38.28","46.750000","8","","","2003","오피스텔","중개거래","서울 노원구"
"2026","11620","관악구","10200","신림동","1","대지","0646","0142","(646-142)","20260114","13000","27.36","15.000000","1","","","1994","연립다세대","중개거래","서울 관악구"
"2026","11620","관악구","10100","봉천동","1","대지","0635","0194","(635-194)","20260114","8500","36.15","24.000000","-1","","","1987","연립다세대","중개거래","서울 관악구"
"2026","11230","동대문구","10100","신설동","1","대지","0091","0244","(91-244)","20260114","34000","37.19","29.000000","1","","","1980","연립다세대","직거래",""
"2026","11290","성북구","13300","정릉동","1","대지","0210","0000","정릉푸른마을동아","20260114","72500","84.96","0.000000","7","","","2003","아파트","중개거래","서울 성북구"
"2026","11710","송파구","10400","송파동","1","대지","0111","0046","111-46","20260114","36000","27.97","19.000000","6","","","2016","연립다세대","중개거래","서울 송파구"
"2026","11290","성북구","13300","정릉동","1","대지","0226","0048","파인하우스","20260114","20000","53.1","31.000000","4","","","2002","연립다세대","중개거래","서울 강북구, 서울 성북구"
"2026","11410","서대문구","12000","남가좌동","1","대지","0377","0000","DMC래미안클라시스","20260114","95000","59.93","0.000000","5","","","2000","아파트","중개거래","서울 서대문구"
"2026","11710","송파구","10200","신천동","1","대지","0017","0000","파크리오","20260114","280000","59.95","0.000000","11","","","2008","아파트","중개거래","서울 송파구"
"2026","11380","은평구","10200","녹번동","1","대지","0167","0001","주영빌트(167-1)","20260114","25000","35.89","28.000000","6","","","2016","연립다세대","직거래",""
"2026","11290","성북구","13300","정릉동","1","대지","0435","0000","중앙하이츠빌2단지","20260114","67000","84.95","0.000000","16","","","2005","아파트","중개거래","서울 서초구, 서울 성북구"
"2026","11290","성북구","13800","장위동","1","대지","0322","0022","장위지웰에스테이트","20260114","43500","39.975","0.000000","3","","","2022","아파트","중개거래","서울 성북구"
"2026","11380","은평구","10400","갈현동","1","대지","0329","0009","(329-9)","20260114","11900","42.36","32.000000","-1","","","1986","연립다세대","직거래",""
"2026","11530","구로구","11200","항동","1","대지","0241","0000","한양수자인에듀힐즈","20260114","83000","84.954","0.000000","10","","","2019","아파트","중개거래","서울 구로구"
"2026","11320","도봉구","10700","창동","1","대지","0819","0000","태영데시앙","20260114","71000","84.995","0.000000","1","","","2003","아파트","중개거래","서울 도봉구"
"2026","11560","영등포구","13200","신길동","1","대지","0287","0042","행운하우스","20260114","56000","25.36","19.000000","3","","","2019","연립다세대","중개거래","서울 영등포구"
"2026","11530","구로구","10700","개봉동","1","대지","0481","0000","현대","20260114","86700","84.99","0.000000","11","","","2001","아파트","중개거래","서울 구로구"
"2026","11710","송파구","10500","석촌동","1","대지","0218","0011","(218-11)","20260114","58500","61.29","32.000000","4","","","2005","연립다세대","중개거래","서울 송파구"
"2026","11710","송파구","10600","삼전동","1","대지","0034","0010","(34-10)","20260114","31570","46.92","15.000000","2","","","2004","연립다세대","직거래",""
"2026","11710","송파구","10600","삼전동","1","대지","0034","0010","(34-10)","20260114","32050","47.64","15.000000","2","","","2004","연립다세대","직거래",""
"2026","11710","송파구","10600","삼전동","1","대지","0114","0000","(114-0)","20260114","39400","39.66","19.000000","3","","","2003","연립다세대","중개거래","서울 송파구"
"2026","11410","서대문구","11100","홍제동","1","대지","0460","0000","인왕산현대","20260114","102800","84.9","0.000000","9","","","2000","아파트","중개거래","서울 강남구, 서울 서대문구"
"2026","11320","도봉구","10700","창동","1","대지","0630","0005","창동 투웨니퍼스트","20260114","19500","29.26","36.660000","8","","","2017","오피스텔","중개거래","서울 도봉구"
"2026","11590","동작구","10200","상도동","1","대지","0211","0240","인정빌(211-240)","20260114","25000","40.925","35.000000","3","","20260121","2015","연립다세대","중개거래","서울 동작구"
"2026","11320","도봉구","10500","쌍문동","1","대지","0139","0120","한교아트빌라","20260114","17000","40.48","19.000000","3","","","1995","연립다세대","중개거래","서울 광진구"
"2026","11440","마포구","10200","공덕동","1","대지","0110","0018","(110-18)","20260114","65000","23.93","19.000000","1","","","2004","연립다세대","직거래",""
"2026","11680","강남구","10100","역삼동","1","대지","0741","0021","지에스빌","20260114","18300","14.55","12.000000","3","","","2013","연립다세대","중개거래","서울 중랑구"
"2026","11320","도봉구","10700","창동","1","대지","0820","0000","창동신도브래뉴1차","20260114","77000","84.989","0.000000","1","","","2003","아파트","중개거래","서울 도봉구"
"2026","11170","용산구","12500","한강로2가","1","대지","0002","0008","한강로벽산메가트리움","20260114","29300","29.89","44.520000","22","","","2005","오피스텔","중개거래","서울 용산구"
"2026","11380","은평구","10900","신사동","1","대지","0029","0153","문화빌리지","20260114","19000","57.82","24.000000","3","","","1976","연립다세대","중개거래","서울 은평구"
"2026","11200","성동구","12200","용답동","1","대지","0236","0005","삼호오피스텔","20260114","10100","26.25","34.380000","6","","","1991","오피스텔","중개거래","서울 성동구"
"2026","11545","금천구","10300","시흥동","1","대지","0971","0002","무궁화연립가동","20260114","38800","48.7","64.000000","1","","","1986","연립다세대","직거래",""
"2026","11320","도봉구","10500","쌍문동","1","대지","0053","0000","성원","20260114","56700","84.98","0.000000","11","","","1989","아파트","중개거래","서울 도봉구"
"2026","11260","중랑구","10200","상봉동","1","대지","0113","0000","상봉어반뷰","20260114","11000","15.31","0.000000","4","","","2018","아파트","중개거래","서울 중랑구"
"2026","11440","마포구","12500","성산동","1","대지","0004","0008","바움샤인빌","20260114","44000","29.97","18.000000","2","","","2020","연립다세대","중개거래","서울 마포구"
"2026","11650","서초구","10200","양재동","1","대지","0385","0002","삼성진빌","20260114","86000","56.86","26.000000","1","","","2001","연립다세대","중개거래","서울 서초구"
"2026","11470","양천구","10200","목동","1","대지","0902","0000","목동신시가지2","20260114","239500","65.25","0.000000","9","","","1986","아파트","중개거래","서울 양천구"
"2026","11380","은평구","10300","불광동","1","대지","0641","0000","북한산현대힐스테이트3차아파트","20260114","83000","59.99","0.000000","7","","","2010","아파트","중개거래","경남 창원시 성산구"
"2026","11320","도봉구","10700","창동","1","대지","0647","0001","북한산현대홈시티","20260114","28500","60.97","74.398000","3","","","2005","오피스텔","중개거래","경기 의정부시"
"2026","11290","성북구","13800","장위동","1","대지","0085","0007","삼원빌라","20260114","57000","53.73","30.000000","4","","","1992","연립다세대","중개거래","서울 강남구"
"2026","11710","송파구","10800","문정동","1","대지","0004","0002","성해","20260114","100500","108.57","0.000000","11","","","2003","아파트","중개거래","서울 송파구"
"2026","11740","강동구","10100","명일동","1","대지","0015","0000","삼익그린2차","20260114","161000","54.81","0.000000","14","","","1983","아파트","중개거래","서울 강동구"
"2026","11620","관악구","10100","봉천동","1","대지","1703","0000","봉천동아","20260114","100000","84.87","0.000000","8","","","2000","아파트","중개거래","서울 관악구"
"2026","11620","관악구","10100","봉천동","1","대지","1738","0000","서울대입구역더하이브센트럴","20260114","70500","59.74","0.000000","11","","","2024","아파트","중개거래","서울 관악구"
"2026","11680","강남구","10300","개포동","1","대지","0012","0000","삼익대청아파트","20260114","195000","39.53","0.000000","8","","","1992","아파트","중개거래","서울 강남구"
"2026","11200","성동구","10900","금호동1가","1","대지","0633","0000","벽산","20260114","148000","59.9","0.000000","6","","","2001","아파트","중개거래","서울 성동구"
"2026","11470","양천구","10300","신월동","1","대지","1023","0000","벽산블루밍2단지","20260114","72000","59.822","0.000000","10","","","2003","아파트","중개거래","서울 양천구"
"2026","11140","중구","16200","신당동","1","대지","0432","1883","삼구빌라","20260114","29700","56.93","20.000000","1","","","2000","연립다세대","중개거래","서울 중구"
"2026","11620","관악구","10100","봉천동","1","대지","1698","0001","보라매삼성","20260113","106500","84.84","0.000000","15","","","1996","아파트","중개거래","서울 관악구"
"2026","11710","송파구","10800","문정동","1","대지","0008","0010","베루스송파","20260113","30000","25.36","18.000000","5","","","2017","연립다세대","중개거래","서울 송파구"
"2026","11305","강북구","10100","미아동","1","대지","1354","0000","벽산라이브파크","20260113","68000","84.89","0.000000","15","","","2004","아파트","중개거래","서울 강북구"
"2026","11305","강북구","10100","미아동","1","대지","0812","0000","삼성래미안트리베라2단지","20260113","110000","113.89","0.000000","10","","","2010","아파트","중개거래","서울 강북구, 서울 성동구"
"2026","11440","마포구","12700","상암동","1","대지","1748","0000","상암 오벨리스크 2차","20260113","14000","24.2","31.490000","5","","","2014","오피스텔","중개거래","서울 강서구, 서울 마포구"
"2026","11410","서대문구","11100","홍제동","1","대지","0478","0000","서대문푸르지오센트럴파크","20260113","112000","49.5","0.000000","4","","","2022","아파트","중개거래","서울 서대문구"
"2026","11350","노원구","10500","상계동","1","대지","0670","0000","상계주공9(고층)","20260113","59900","61.52","0.000000","9","","","1988","아파트","중개거래","서울 노원구"
"2026","11440","마포구","12700","상암동","1","대지","1596","0000","상암DMC푸르지오시티, S-City","20260113","16300","18.24","28.501600","8","","","2017","오피스텔","중개거래","서울 마포구"
"2026","11590","동작구","10200","상도동","1","대지","0211","0472","상도하이츠(가동)","20260113","25000","38.14","29.000000","1","","","1988","연립다세대","중개거래","서울 동작구"
"2026","11650","서초구","10700","반포동","1","대지","0713","0001","반포훼미리(101동)","20260113","146000","108.5","0.000000","11","","","2002","아파트","직거래",""
"2026","11530","구로구","10700","개봉동","1","대지","0473","0000","상우","20260113","50500","59.4","0.000000","7","","","1997","아파트","중개거래","서울 구로구"
"2026","11650","서초구","10700","반포동","1","대지","0726","0016","삼성에이스빌","20260113","170000","84.67","0.000000","5","","","2002","아파트","중개거래","서울 서초구"
"2026","11560","영등포구","12900","양평동5가","1","대지","0008","0002","선유스테이","20260113","24900","25.09","14.000000","2","","","2018","연립다세대","중개거래","서울 영등포구"
"2026","11290","성북구","12800","보문동6가","1","대지","0458","0000","보문파크뷰자이","20260113","130000","84.99","0.000000","10","","","2017","아파트","중개거래","서울 성북구"
"2026","11350","노원구","10400","하계동","1","대지","0280","0000","미성","20260113","83500","84.94","0.000000","3","","","1989","아파트","중개거래","서울 노원구"
"2026","11170","용산구","13100","한남동","1","대지","0830","0000","브라이튼 한남","20260113","300000","84.714","118.491100","9","","","2024","오피스텔","직거래",""
"2026","11440","마포구","11500","상수동","1","대지","0157","0001","세방글로벌시티","20260113","20000","29.5","39.380000","4","","20260116","2005","오피스텔","직거래",""
"2026","11230","동대문구","10700","청량리동","1","대지","0949","0000","샹그레빌아파트","20260113","69000","79.984","0.000000","9","","","2004","아파트","중개거래","서울 성북구"
"2026","11305","강북구","10300","수유동","1","대지","0455","0015","새울센스빌(455-15)","20260113","27000","74.67","41.000000","3","","","2007","연립다세대","중개거래","서울 강북구"
"2026","11530","구로구","10200","구로동","1","대지","0779","0040","목련맨션A동","20260113","20600","64.71","19.000000","4","","","2005","연립다세대","직거래",""
"2026","11620","관악구","10100","봉천동","1","대지","1706","0000","봉천우성","20260113","83000","84.96","0.000000","1","","","2000","아파트","중개거래","서울 관악구"
"2026","11440","마포구","11500","상수동","1","대지","0157","0001","세방글로벌시티","20260113","20000","29.5","39.380000","4","","","2005","오피스텔","중개거래","서울 마포구"
"2026","11710","송파구","11200","오금동","1","대지","0165","0000","상아2차아파트","20260113","134400","50.72","0.000000","5","","","1988","아파트","중개거래","서울 송파구"
"2026","11350","노원구","10300","공릉동","1","대지","0714","0000","삼익4단지아파트","20260113","53000","59.04","0.000000","4","","","1994","아파트","중개거래","서울 노원구"
"2026","11560","영등포구","13200","신길동","1","대지","4780","0000","보라매경남아너스빌","20260113","113000","59.78","0.000000","12","","","2005","아파트","중개거래","서울 동작구"
"2026","11710","송파구","10700","가락동","1","대지","0176","0000","삼환","20260113","225000","121.04","0.000000","10","","","1984","아파트","중개거래","서울 강남구, 서울 송파구"
"2026","11680","강남구","10600","대치동","1","대지","0506","0000","선경1차(1동-7동)","20260113","530000","136.68","0.000000","2","","","1983","아파트","중개거래","서울 강남구"
"2026","11740","강동구","10700","암사동","1","대지","0475","0036","신안아트빌","20260113","18500","40.77","25.000000","5","","","2007","연립다세대","중개거래","서울 강동구, 서울 서초구"
"2026","11380","은평구","11400","진관동","1","대지","0150","0000","은평뉴타운기자촌11단지","20260113","84700","84.94","0.000000","10","","","2015","아파트","중개거래","서울 은평구"
"2026","11410","서대문구","11200","대현동","1","대지","0037","0032","영타운 지웰 에스테이트","20260113","15500","19.31","30.048200","2","","","2017","오피스텔","중개거래","서울 서대문구"
"2026","11740","강동구","10700","암사동","1","대지","0422","0026","암사e편한세상","20260113","97000","84.98","0.000000","3","","","2005","아파트","중개거래","서울 강동구"
"2026","11110","종로구","17500","숭인동","1","대지","0204","0011","숭인상가","20260113","63300","78.75","0.000000","5","","","1979","아파트","중개거래","서울 중구"
"2026","11500","강서구","10200","등촌동","1","대지","0649","0014","우림보보카운티뷰","20260113","19500","35.48","48.030000","11","","","2004","오피스텔","중개거래","서울 강서구"
"2026","11500","강서구","10300","화곡동","1","대지","0410","0039","신우성빌라B동","20260113","24000","57.54","33.000000","2","","","2001","연립다세대","직거래",""
"2026","11350","노원구","10600","중계동","1","대지","0588","0000","양지마을(대림)2","20260113","68000","59.4","0.000000","14","","","1999","아파트","중개거래","서울 노원구"
"2026","11470","양천구","10300","신월동","1","대지","0239","0005","에델팰리스(239-5)","20260113","18000","29.48","20.000000","6","","","2016","연립다세대","중개거래","서울 강서구"
"2026","11710","송파구","11200","오금동","1","대지","0147","0002","용진빌라(다동)","20260113","39000","49.68","35.000000","1","","","1988","연립다세대","직거래",""
"2026","11380","은평구","10700","응암동","1","대지","0118","0045","위일리츠빌","20260113","34000","65.34","33.000000","4","","","2008","연립다세대","중개거래","서울 서대문구, 서울 은평구"
"2026","11530","구로구","11000","온수동","1","대지","0155","0000","온수힐스테이트","20260113","77750","84.97","0.000000","4","","","2010","아파트","중개거래","서울 구로구"
"2026","11740","강동구","10800","성내동","1","대지","0199","0018","아이퍼스트빌","20260113","15750","15.94","0.000000","8","","","2012","아파트","직거래",""
"2026","11710","송파구","10800","문정동","1","대지","0622","0000","송파한화오벨리스크","20260113","19400","24.66","31.746000","14","","","2013","오피스텔","중개거래","서울 송파구"
"2026","11305","강북구","10100","미아동","1","대지","1353","0000","에스케이북한산시티","20260113","70000","84.76","0.000000","3","","","2004","아파트","중개거래","서울 강북구"
"2026","11230","동대문구","10600","장안동","1","대지","0416","0001","에스아이팰리스장안센텀","20260113","19800","13.88","0.000000","8","","","2020","아파트","중개거래","서울 성동구"
"2026","11170","용산구","12400","한강로1가","1","대지","0050","0001","용산파크자이","20260113","52000","39.25","53.630000","32","","","2005","오피스텔","중개거래","서울 용산구"
"2026","11500","강서구","10900","방화동","1","대지","0904","0000","신마곡벽산블루밍","20260113","82750","59.931","0.000000","14","","","2020","아파트","중개거래","서울 강서구"
"2026","11410","서대문구","12000","남가좌동","1","대지","0325","0040","엘리트홈(325-40)","20260113","5800","20.97","9.000000","2","","","1995","연립다세대","중개거래","서울 마포구"
"2026","11470","양천구","10100","신정동","1","대지","1296","0000","아이파크","20260113","207000","84.88","0.000000","1","","","2002","아파트","중개거래","서울 양천구"
"2026","11320","도봉구","10600","방학동","1","대지","0271","0001","신동아아파트1","20260113","33000","53.16","0.000000","1","","","1986","아파트","중개거래","서울 도봉구"
"2026","11410","서대문구","11700","연희동","1","대지","0747","0000","연희파크푸르지오","20260113","99500","59.983","0.000000","14","","","2018","아파트","중개거래","서울 서대문구"
"2026","11230","동대문구","10500","답십리동","1","대지","0099","0012","스타팰리스","20260113","45000","45.51","26.000000","3","","","2022","연립다세대","중개거래","서울 동대문구"
"2026","11710","송파구","11100","방이동","1","대지","0089","0000","올림픽선수기자촌3단지","20260113","314000","83.06","0.000000","6","","","1988","아파트","중개거래","서울 송파구"
"2026","11170","용산구","12500","한강로2가","1","대지","0420","0000","용산푸르지오써밋","20260113","50000","27.746","43.514100","37","","","2017","오피스텔","중개거래","서울 용산구"
"2026","11200","성동구","10200","하왕십리동","1","대지","1070","0000","센트라스","20260113","238000","84.77","0.000000","28","","","2016","아파트","중개거래","서울 서초구, 서울 성동구"
"2026","11470","양천구","10200","목동","1","대지","0324","0097","신한목동펠리스","20260113","35000","28.16","17.000000","2","","","2022","연립다세대","중개거래","서울 강서구"
"2026","11380","은평구","10300","불광동","1","대지","0634","0000","은혜스카이빌아파트","20260113","64500","84.716","0.000000","6","","","2005","아파트","중개거래","서울 은평구"
"2026","11560","영등포구","11000","여의도동","1","대지","0050","0000","시범","20260113","259000","60.96","0.000000","5","","","1971","아파트","중개거래","서울 영등포구"
"2026","11380","은평구","10700","응암동","1","대지","0176","0000","응암푸르지오","20260113","70000","84.2","0.000000","2","","","2008","아파트","중개거래","서울 은평구"
"2026","11200","성동구","11400","성수동1가","1","대지","0716","0000","우성","20260113","144000","84.67","0.000000","11","","","2004","아파트","중개거래","서울 성동구"
"2026","11710","송파구","10600","삼전동","1","대지","0038","0010","세종하이빌A","20260113","65000","64.33","30.000000","4","","","2002","연립다세대","중개거래","서울 송파구"
"2026","11440","마포구","12600","중동","1","대지","0030","0028","수풍","20260113","39500","55.35","0.000000","6","","","2009","아파트","중개거래","서울 마포구"
"2026","11260","중랑구","10600","신내동","1","대지","0650","0000","신내6대주","20260113","39500","39.84","0.000000","2","","","1996","아파트","중개거래","서울 중랑구"
"2026","11560","영등포구","13300","대림동","1","대지","1132","0000","영등포자이르네","20260113","64500","49.01","0.000000","13","","","2022","아파트","중개거래","서울 동작구"
"2026","11500","강서구","10500","마곡동","1","대지","0422","0000","신안","20260113","85500","59.98","0.000000","2","","","1993","아파트","중개거래","서울 강서구"
"2026","11380","은평구","10300","불광동","1","대지","0281","0141","두진 아이브","20260113","27400","27.21","36.970000","2","","","2015","오피스텔","중개거래","서울 은평구"
"2026","11320","도봉구","10700","창동","1","대지","0808","0000","동아청솔","20260113","81000","59.76","0.000000","4","","","1997","아파트","중개거래","서울 도봉구"
"2026","11230","동대문구","10500","답십리동","1","대지","1000","0000","래미안엘파인아파트","20260113","79000","59.95","0.000000","2","","","2011","아파트","중개거래","서울 성북구"
"2026","11140","중구","16500","황학동","1","대지","1074","0002","메트하임 신당역 오피스텔","20260113","23800","22.31","35.543000","10","","","2021","오피스텔","중개거래","서울 중구"
"2026","11530","구로구","10200","구로동","1","대지","1257","0000","럭키","20260113","52500","59.98","0.000000","3","","","1992","아파트","중개거래","서울 구로구"
"2026","11740","강동구","10800","성내동","1","대지","0081","0002","더존예가","20260113","33000","42.64","51.100000","5","","20260115","2018","오피스텔","중개거래","서울 강동구"
"2026","11650","서초구","10700","반포동","1","대지","0018","0001","래미안퍼스티지","20260113","960000","222.76","0.000000","24","","","2009","아파트","중개거래","서울 서초구"
"2026","11710","송파구","11400","마천동","1","대지","0575","0000","마천금호어울림1차아파트","20260113","99500","81.18","0.000000","3","","","2002","아파트","중개거래","서울 송파구"
"2026","11680","강남구","10800","논현동","1","대지","0149","0018","라인빌리지(149-18)","20260113","20500","17.61","11.000000","4","","","2012","연립다세대","중개거래","서울 강남구"
"2026","11650","서초구","10700","반포동","1","대지","0727","0006","더원빌(727-6)","20260113","63000","29.11","19.000000","5","","","2015","연립다세대","중개거래","서울 강남구, 서울 서초구"
"2026","11470","양천구","10300","신월동","1","대지","1076","0000","목동센트럴아이파크위브2단지","20260113","102500","59.88","0.000000","1","","","2020","아파트","중개거래","서울 양천구"
"2026","11650","서초구","10800","서초동","1","대지","1559","0010","동원스위트(1단지)","20260113","44900","30.02","18.000000","4","","","2016","연립다세대","중개거래","서울 서초구"
"2026","11470","양천구","10200","목동","1","대지","0956","0000","롯데캐슬위너","20260113","115000","59.98","0.000000","3","","20260125","2005","아파트","직거래",""
"2026","11230","동대문구","10200","용두동","1","대지","0787","0000","동의보감타워","20260113","34000","68.4","93.699000","18","","","2005","오피스텔","중개거래","서울 동대문구"
"2026","11440","마포구","10500","용강동","1","대지","0502","0000","래미안마포리버웰","20260113","298000","84.97","0.000000","18","","","2015","아파트","중개거래","서울 마포구"
"2026","11140","중구","14800","을지로6가","1","대지","0048","0000","동원스위트을지","20260113","31000","36.89","46.410000","2","","","2019","오피스텔","중개거래","서울 중구"
"2026","11620","관악구","10100","봉천동","1","대지","1708","0000","두산","20260113","119000","84.92","0.000000","23","","","2000","아파트","중개거래","서울 관악구"
"2026","11410","서대문구","11700","연희동","1","대지","0739","0000","대우푸르지오","20260113","83000","59.584","0.000000","2","","","2002","아파트","중개거래","서울 서대문구"
"2026","11710","송파구","10500","석촌동","1","대지","0021","0009","롯데아트빌라","20260113","19700","44.38","18.000000","-1","","","1994","연립다세대","중개거래","서울 송파구"
"2026","11680","강남구","10400","청담동","1","대지","0013","0034","더청담","20260113","58500","28.02","18.000000","1","","","2018","연립다세대","중개거래","서울 중랑구"
"2026","11230","동대문구","11000","이문동","1","대지","0045","0000","대우","20260113","81500","84.89","0.000000","4","","","2001","아파트","중개거래","서울 동대문구"
"2026","11740","강동구","10800","성내동","1","대지","0081","0002","더존예가","20260113","33000","42.64","51.100000","5","","","2018","오피스텔","중개거래","서울 강동구"
"2026","11290","성북구","10300","돈암동","1","대지","0603","0000","돈암동더샵아파트","20260113","80500","84.817","0.000000","1","","","2006","아파트","중개거래","서울 성북구"
"2026","11290","성북구","10300","돈암동","1","대지","0001","0000","돈암현대아파트","20260113","50000","41.58","0.000000","7","","","1991","아파트","중개거래","서울 성북구"
"2026","11230","동대문구","10600","장안동","1","대지","0317","0004","동성골드리버","20260113","39000","54.71","32.000000","2","","","2015","연립다세대","중개거래","서울 동대문구"
"2026","11710","송파구","11300","거여동","1","대지","0293","0000","거여4단지","20260113","105000","49.8","0.000000","1","","","1997","아파트","중개거래","서울 송파구"
"2026","11500","강서구","10900","방화동","1","대지","0361","0000","현대파크빌리지","20260113","34700","73.09","40.000000","4","","","1996","연립다세대","중개거래","서울 강서구"
"2026","11305","강북구","10300","수유동","","","","","","20260113","31000","127.71","79.000000","","","","1992","단독다가구","직거래",""
"2026","11470","양천구","10200","목동","1","대지","0231","0154","금호하이츠","20260113","28150","75.39","40.000000","-1","","","1996","연립다세대","중개거래","서울 양천구"
"2026","11230","동대문구","11000","이문동","1","대지","0225","0000","대림e-편한세상","20260113","107000","84.972","0.000000","16","","","2003","아파트","중개거래","서울 동대문구"
"2026","11290","성북구","13400","길음동","1","대지","1281","0000","길음뉴타운4단지(e편한세상)","20260113","99300","59.97","0.000000","13","","","2005","아파트","중개거래","서울 성북구"
"2026","11290","성북구","13400","길음동","1","대지","1281","0000","길음뉴타운4단지(e편한세상)","20260113","115000","102.38","0.000000","15","","","2005","아파트","중개거래","서울 성북구"
"2026","11140","중구","12100","회현동1가","","","","","","20260113","118000","131.97","102.000000","","","","1969","단독다가구","중개거래","서울 중구"
"2026","11470","양천구","10300","신월동","1","대지","0207","0088","그랜드비스타108동","20260113","16000","42.77","34.000000","3","","","2014","연립다세대","중개거래","서울 양천구"
"2026","11680","강남구","10100","역삼동","1","대지","0708","0016","능현오피스텔","20260113","22500","29.65","40.920000","7","","","2004","오피스텔","중개거래","서울 강남구"
"2026","11545","금천구","10100","가산동","1","대지","0776","0000","가산대명벨리온","20260113","10900","16.5","25.740000","10","","","2017","오피스텔","중개거래","서울 금천구"
"2026","11470","양천구","10200","목동","1","대지","0951","0000","금호어울림","20260113","142000","84.99","0.000000","8","","","2004","아파트","중개거래","서울 양천구"
"2026","11710","송파구","10400","송파동","1","대지","0095","0007","HANYANGLEEPS","20260113","15000","14.5","11.000000","2","","","2012","연립다세대","중개거래","서울 송파구"
"2026","11530","구로구","10200","구로동","1","대지","0650","0004","SK 허브수 ","20260113","36050","59.12","73.080000","5","","","2005","오피스텔","중개거래","서울 구로구"
"2026","11530","구로구","10200","구로동","1","대지","0806","0033","구로아트빌라4동(806-33)","20260113","33000","59.93","0.000000","1","","","2002","아파트","중개거래","서울 구로구"
"2026","11740","강동구","11000","강일동","1","대지","0072","0000","힐스테이트리슈빌강일","20260113","130000","84.633","0.000000","3","","","2023","아파트","중개거래","서울 강동구"
"2026","11440","마포구","12100","동교동","1","대지","0155","0027","효성홍익인간오피스텔","20260113","24500","32.25","42.717000","5","","","2004","오피스텔","중개거래","서울 마포구"
"2026","11350","노원구","10500","상계동","1","대지","0734","0003","노빌리안골드","20260113","12000","26.64","38.570000","11","","","2004","오피스텔","중개거래","서울 노원구"
"2026","11380","은평구","10300","불광동","1","대지","0274","0007","경인에버빌","20260113","29000","23.6","31.430000","9","","","2021","오피스텔","직거래",""
"2026","11290","성북구","13600","하월곡동","1","대지","0228","0000","꿈의숲푸르지오","20260113","80000","59.65","0.000000","3","","","2010","아파트","중개거래","서울 성북구"
"2026","11680","강남구","10100","역삼동","1","대지","0761","0010","대림역삼","20260113","244000","84.96","0.000000","17","","","1997","아파트","중개거래","서울 강남구"
"2026","11740","강동구","10300","상일동","1","대지","0172","0000","현대빌라","20260113","245000","122.025","135.000000","3","","","1986","연립다세대","중개거래","서울 강동구"
"2026","11290","성북구","13300","정릉동","1","대지","1015","0000","길음뉴타운경남아너스빌","20260113","71800","84.88","0.000000","2","","","1999","아파트","중개거래","서울 성북구"
"2026","11530","구로구","10200","구로동","1","대지","0098","0004","대림역 와이즈플레이스","20260113","13600","29.847","43.573000","12","","","2012","오피스텔","중개거래","서울 구로구"
"2026","11620","관악구","10100","봉천동","1","대지","1712","0000","관악드림(동아)","20260113","115000","84.96","0.000000","13","","","2003","아파트","중개거래","서울 관악구"
"2026","11110","종로구","11800","내수동","1","대지","0071","0000","경희궁의 아침 2단지","20260113","57000","57.8","75.580000","2","","","2004","오피스텔","중개거래","서울 종로구"
"2026","11620","관악구","10100","봉천동","1","대지","1719","0000","관악동부센트레빌","20260113","100000","59.8","0.000000","12","","","2004","아파트","중개거래","서울 관악구"
"2026","11530","구로구","10200","구로동","1","대지","1265","0000","구로두산","20260113","51500","44.64","0.000000","21","","","1998","아파트","중개거래","서울 구로구"
"2026","11500","강서구","10300","화곡동","1","대지","0056","0152","화곡동다세대주택","20260113","19900","59.21","37.000000","2","","","2008","연립다세대","중개거래","서울 강서구"
"2026","11350","노원구","10300","공릉동","1","대지","0743","0000","공릉동한보에센시티아파트","20260113","54500","59.4","0.000000","11","","","2000","아파트","중개거래","서울 노원구"
"2026","11560","영등포구","11500","당산동5가","1","대지","0042","0000","당산삼성래미안4차","20260113","245000","115.78","0.000000","2","","","2003","아파트","중개거래","서울 영등포구"
"2026","11260","중랑구","10100","면목동","1","대지","0715","0000","늘푸른동아","20260113","67000","59.65","0.000000","12","","","2002","아파트","중개거래","서울 송파구, 서울 중랑구"
"2026","11290","성북구","10300","돈암동","","","","","","20260113","56000","31.19","60.000000","","","","1985","단독다가구","중개거래","서울 동대문구"
"2026","11710","송파구","11200","오금동","1","대지","0026","0003","다성파크뷰","20260113","85000","71.63","0.000000","9","","","2002","아파트","중개거래","서울 송파구"
"2026","11290","성북구","13400","길음동","1","대지","1280","0000","길음뉴타운2단지푸르지오","20260113","103000","84.97","0.000000","4","","","2005","아파트","중개거래","서울 성북구"
"2026","11620","관악구","10100","봉천동","1","대지","0673","0092","늘푸른숲","20260113","35000","50.55","30.000000","5","","","2017","연립다세대","중개거래","서울 관악구"
"2026","11500","강서구","10300","화곡동","1","대지","0361","0001","대림e편한세상","20260113","79000","110.26","0.000000","2","","","1992","아파트","중개거래","서울 강서구"
"2026","11380","은평구","10600","대조동","1","대지","0009","0045","대경홈타운","20260113","13500","13.79","0.000000","6","","","2014","아파트","중개거래","서울 은평구"
"2026","11545","금천구","10100","가산동","1","대지","0535","0055","가산유미어스오피스텔","20260113","11900","17.16","26.188000","12","","","2018","오피스텔","중개거래","서울 금천구"
"2026","11710","송파구","10300","풍납동","1","대지","0508","0000","한강극동","20260113","122000","59.26","0.000000","2","","","1995","아파트","중개거래","서울 송파구"
"2026","11350","노원구","10600","중계동","1","대지","0502","0001","중계그린1단지","20260113","57000","49.5","0.000000","5","","","1990","아파트","중개거래","서울 노원구"
"2026","11230","동대문구","10600","장안동","1","대지","0346","0001","태솔아파트3차","20260113","54000","59.52","0.000000","9","","","2018","아파트","중개거래","서울 동대문구"
"2026","11740","강동구","10900","천호동","1","대지","0049","0038","크로바빌라B동","20260113","37900","63.16","42.000000","2","","","1993","연립다세대","중개거래","서울 강동구"
"2026","11350","노원구","10600","중계동","1","대지","0358","0002","주공4","20260113","45500","45.77","0.000000","7","","","1991","아파트","중개거래","서울 노원구"
"2026","11290","성북구","13500","종암동","1","대지","0135","0000","종암2차SKVIEW","20260113","89000","59.98","0.000000","5","","","2010","아파트","중개거래","서울 성북구"
"2026","11350","노원구","10200","월계동","1","대지","0018","0000","한진한화그랑빌","20260113","84000","59.94","0.000000","9","","","2002","아파트","중개거래","서울 노원구"
"2026","11620","관악구","10100","봉천동","1","대지","1021","0000","일두(1021)","20260113","42000","38.92","0.000000","5","","","1985","아파트","중개거래","서울 관악구, 서울 동작구"
"2026","11620","관악구","10100","봉천동","1","대지","0861","0007","CO-OP RESIDENCE/서울대입구","20260113","14350","27.54","39.350000","3","","","2005","오피스텔","중개거래","서울 관악구"
"2026","11230","동대문구","10900","휘경동","1","대지","0057","0000","주공2","20260113","79000","59.13","0.000000","21","","","2001","아파트","중개거래","서울 동대문구"
"2026","11110","종로구","13300","익선동","1","대지","0034","0000","BIZ-WELL 종로 오피스텔","20260113","12500","17.2","24.820000","8","","","2004","오피스텔","중개거래","서울 종로구"
"2026","11380","은평구","10700","응암동","1","대지","0696","0001","(696-1)","20260113","15000","58.78","44.000000","-1","","","1986","연립다세대","직거래",""
"2026","11650","서초구","10800","서초동","1","대지","1558","0004","한빛위너스","20260113","69000","44.62","27.000000","5","","","2015","연립다세대","중개거래","서울 서초구"
"2026","11110","종로구","17500","숭인동","1","대지","1425","0000","한라 운종가","20260113","37000","40.08","59.775000","18","","","2022","오피스텔","중개거래","서울 성동구"
"2026","11680","강남구","10800","논현동","1","대지","0242","0052","ASTY 논현","20260113","170000","56.54","83.431800","20","","","2024","오피스텔","직거래",""
"2026","11620","관악구","10100","봉천동","1","대지","1000","0000","현대(관악)","20260113","85500","58.59","0.000000","15","","","1992","아파트","중개거래","서울 관악구"
"2026","11500","강서구","10300","화곡동","1","대지","1129","0031","조양뜨란채","20260113","28500","59.84","33.000000","3","","","2011","연립다세대","중개거래","서울 강서구"
"2026","11710","송파구","11400","마천동","1","대지","0080","0011","(80-11)","20260113","100000","57.7","37.000000","2","","","2016","연립다세대","중개거래","서울 송파구"
"2026","11440","마포구","12300","망원동","1","대지","0502","0000","함성월드빌","20260113","73000","59.9","0.000000","4","","","2003","아파트","중개거래","서울 마포구"
"2026","11680","강남구","10800","논현동","1","대지","0242","0052","ASTY 논현","20260113","140000","48.636","71.210700","18","","","2024","오피스텔","직거래",""
"2026","11620","관악구","10100","봉천동","1","대지","0468","0002","하우젠-빌","20260113","83500","84.55","29.000000","6","","","2004","연립다세대","중개거래","서울 관악구"
"2026","11620","관악구","10100","봉천동","1","대지","0882","0004","케이타워 오피스텔","20260113","11000","18.24","23.840000","7","","","2010","오피스텔","중개거래","서울 관악구"
"2026","11140","중구","16200","신당동","1","대지","0840","0000","현대","20260113","139000","122.275","0.000000","11","","","1993","아파트","중개거래","서울 성동구, 서울 중구"
"2026","11320","도봉구","10800","도봉동","1","대지","0030","0001","한신","20260113","66000","84.94","0.000000","6","","","1995","아파트","중개거래","경기 의정부시, 서울 도봉구"
"2026","11500","강서구","10500","마곡동","1","대지","1430","0000","헤리티지","20260113","30000","38.39","24.000000","3","","","2015","연립다세대","중개거래","서울 강서구"
"2026","11620","관악구","10100","봉천동","1","대지","0635","0449","행복채움Ⅰ","20260113","24700","29.135","21.000000","2","","","2014","연립다세대","중개거래","서울 관악구"
"2026","11530","구로구","10700","개봉동","1","대지","0478","0000","한진","20260113","59800","59.95","0.000000","14","","","2000","아파트","중개거래","서울 구로구"
"2026","11740","강동구","10700","암사동","1","대지","0482","0020","제이디파크빌","20260113","24500","17.9","11.000000","5","","","2019","연립다세대","중개거래","서울 강동구"
"2026","11560","영등포구","11100","당산동1가","1","대지","0186","0063","파비엥노블레스102동","20260113","30200","29.64","17.000000","4","","","2017","연립다세대","중개거래","서울 영등포구"
"2026","11290","성북구","13500","종암동","1","대지","0104","0001","종암에스케이","20260113","98000","114.75","0.000000","27","","","1999","아파트","중개거래","서울 성북구"
"2026","11710","송파구","10700","가락동","1","대지","0913","0000","헬리오시티","20260113","312500","84.98","0.000000","28","","","2018","아파트","중개거래","서울 송파구"
"2026","11530","구로구","10200","구로동","1","대지","1280","0000","한신휴플러스(1280-0)","20260113","66000","50.03","0.000000","19","","","2007","아파트","중개거래","서울 구로구"
"2026","11200","성동구","10600","사근동","1","대지","0315","0000","한양마이라움","20260113","16300","18.36","0.000000","5","","","2018","아파트","중개거래","서울 서대문구, 서울 성동구"
"2026","11440","마포구","12300","망원동","1","대지","0436","0039","플러스타운","20260113","57000","75.9","38.000000","3","","","2002","연립다세대","중개거래","서울 마포구"
"2026","11440","마포구","12500","성산동","1","대지","0620","0002","펠리체","20260113","41700","51.1","30.000000","4","","","2011","연립다세대","중개거래","서울 마포구"
"2026","11290","성북구","13200","보문동3가","1","대지","0230","0000","이편한세상보문","20260113","115000","84.411","0.000000","15","","","2013","아파트","중개거래","서울 성북구"
"2026","11710","송파구","10100","잠실동","1","대지","0035","0000","트리지움","20260113","317000","84.97","0.000000","31","","","2007","아파트","중개거래","서울 송파구"
"2026","11560","영등포구","13200","신길동","1","대지","0170","0028","진우빌라1","20260112","30000","48.66","29.000000","4","","","1993","연립다세대","중개거래","서울 영등포구"
"2026","11320","도봉구","10500","쌍문동","1","대지","0054","0000","현대1","20260112","50000","84.66","0.000000","4","","","1990","아파트","중개거래","서울 도봉구"
"2026","11620","관악구","10200","신림동","1","대지","1728","0000","제창그로힐","20260112","69900","79.72","0.000000","7","","","2004","아파트","중개거래","서울 관악구"
"2026","11530","구로구","10200","구로동","1","대지","0685","0223","주공2","20260112","63000","41.3","0.000000","11","","","1987","아파트","중개거래","서울 구로구"
"2026","11200","성동구","10900","금호동1가","1","대지","0167","0062","(167-62)","20260112","45000","36.53","24.000000","1","","","1993","연립다세대","중개거래","서울 성동구"
"2026","11230","동대문구","11000","이문동","1","대지","0256","0222","256-222","20260112","32000","16.56","11.000000","4","","","2015","연립다세대","직거래",""
"2026","11530","구로구","11200","항동","1","대지","0246","0000","항동제일풍경채포레스트","20260112","68000","84.661","0.000000","3","","","2020","아파트","중개거래","서울 구로구"
"2026","11380","은평구","10600","대조동","1","대지","0009","0050","제이타워4","20260112","10000","12.29","0.000000","6","","","2013","아파트","중개거래","서울 은평구"
"2026","11410","서대문구","11000","북아현동","1","대지","0154","0006","헤센 스마트 더 센트럴","20260112","55500","43.8","65.890000","8","","","2023","오피스텔","중개거래","서울 서대문구"
"2026","11170","용산구","10200","용산동2가","1","대지","0039","0000","하임빌(39)","20260112","75000","59.54","32.000000","-1","","","2009","연립다세대","중개거래","서울 용산구"
"2026","11380","은평구","10800","역촌동","1","대지","0042","0031","(42-31)","20260112","18500","56.22","64.650000","5","","","2002","오피스텔","중개거래","서울 은평구"
"2026","11620","관악구","10100","봉천동","1","대지","0861","0007","CO-OP RESIDENCE/서울대입구","20260112","18000","26.67","38.110000","9","","","2005","오피스텔","중개거래","서울 관악구"
"2026","11560","영등포구","12600","양평동2가","1","대지","0043","0014","CO-OP Residence/오목교","20260112","8450","16.98","26.580000","12","","","2004","오피스텔","중개거래","서울 영등포구"
"2026","11320","도봉구","10700","창동","1","대지","0442","0033","DK포시즌","20260112","36500","77.85","0.000000","2","","","2003","아파트","중개거래","서울 도봉구"
"2026","11590","동작구","10900","신대방동","1","대지","0470","0008","한성아파트","20260112","53000","59.87","0.000000","15","","","1995","아파트","직거래",""
"2026","11170","용산구","13100","한남동","1","대지","0726","0322","한남아크빌","20260112","76500","69.73","32.000000","3","","","2004","연립다세대","중개거래","서울 성동구, 서울 용산구"
"2026","11530","구로구","10700","개봉동","1","대지","0481","0000","현대","20260112","84000","84.99","0.000000","14","","","2001","아파트","중개거래","서울 구로구"
"2026","11320","도봉구","10500","쌍문동","1","대지","0081","0106","인성빌라트","20260112","8000","45.36","26.000000","-1","","","1994","연립다세대","직거래",""
"2026","11440","마포구","12000","서교동","1","대지","0477","0003","(477-3)","20260112","52000","44.37","27.000000","6","","","2012","연립다세대","중개거래","서울 마포구"
"2026","11500","강서구","10300","화곡동","1","대지","0102","0109","프리즘빌라A동","20260112","17300","41.24","20.000000","2","","","2002","연립다세대","중개거래","서울 강서구"
"2026","11620","관악구","10100","봉천동","1","대지","0867","0012","프라비다2","20260112","16900","19.61","0.000000","5","","","2013","아파트","중개거래","경기 부천시 원미구"
"2026","11320","도봉구","10700","창동","1","대지","0338","0000","창동신원리베르텔","20260112","15700","32.76","41.530000","13","","","2003","오피스텔","중개거래","서울 도봉구"
"2026","11710","송파구","10100","잠실동","1","대지","0178","0006","잠실 M타워","20260112","17200","17.17","29.112600","4","","","2018","오피스텔","중개거래","서울 송파구"
"2026","11530","구로구","10200","구로동","1","대지","0104","0010","(104-10)","20260112","7000","39.6","64.690000","10","","","1994","오피스텔","중개거래","서울 구로구"
"2026","11710","송파구","10300","풍납동","1","대지","0413","0001","현대1","20260112","167000","83.02","0.000000","1","","","1995","아파트","중개거래","서울 송파구"
"2026","11530","구로구","10800","오류동","1","대지","0051","0031","포스시티","20260112","7900","19.24","27.310000","11","","","2014","오피스텔","중개거래","서울 구로구"
"2026","11305","강북구","10300","수유동","1","대지","0530","0085","청화","20260112","10000","25.59","25.000000","-1","","","1990","연립다세대","중개거래","서울 강북구"
"2026","11545","금천구","10200","독산동","1","대지","0977","0007","(977-7)","20260112","16400","67.77","53.000000","2","","","1980","연립다세대","중개거래","서울 금천구"
"2026","11500","강서구","10900","방화동","1","대지","0841","0000","장미","20260112","55000","49.2","0.000000","12","","","1994","아파트","중개거래","서울 강서구, 서울 동대문구"
"2026","11320","도봉구","10700","창동","1","대지","0347","0000","창동주공3단지(해등마을)","20260112","59800","49.94","0.000000","15","","","1990","아파트","중개거래","서울 도봉구"
"2026","11380","은평구","10500","구산동","1","대지","0380","0002","평산빌라(380-2)","20260112","14800","52.83","32.000000","1","","","1994","연립다세대","중개거래","서울 은평구"
"2026","11710","송파구","10800","문정동","1","대지","0618","0000","파크하비오","20260112","183500","84.994","0.000000","2","","","2016","아파트","중개거래","서울 송파구"
"2026","11350","노원구","10600","중계동","1","대지","0502","0001","중계그린1단지","20260112","57200","49.5","0.000000","3","","","1990","아파트","중개거래","서울 노원구"
"2026","11710","송파구","10800","문정동","1","대지","0618","0000","파크하비오","20260112","43000","48.93","62.010000","6","","","null","오피스텔","중개거래","경기 성남시 수정구, 서울 송파구"
"2026","11290","성북구","13300","정릉동","1","대지","0508","0069","준하이빌","20260112","23500","42.37","36.000000","3","","","2017","연립다세대","중개거래","서울 성북구"
"2026","11710","송파구","10800","문정동","1","대지","0618","0000","파크하비오","20260112","42000","47.89","60.690000","17","","","null","오피스텔","중개거래","서울 송파구"
"2026","11470","양천구","10300","신월동","1","대지","0203","0014","주함헤븐103동","20260112","41500","73.88","0.000000","5","","","2006","아파트","중개거래","서울 양천구"
"2026","11440","마포구","10800","대흥동","1","대지","0325","0038","(325-38)","20260112","58500","43.8","21.000000","2","","","1995","연립다세대","중개거래","서울 마포구"
"2026","11680","강남구","10800","논현동","1","대지","0272","0008","파크빌","20260112","19000","18.53","11.000000","2","","","2013","연립다세대","중개거래","서울 송파구"
"2026","11710","송파구","10400","송파동","1","대지","0111","0010","111-10","20260112","34400","29.89","18.000000","4","","","2016","연립다세대","중개거래","서울 서초구"
"2026","11710","송파구","10200","신천동","1","대지","0017","0000","파크리오","20260112","285000","84.79","0.000000","26","","","2008","아파트","중개거래","서울 송파구"
"2026","11410","서대문구","10300","합동","1","대지","0117","0000","충정로대우디오빌","20260112","21000","29.25","36.850000","13","","","2006","오피스텔","중개거래","서울 서초구"
"2026","11260","중랑구","10300","중화동","1","대지","0309","0090","(309-90)","20260112","48500","34.25","25.000000","5","","","2020","연립다세대","중개거래","서울 중랑구"
"2026","11230","동대문구","10900","휘경동","1","대지","0336","0032","캠퍼스드림오피스텔","20260112","20800","16.04","0.000000","15","","","2020","아파트","중개거래","서울 동대문구"
"2026","11530","구로구","10700","개봉동","1","대지","0478","0000","한진","20260112","58700","59.95","0.000000","22","","","2000","아파트","중개거래","서울 구로구"
"2026","11530","구로구","10200","구로동","1","대지","1127","0022","티타운빌딩","20260112","18700","42.11","60.430000","5","","","2006","오피스텔","중개거래","서울 구로구"
"2026","11530","구로구","10200","구로동","1","대지","0642","0009","한신","20260112","43500","45.563","0.000000","5","","","1988","아파트","중개거래","서울 구로구"
"2026","11440","마포구","10400","도화동","1","대지","0536","0000","정우상가맨션","20260112","127000","105.52","0.000000","4","","","1983","아파트","중개거래","서울 서대문구"
"2026","11740","강동구","10900","천호동","1","대지","0425","0003","천호역 한강 푸르지오시티","20260112","18000","25.06","35.660000","26","","","2015","오피스텔","중개거래","서울 강동구"
"2026","11650","서초구","10800","서초동","1","대지","1338","0021","코리아비지니스센타","20260112","20000","30","42.830000","10","","","1991","오피스텔","중개거래","서울 서초구"
"2026","11350","노원구","10600","중계동","1","대지","0358","0002","주공4","20260112","77200","76.51","0.000000","13","","","1991","아파트","중개거래","서울 노원구"
"2026","11650","서초구","10800","서초동","1","대지","1487","0031","(1487-31)","20260112","26000","20.5","13.000000","5","","","2017","연립다세대","중개거래","서울 서초구"
"2026","11470","양천구","10200","목동","1","대지","0607","0003","투웨니퍼스트","20260112","19800","23.91","11.000000","3","","","2013","연립다세대","중개거래","서울 양천구"
"2026","11740","강동구","10900","천호동","1","대지","0563","0000","동아코아아파트","20260112","86000","107.01","0.000000","9","","","1997","아파트","중개거래","서울 강동구"
"2026","11710","송파구","11300","거여동","1","대지","0004","0007","더숲에이동","20260112","29200","29.848","20.000000","3","","","2020","연립다세대","중개거래","서울 송파구"
"2026","11590","동작구","10900","신대방동","1","대지","0713","0000","롯데낙천대","20260112","126000","80.242","0.000000","2","","","2003","아파트","중개거래","서울 동작구"
"2026","11260","중랑구","10200","상봉동","1","대지","0083","0001","더샵 퍼스트월드","20260112","101494","59.963","0.000000","35","분양권","","0","아파트","직거래",""
"2026","11680","강남구","10700","신사동","1","대지","0658","0000","로데오현대","20260112","205000","90.94","0.000000","8","","","1998","아파트","중개거래","서울 강남구"
"2026","11500","강서구","10500","마곡동","1","대지","1478","0000","마곡삼성아파트","20260112","67800","59.95","0.000000","15","","","1998","아파트","중개거래","서울 강서구"
"2026","11290","성북구","10300","돈암동","1","대지","0603","0000","돈암동더샵아파트","20260112","78000","84.817","0.000000","3","","","2006","아파트","중개거래","서울 성북구"
"2026","11500","강서구","10900","방화동","1","대지","0860","0000","마곡서광(치현마을)","20260112","60000","84.93","0.000000","11","","","1998","아파트","중개거래","서울 강서구"
"2026","11290","성북구","10300","돈암동","1","대지","0642","0000","돈암동해피트리","20260112","89700","84.98","0.000000","8","","","2013","아파트","중개거래","서울 성북구"
"2026","11500","강서구","10500","마곡동","1","대지","0776","0002","마곡센트럴대방디엠시티오피스텔","20260112","22000","29.479","42.342300","3","","","2017","오피스텔","중개거래","서울 강서구"
"2026","11680","강남구","10600","대치동","1","대지","0945","0020","대치3차 아이파크 오피스텔","20260112","36500","22.39","34.480000","9","","","2019","오피스텔","중개거래","서울 강남구"
"2026","11290","성북구","13900","석관동","1","대지","0410","0000","래미안아트리치","20260112","109500","59.42","0.000000","8","","","2019","아파트","중개거래","서울 동대문구, 서울 성북구"
"2026","11590","동작구","10100","노량진동","1","대지","0057","0001","메가스터디타워","20260112","15000","16.01","0.000000","14","","","2015","아파트","중개거래","서울 동작구"
"2026","11620","관악구","10100","봉천동","1","대지","1708","0000","두산","20260112","92500","59.92","0.000000","1","","","2000","아파트","중개거래","서울 관악구"
"2026","11410","서대문구","12000","남가좌동","1","대지","0390","0000","래미안루센티아","20260112","125000","59.98","0.000000","2","","","2020","아파트","중개거래","서울 서대문구"
"2026","11140","중구","16500","황학동","1","대지","1074","0002","메트하임 신당역 오피스텔","20260112","25000","24.19","38.148000","12","","","2021","오피스텔","중개거래","서울 중구"
"2026","11170","용산구","12500","한강로2가","1","대지","0422","0000","래미안 용산 더 센트럴","20260112","74000","42.5","58.079000","13","","","null","오피스텔","중개거래","서울 용산구"
"2026","11710","송파구","11100","방이동","1","대지","0022","0000","대우유토피아오피스텔","20260112","16500","27.71","41.480000","10","","","1999","오피스텔","중개거래","서울 송파구"
"2026","11140","중구","12500","충무로2가","1","대지","0048","0002","명동 엠퍼스트플레이스","20260112","24000","20.84","31.400000","2","","","2007","오피스텔","중개거래","서울 중구"
"2026","11140","중구","12500","충무로2가","1","대지","0048","0002","명동 엠퍼스트플레이스","20260112","24000","20.84","31.400000","2","","20260115","2007","오피스텔","중개거래","서울 중구"
"2026","11350","노원구","10500","상계동","1","대지","1305","0000","동양엔파트","20260112","86000","84.88","0.000000","17","","","2003","아파트","중개거래","서울 노원구"
"2026","11290","성북구","13900","석관동","1","대지","0010","0000","두산","20260112","92000","84.9","0.000000","7","","","1998","아파트","중개거래","서울 성북구, 서울 중구"
"2026","11590","동작구","10700","사당동","1","대지","1141","0000","르메이에르","20260112","71300","59.4","0.000000","8","","","2001","아파트","중개거래","서울 관악구, 서울 동작구"
"2026","11170","용산구","11500","산천동","1","대지","0193","0000","리버힐삼성","20260112","139300","59.55","0.000000","1","","","2001","아파트","중개거래","서울 용산구"
"2026","11500","강서구","10200","등촌동","1","대지","0656","0058","등촌 미르웰 한올림 3차","20260112","13500","14.41","22.960000","9","","","2018","오피스텔","중개거래","서울 강서구"
"2026","11620","관악구","10100","봉천동","1","대지","1560","0062","서울대입구아이원(1560-62)","20260112","107500","84.92","0.000000","7","","","2006","아파트","중개거래","서울 관악구"
"2026","11680","강남구","10800","논현동","1","대지","0006","0021","세양 APEX-TOWER","20260112","23800","26.91","34.480000","6","","","2003","오피스텔","중개거래","서울 강남구"
"2026","11470","양천구","10200","목동","1","대지","0324","0117","목동첼시","20260112","32500","29.86","16.000000","3","","","2015","연립다세대","중개거래","서울 양천구"
"2026","11560","영등포구","11800","도림동","1","대지","0030","0000","무림빌라(30-0)","20260112","45500","81.61","73.000000","1","","","1985","연립다세대","중개거래","서울 영등포구"
"2026","11560","영등포구","12400","문래동6가","1","대지","0026","0000","문래동 대우 이안","20260112","45000","56.1","71.910000","8","","","2004","오피스텔","중개거래","서울 영등포구"
"2026","11560","영등포구","12400","문래동6가","1","대지","0001","0001","문래동 현대홈시티1","20260112","55000","72.42","88.680000","11","","","2004","오피스텔","중개거래","서울 영등포구"
"2026","11260","중랑구","10200","상봉동","1","대지","0114","0008","성산하이빌","20260112","13000","21.76","13.000000","5","","","2013","연립다세대","중개거래","서울 중랑구"
"2026","11710","송파구","11100","방이동","1","대지","0131","0015","방이주택7차","20260112","17000","22.03","13.000000","2","","","2003","연립다세대","중개거래","서울 송파구"
"2026","11470","양천구","10300","신월동","1","대지","1047","0000","방주기픈샘2","20260112","60400","84.99","0.000000","2","","","2007","아파트","직거래",""
"2026","11320","도봉구","10800","도봉동","1","대지","0641","0000","서원","20260112","32500","49.77","0.000000","1","","","1996","아파트","중개거래","서울 도봉구"
"2026","11320","도봉구","10800","도봉동","1","대지","0641","0000","서원","20260112","29500","40.02","0.000000","6","","","1996","아파트","중개거래","서울 도봉구"
"2026","11530","구로구","10700","개봉동","1","대지","0277","0012","베스트빌3차","20260112","23200","50.01","29.000000","4","","","2011","연립다세대","중개거래","서울 구로구"
"2026","11350","노원구","10200","월계동","1","대지","0085","0007","서울원 아이파크","20260112","140291","84.317","0.000000","17","분양권","","0","아파트","직거래",""
"2026","11350","노원구","10200","월계동","1","대지","0085","0007","서울원 아이파크","20260112","140458","84.317","0.000000","24","분양권","","0","아파트","중개거래","서울 동대문구"
"2026","11470","양천구","10100","신정동","1","대지","0326","0000","목동신시가지12","20260112","207000","71.64","0.000000","4","","","1988","아파트","중개거래","서울 양천구"
"2026","11470","양천구","10300","신월동","1","대지","0103","0005","보노하우스","20260112","25500","29.89","21.000000","4","","","2020","연립다세대","중개거래","서울 금천구"
"2026","11560","영등포구","13200","신길동","1","대지","4958","0000","보라매에스케이뷰","20260112","191500","84.98","0.000000","19","","","2020","아파트","중개거래","서울 영등포구"
"2026","11620","관악구","10100","봉천동","1","대지","0685","0100","보람(685-100)","20260112","35000","68.58","0.000000","2","","","2004","아파트","중개거래","서울 관악구"
"2026","11260","중랑구","10400","묵동","1","대지","0387","0000","브라운스톤태릉","20260112","89000","83.535","0.000000","12","","","2004","아파트","중개거래","서울 중랑구"
"2026","11305","강북구","10100","미아동","1","대지","1357","0000","삼각산아이원","20260112","72750","84.705","0.000000","9","","","2003","아파트","중개거래","서울 강북구"
"2026","11710","송파구","11400","마천동","1","대지","0087","0003","삼보타운2차","20260112","88900","77.07","33.000000","3","","","1991","연립다세대","중개거래","서울 송파구"
"2026","11290","성북구","11200","삼선동2가","1","대지","0425","0000","삼선푸르지오","20260112","94450","114.65","0.000000","6","","","2008","아파트","직거래",""
"2026","11470","양천구","10200","목동","1","대지","0903","0000","목동신시가지3","20260112","279000","95.74","0.000000","1","","","1986","아파트","중개거래","서울 양천구"
"2026","11440","마포구","12500","성산동","1","대지","0591","0006","상암 퍼스티지 더올림 오피스텔","20260112","16400","17.14","25.950000","10","","","2018","오피스텔","중개거래","서울 마포구"
"2026","11560","영등포구","13200","신길동","1","대지","4934","0000","삼성래미안","20260112","101000","59.54","0.000000","6","","","2001","아파트","중개거래","서울 영등포구"
"2026","11320","도봉구","10800","도봉동","1","대지","0570","0010","삼안리치","20260112","26000","74.25","0.000000","4","","20260115","2002","아파트","중개거래","서울 도봉구"
"2026","11740","강동구","10500","길동","1","대지","0325","0015","삼우주택(BC동)","20260112","34000","50.58","29.000000","1","","","1991","연립다세대","중개거래","서울 강동구"
"2026","11710","송파구","11100","방이동","1","대지","0124","0040","삼원주택","20260112","40000","54.35","29.000000","2","","","2002","연립다세대","중개거래","서울 송파구"
"2026","11740","강동구","10100","명일동","1","대지","0270","0000","삼익가든","20260112","144500","71.2","0.000000","7","","","1984","아파트","중개거래","서울 강동구"
"2026","11710","송파구","11200","오금동","1","대지","0008","0010","삼익빌라","20260112","37500","58.48","29.000000","3","","","1993","연립다세대","중개거래","서울 송파구"
"2026","11530","구로구","10700","개봉동","1","대지","0471","0000","삼호","20260112","53500","59.86","0.000000","1","","","1996","아파트","중개거래","서울 구로구"
"2026","11350","노원구","10500","상계동","1","대지","0647","0000","상계주공12(고층)","20260112","49900","49.94","0.000000","4","","","1988","아파트","중개거래","서울 노원구"
"2026","11200","성동구","10200","하왕십리동","1","대지","1070","0000","센트라스","20260112","248000","84.98","0.000000","27","","","2016","아파트","중개거래","서울 성동구, 서울 중구"
"2026","11500","강서구","10600","내발산동","1","대지","0710","0011","여원스위트빌","20260112","31800","56.68","30.000000","4","","","2003","연립다세대","중개거래","서울 강서구"
"2026","11680","강남구","10100","역삼동","1","대지","0824","0013","예성I라이프","20260112","18000","24.66","36.380000","14","","","2004","오피스텔","직거래",""
"2026","11380","은평구","11000","증산동","1","대지","0193","0037","연세빌라(다동)(193-37)","20260112","65800","40.66","18.000000","3","","","1993","연립다세대","중개거래","서울 은평구"
"2026","11110","종로구","16000","연지동","1","대지","0042","0000","연지서영빌","20260112","27500","29.24","8.000000","6","","","2018","연립다세대","중개거래","서울 종로구"
"2026","11500","강서구","10100","염창동","1","대지","0304","0000","이너스5차동진","20260112","72500","69.76","0.000000","6","","","2007","아파트","중개거래","서울 강서구"
"2026","11710","송파구","11300","거여동","1","대지","0697","0000","송파시그니처롯데캐슬","20260112","179500","59.98","0.000000","22","","","2021","아파트","중개거래","서울 강남구, 서울 송파구"
"2026","11230","동대문구","10600","장안동","1","대지","0572","0000","은하수드림필","20260112","69400","84.98","0.000000","7","","","2006","아파트","중개거래","서울 동대문구"
"2026","11410","서대문구","11100","홍제동","1","대지","0454","0000","유원하나","20260112","59000","82.35","0.000000","10","","","1996","아파트","중개거래","서울 서대문구"
"2026","11530","구로구","10200","구로동","1","대지","0106","0010","순영웰라이빌1차","20260112","11500","32.725","32.725000","5","","","2003","오피스텔","중개거래","서울 구로구"
"2026","11500","강서구","10300","화곡동","1","대지","0994","0006","소담밸리","20260112","19000","21.19","13.000000","5","","","2021","연립다세대","중개거래","서울 강남구"
"2026","11440","마포구","12300","망원동","1","대지","0439","0001","솔루체","20260112","67500","57.92","0.000000","7","","","2021","아파트","중개거래","서울 마포구"
"2026","11740","강동구","10100","명일동","1","대지","0360","0000","시앤디아파트","20260112","70000","54.46","0.000000","5","","","2025","아파트","중개거래","서울 강동구"
"2026","11305","강북구","10300","수유동","1","대지","0468","0197","신광아트빌","20260112","23000","61.55","33.000000","2","","","2002","연립다세대","중개거래","서울 강북구"
"2026","11260","중랑구","10600","신내동","1","대지","0650","0000","신내6대주","20260112","61500","59.76","0.000000","12","","","1996","아파트","중개거래","서울 중랑구"
"2026","11260","중랑구","10600","신내동","1","대지","0650","0000","신내6대주","20260112","64000","59.76","0.000000","7","","","1996","아파트","중개거래","서울 중랑구"
"2026","11530","구로구","10200","구로동","1","대지","0560","0000","신도림현대","20260112","99500","80.01","0.000000","3","","","1994","아파트","중개거래","서울 구로구"
"2026","11470","양천구","10300","신월동","1","대지","1031","0000","신도브래뉴2차","20260112","63000","84.4","0.000000","5","","","2004","아파트","중개거래","서울 양천구"
"2026","11680","강남구","11500","수서동","1","대지","0736","0000","신동아","20260112","97000","33.18","0.000000","11","","","1992","아파트","직거래",""
"2026","11680","강남구","10800","논현동","1","대지","0022","0000","신동아(22)","20260112","230000","84.52","0.000000","3","","","1997","아파트","중개거래","서울 강남구"
"2026","11170","용산구","11300","원효로2가","1","대지","0023","0009","원카운티","20260112","60000","23.18","14.000000","2","","","2025","연립다세대","직거래",""
"2026","11470","양천구","10100","신정동","1","대지","1277","0000","신트리4","20260112","75000","59.73","0.000000","9","","","2000","아파트","중개거래","서울 양천구"
"2026","11740","강동구","10200","고덕동","1","대지","0486","0000","아남1","20260112","131000","71.2","0.000000","18","","","1996","아파트","중개거래","서울 강동구, 서울 송파구"
"2026","11290","성북구","10100","성북동","1","대지","0168","0047","아스테르빌","20260112","68000","48.59","35.000000","2","","","2017","연립다세대","중개거래","서울 성북구"
"2026","11440","마포구","12300","망원동","1","대지","0466","0015","우정맨션","20260112","27100","36.63","19.000000","4","","","1991","연립다세대","중개거래","서울 마포구"
"2026","11470","양천구","10100","신정동","1","대지","1296","0000","아이파크","20260112","235000","84.74","0.000000","11","","","2002","아파트","중개거래","서울 양천구"
"2026","11590","동작구","10200","상도동","1","대지","0416","0000","아이파크","20260112","148000","84.96","0.000000","8","","","2004","아파트","중개거래","서울 동작구"
"2026","11530","구로구","10100","신도림동","1","대지","0638","0000","우성5","20260112","87000","59.91","0.000000","6","","","1994","아파트","중개거래","서울 강서구, 서울 구로구"
"2026","11590","동작구","10900","신대방동","1","대지","0565","0000","우성1차","20260112","160000","126.16","0.000000","15","","","1988","아파트","중개거래","서울 동작구"
"2026","11470","양천구","10100","신정동","1","대지","0319","0000","우림필유","20260112","92000","81.62","96.679000","7","","","2004","오피스텔","중개거래","서울 양천구, 서울 영등포구"
"2026","11110","종로구","11800","내수동","1","대지","0075","0000","용비어천가","20260112","33000","42.46","53.770000","17","","","2004","오피스텔","중개거래","서울 종로구"
"2026","11710","송파구","11200","오금동","1","대지","0616","0000","송파레미니스","20260112","153000","59.85","0.000000","4","","","2017","아파트","중개거래","서울 강남구, 서울 송파구"
"2026","11260","중랑구","10200","상봉동","1","대지","0484","0000","엘지,쌍용아파트","20260112","58800","68.12","0.000000","2","","","1996","아파트","중개거래","서울 중랑구"
"2026","11545","금천구","10200","독산동","1","대지","1007","0013","e편한세상독산더타워","20260112","75000","59.967","0.000000","11","","","2019","아파트","중개거래","서울 금천구"
"2026","11710","송파구","11300","거여동","1","대지","0294","0000","거여5단지","20260112","105000","59.74","0.000000","5","","","1997","아파트","중개거래","서울 송파구"
"2026","11200","성동구","10700","행당동","","","","","","20260112","123000","118.94","83.000000","","","","1972","단독다가구","중개거래","서울 성동구"
"2026","11140","중구","16500","황학동","1","대지","0819","0000","DUO302","20260112","15900","15.97","0.000000","9","","","2014","아파트","중개거래","서울 중구"
"2026","11215","광진구","10700","화양동","1","대지","0113","0001","광진코지웰","20260112","15000","15.63","0.000000","11","","","2014","아파트","직거래",""
"2026","11230","동대문구","10600","장안동","1","대지","0319","0006","U-포그니","20260112","40000","57.32","0.000000","6","","","2016","아파트","중개거래","서울 동대문구"
"2026","11470","양천구","10200","목동","1","대지","0318","0024","금강빌라A동","20260112","21000","65.67","30.000000","-1","","","2002","연립다세대","중개거래","서울 양천구"
"2026","11380","은평구","10200","녹번동","1","대지","0031","0012","다원샤인빌(31-12)","20260112","40000","67.04","40.000000","3","","","2009","연립다세대","중개거래","서울 은평구"
"2026","11710","송파구","10100","잠실동","1","대지","0183","0012","NS파인트리","20260112","28800","23.78","33.110000","7","","","2021","오피스텔","중개거래","서울 송파구"
"2026","11380","은평구","10800","역촌동","1","대지","0050","0029","호안빌(50-29)","20260112","33500","41.17","26.000000","3","","","2021","연립다세대","직거래",""
"2026","11230","동대문구","10900","휘경동","1","대지","0281","0072","휘경타운","20260112","25500","58.83","36.000000","-1","","","1997","연립다세대","중개거래","서울 동대문구"
"2026","11320","도봉구","10800","도봉동","1","대지","0081","0001","극동","20260112","46000","84.83","0.000000","3","","","1991","아파트","중개거래","서울 도봉구"
"2026","11230","동대문구","10700","청량리동","","","","","","20260112","105000","114.08","93.000000","","","","1980","단독다가구","중개거래","서울 동대문구"
"2026","11410","서대문구","11000","북아현동","1","대지","1017","0000","힐스테이트신촌","20260112","205000","84.971","0.000000","3","","","2020","아파트","중개거래","서울 마포구, 서울 서대문구"
"2026","11650","서초구","10200","양재동","1","대지","0242","0014","현대빌라(242-14)","20260112","35000","38.68","17.000000","1","","","1993","연립다세대","중개거래","경기 성남시 수정구"
"2026","11470","양천구","10200","목동","1","대지","0785","0005","형지그레이스(A동)","20260112","29500","44.09","26.000000","2","","","2021","연립다세대","중개거래","서울 중랑구"
"2026","11530","구로구","10200","구로동","1","대지","1256","0000","구로현대","20260112","77800","84.57","0.000000","5","","","1992","아파트","중개거래","서울 구로구"
"2026","11500","강서구","10300","화곡동","1","대지","0105","0086","황제아이파크","20260112","19200","48","29.000000","1","","","2008","연립다세대","중개거래","경기 부천시 오정구, 서울 강서구"
"2026","11590","동작구","10900","신대방동","1","대지","0710","0000","경남교수","20260112","120000","84.94","0.000000","18","","","2001","아파트","중개거래","서울 동작구, 서울 영등포구"
"2026","11410","서대문구","12000","남가좌동","1","대지","0385","0000","DMC파크뷰자이1단지","20260112","195000","152.146","0.000000","4","","","2015","아파트","직거래",""
"2026","11110","종로구","18300","평창동","","","","","","20260112","178125","258.22","334.000000","","","","1976","단독다가구","직거래",""
"2026","11140","중구","16500","황학동","","","","","","20260112","73000","54.54","62.000000","","","","1956","단독다가구","직거래",""
"2026","11740","강동구","10500","길동","1","대지","0483","0000","강동헤리티지자이","20260112","170000","59.98","0.000000","4","","","2024","아파트","중개거래","서울 강동구"
"2026","11305","강북구","10100","미아동","1","대지","1369","0000","꿈의숲해링턴플레이스","20260112","93000","84.86","0.000000","6","","","2019","아파트","중개거래","서울 강북구"
"2026","11230","동대문구","10400","전농동","1","대지","0620","0056","힐스테이트 청량리 더퍼스트","20260112","68401","59.28","91.040000","12","","","2023","오피스텔","중개거래","서울 동대문구"
"2026","11740","강동구","10900","천호동","","","","","","20260112","86000","58.38","110.000000","","","","1974","단독다가구","중개거래","서울 강동구"
"2026","11560","영등포구","13300","대림동","1","대지","0608","0001","현대3차","20260112","105000","59.83","0.000000","7","","","1997","아파트","중개거래","서울 영등포구"
"2026","11560","영등포구","13300","대림동","1","대지","1101","0007","G밸리소홈","20260112","12800","16.1","0.000000","7","","","2018","아파트","중개거래","서울 구로구"
"2026","11380","은평구","11400","진관동","1","대지","0025","0000","구파발9단지래미안(916~928동)BL3-2","20260112","96500","101.92","0.000000","5","","","2010","아파트","중개거래","서울 은평구"
"2026","11740","강동구","11000","강일동","1","대지","0114","0000","강동리버스트4단지","20260112","84000","49.82","0.000000","3","","","2020","아파트","중개거래","서울 강동구"
"2026","11350","노원구","10600","중계동","","","","","","20260112","49000","144.48","89.000000","","","","1992","단독다가구","중개거래","서울 노원구"
"2026","11650","서초구","10800","서초동","1","대지","1665","0004","공간7차","20260112","39900","29.42","16.000000","5","","","2017","연립다세대","중개거래","서울 서초구"
"2026","11590","동작구","10100","노량진동","","","","","","20260112","305000","248.22","179.000000","","","","1992","단독다가구","중개거래","서울 강남구, 서울 동작구"
"2026","11620","관악구","10200","신림동","1","대지","1735","0001","관악산휴먼시아1단지","20260112","62000","59.99","0.000000","19","","","2008","아파트","중개거래","서울 관악구, 서울 구로구"
"2026","11230","동대문구","10500","답십리동","1","대지","1009","0000","힐스테이트청계","20260112","161500","84.85","0.000000","26","","","2018","아파트","중개거래","서울 동대문구, 서울 송파구"
"2026","11230","동대문구","10200","용두동","1","대지","0026","0014","힐스테이트청량리메트로블","20260112","48250","26.151","0.000000","15","분양권","","0","아파트","중개거래","서울 동대문구"
"2026","11410","서대문구","11800","홍은동","1","대지","0265","0288","힐타운","20260112","9980","36.23","22.000000","3","","","1997","연립다세대","중개거래","서울 서대문구"
"2026","11680","강남구","10300","개포동","1","대지","1233","0017","다세대주택","20260112","59600","50.67","38.000000","1","","","1986","연립다세대","중개거래","서울 강남구"
"2026","11305","강북구","10300","수유동","1","대지","0230","0007","효성 인텔리안 오피스텔","20260112","14500","34.13","52.323000","19","","","2005","오피스텔","중개거래","서울 강북구"
"2026","11500","강서구","10300","화곡동","1","대지","0029","0020","화성그랜드빌라","20260112","20000","57.93","30.000000","3","","20260113","1997","연립다세대","직거래",""
"2026","11545","금천구","10200","독산동","1","대지","1150","0000","금천롯데캐슬골드파크2차201동202동","20260112","89500","59.27","0.000000","29","","","2017","아파트","중개거래","경기 평택시, 서울 금천구"
"2026","11500","강서구","10300","화곡동","1","대지","1165","0000","강서힐스테이트","20260112","139000","59.99","0.000000","13","","","2015","아파트","중개거래","서울 강남구, 서울 강서구"
"2026","11530","구로구","10200","구로동","1","대지","0103","0006","구로 오네뜨 시티","20260112","21500","29.9","42.670000","12","","","2022","오피스텔","중개거래","서울 구로구"
"2026","11710","송파구","11300","거여동","1","대지","0290","0000","거여1단지","20260112","101000","49.8","0.000000","3","","","1997","아파트","중개거래","서울 송파구"
"2026","11215","광진구","10900","군자동","","","","","","20260112","159500","231.43","119.000000","","","","2020","단독다가구","중개거래","서울 광진구"
"2026","11230","동대문구","10600","장안동","1","대지","0338","0011","대명이튼캐슬2","20260111","41400","53.46","32.000000","5","","","2015","연립다세대","중개거래","서울 동대문구"
"2026","11710","송파구","11300","거여동","1","대지","0290","0000","거여1단지","20260111","78000","39.6","0.000000","7","","","1997","아파트","중개거래","서울 송파구"
"2026","11650","서초구","10800","서초동","1","대지","1316","0015","현대성우주상복합아파트","20260111","180000","161.91","0.000000","13","","20260116","2002","아파트","중개거래","서울 서초구"
"2026","11380","은평구","10900","신사동","1","대지","0018","0037","금강블루(18-37)","20260111","23700","40.94","24.000000","2","","","2013","연립다세대","중개거래","서울 은평구"
"2026","11740","강동구","10500","길동","1","대지","0352","0004","길동쎈스빌주상복합아파트","20260111","14000","47.47","55.830000","2","","","2004","오피스텔","중개거래","경기 남양주시"
"2026","11560","영등포구","10800","영등포동7가","1","대지","0094","0051","훼미리하우스117","20260111","10000","16.98","0.000000","13","","","2012","아파트","중개거래","서울 영등포구"
"2026","11740","강동구","10500","길동","1","대지","0352","0004","길동쎈스빌주상복합아파트","20260111","14000","47.47","55.830000","2","","20260115","2004","오피스텔","중개거래","경기 남양주시"
"2026","11500","강서구","10300","화곡동","1","대지","0381","0002","다솜A동(381-2외)","20260111","32500","33.28","19.000000","6","","","2015","연립다세대","중개거래","서울 강서구"
"2026","11500","강서구","10300","화곡동","1","대지","0904","0003","화곡팰리스","20260111","21000","38.05","47.140000","10","","","2020","오피스텔","중개거래","서울 강서구"
"2026","11440","마포구","12300","망원동","1","대지","0416","0075","현대타운","20260111","25000","36.84","26.000000","-1","","","1990","연립다세대","중개거래","서울 마포구"
"2026","11650","서초구","10800","서초동","1","대지","1316","0015","현대성우주상복합아파트","20260111","180000","161.91","0.000000","13","","","2002","아파트","중개거래","서울 서초구"
"2026","11380","은평구","10100","수색동","1","대지","0431","0000","DMC파인시티자이","20260111","150000","84.96","0.000000","8","","","2025","아파트","중개거래","서울 은평구"
"2026","11350","노원구","10300","공릉동","1","대지","0760","0000","화랑대디오베이션","20260111","66900","59.988","0.000000","5","","","2021","아파트","중개거래","서울 노원구"
"2026","11200","성동구","11800","송정동","1","대지","0104","0000","서울숲아이파크","20260111","130000","84.87","0.000000","4","","","2009","아파트","중개거래","서울 성동구"
"2026","11410","서대문구","11700","연희동","1","대지","0194","0030","브라운스톤 연희","20260111","62000","97.65","130.290000","7","","","2007","오피스텔","중개거래","서울 서대문구"
"2026","11440","마포구","12500","성산동","1","대지","0013","0018","성산하이츠빌","20260111","46500","75.5","34.000000","5","","","2001","연립다세대","중개거래","서울 마포구"
"2026","11350","노원구","10500","상계동","1","대지","1279","0000","상계1차중앙하이츠","20260111","54000","59.82","0.000000","23","","","1997","아파트","중개거래","서울 노원구"
"2026","11230","동대문구","10800","회기동","1","대지","0346","0018","베라체캠퍼스","20260111","23000","24.319","0.000000","8","","","2013","아파트","중개거래","경기 성남시 분당구"
"2026","11470","양천구","10100","신정동","1","대지","0337","0000","목동우성2","20260111","115000","84.96","0.000000","12","","","2000","아파트","중개거래","서울 양천구"
"2026","11380","은평구","10700","응암동","1","대지","0767","0000","백련산에스케이뷰아이파크","20260111","98000","59.854","0.000000","22","","","2020","아파트","중개거래","서울 서대문구, 서울 은평구"
"2026","11650","서초구","10200","양재동","1","대지","0352","0009","브라운카운티서초","20260111","73000","29.81","20.000000","5","","","2023","연립다세대","중개거래","서울 강동구, 서울 서초구"
"2026","11380","은평구","10700","응암동","1","대지","0071","0011","삼영평안채","20260111","25600","29.92","20.000000","4","","","2018","연립다세대","중개거래","서울 은평구"
"2026","11500","강서구","10300","화곡동","1","대지","0342","0007","인터시티빌라A동","20260111","40000","69.17","33.000000","6","","","2001","연립다세대","중개거래","서울 강서구"
"2026","11230","동대문구","10600","장안동","1","대지","0573","0000","장한평월드메르디앙","20260111","85000","84.95","0.000000","5","","","2006","아파트","중개거래","서울 동대문구"
"2026","11530","구로구","11100","천왕동","1","대지","0282","0000","천왕이펜하우스1단지","20260111","79000","84.94","0.000000","9","","","2011","아파트","중개거래","서울 구로구"
"2026","11680","강남구","10600","대치동","1","대지","0903","0005","포스빌","20260111","55000","50.82","27.000000","4","","","2002","연립다세대","중개거래","서울 강남구"
"2026","11470","양천구","10100","신정동","1","대지","1314","0000","중앙하이츠","20260111","121000","104.62","0.000000","13","","","2010","아파트","중개거래","서울 구로구"
"2026","11290","성북구","13300","정릉동","1","대지","0800","0018","진안빌라A","20260111","37400","84.75","83.000000","1","","","1990","연립다세대","중개거래","서울 성북구"
"2026","11530","구로구","11100","천왕동","1","대지","0282","0000","천왕이펜하우스1단지","20260111","69000","59.94","0.000000","8","","","2011","아파트","중개거래","서울 구로구"
"2026","11680","강남구","10100","역삼동","1","대지","0783","0036","783-36","20260111","65000","52.15","29.000000","3","","","2017","연립다세대","중개거래","서울 서초구"
"2026","11410","서대문구","10600","천연동","1","대지","0145","0000","천연뜨란채","20260111","105000","55.82","0.000000","16","","","2006","아파트","중개거래","서울 서대문구"
"2026","11350","노원구","10300","공릉동","1","대지","0090","0000","청솔아파트9","20260111","78500","84.99","0.000000","7","","","2000","아파트","중개거래","서울 노원구"
"2026","11290","성북구","13900","석관동","1","대지","0010","0000","두산","20260111","93000","84.9","0.000000","25","","","1998","아파트","중개거래","서울 성북구"
"2026","11290","성북구","13900","석관동","1","대지","0010","0000","두산","20260111","75800","59.97","0.000000","2","","","1998","아파트","중개거래","서울 노원구, 서울 성북구"
"2026","11230","동대문구","10400","전농동","1","대지","0688","0000","래미안아름숲","20260111","125000","84.92","0.000000","9","","","2012","아파트","중개거래","서울 동대문구"
"2026","11740","강동구","10900","천호동","1","대지","0034","0007","동은아트빌","20260111","46000","67.03","35.000000","4","","","2003","연립다세대","중개거래","서울 강동구"
"2026","11500","강서구","10500","마곡동","1","대지","0767","0004","롯데캐슬 르웨스트","20260111","127000","69.843","74.862300","3","","","2024","오피스텔","직거래",""
"2026","11230","동대문구","10400","전농동","1","대지","0212","0019","모두가","20260111","59500","29.9","23.000000","2","","","2017","연립다세대","중개거래","서울 동대문구"
"2026","11350","노원구","10200","월계동","1","대지","0436","0000","동신","20260111","88000","91.54","0.000000","11","","","1983","아파트","중개거래","서울 노원구"
"2026","11290","성북구","13700","상월곡동","1","대지","0101","0000","동아에코빌","20260111","70000","59.95","0.000000","21","","","2003","아파트","중개거래","서울 성북구"
"2026","11110","종로구","17500","숭인동","1","대지","0076","0000","롯데캐슬 천지인","20260111","48000","63.85","83.790000","15","","","2004","오피스텔","중개거래","서울 종로구"
"2026","11305","강북구","10300","수유동","1","대지","0510","0015","더갤러리","20260111","19500","36.5","26.000000","2","","","2013","연립다세대","중개거래","서울 강북구"
"2026","11320","도봉구","10500","쌍문동","1","대지","0315","0203","리치빌","20260111","38000","64.72","37.000000","2","","","2022","연립다세대","직거래",""
"2026","11230","동대문구","10500","답십리동","1","대지","1000","0000","래미안엘파인아파트","20260111","92500","84.9","0.000000","9","","","2011","아파트","중개거래","서울 노원구, 서울 동대문구"
"2026","11320","도봉구","10500","쌍문동","1","대지","0734","0000","시티프라디움","20260111","60000","68.925","0.000000","4","","","2021","아파트","중개거래","서울 도봉구"
"2026","11290","성북구","13600","하월곡동","1","대지","0222","0000","월곡두산위브","20260111","90000","84.766","0.000000","7","","","2003","아파트","중개거래","서울 성북구"
"2026","11620","관악구","10100","봉천동","1","대지","1618","0009","아이빌(1618-9)","20260111","27000","32.41","21.000000","2","","","2014","연립다세대","중개거래","서울 관악구"
"2026","11230","동대문구","10900","휘경동","1","대지","0377","0000","이문휘경지웰에스테이트","20260111","16500","14.144","0.000000","5","","","2021","아파트","중개거래","서울 동대문구"
"2026","11470","양천구","10100","신정동","1","대지","1277","0000","신트리4","20260111","61000","48.96","0.000000","9","","","2000","아파트","중개거래","서울 양천구"
"2026","11620","관악구","10200","신림동","1","대지","1694","0000","신림현대","20260111","44400","34.86","0.000000","12","","","1993","아파트","중개거래","서울 관악구"
"2026","11590","동작구","10800","대방동","1","대지","0041","0000","신한토탈","20260111","90000","69.12","0.000000","16","","","1997","아파트","중개거래","서울 동작구"
"2026","11380","은평구","10500","구산동","1","대지","0014","0032","예림빌라9차","20260111","19300","28.89","19.000000","6","","","2012","연립다세대","중개거래","서울 은평구"
"2026","11560","영등포구","12700","양평동3가","1","대지","0101","0000","양평현대6차","20260111","139500","84.94","0.000000","17","","","2000","아파트","중개거래","서울 영등포구"
"2026","11320","도봉구","10500","쌍문동","1","대지","0075","0027","엘리트빌","20260111","13000","34.46","18.000000","4","","","2002","연립다세대","중개거래","서울 도봉구"
"2026","11410","서대문구","11200","대현동","1","대지","0104","0005","신촌푸르지오시티","20260111","20000","26.752","37.034000","21","","","2014","오피스텔","중개거래","서울 서대문구"
"2026","11440","마포구","12300","망원동","1","대지","0518","0000","신부파스카5차","20260111","40000","37.21","0.000000","1","","","2013","아파트","중개거래","서울 마포구"
"2026","11500","강서구","10300","화곡동","1","대지","0163","0005","이안하우스","20260111","22700","29.97","17.000000","6","","","2022","연립다세대","중개거래","서울 구로구"
"2026","11590","동작구","10700","사당동","1","대지","0192","0004","신남성","20260110","69000","63","75.000000","2","","","1985","연립다세대","중개거래","서울 동작구"
"2026","11200","성동구","11400","성수동1가","1","대지","0685","0308","아트빌딩","20260110","21000","27.02","33.980000","4","","","2003","오피스텔","중개거래","서울 성동구"
"2026","11260","중랑구","10200","상봉동","1","대지","0484","0000","엘지,쌍용아파트","20260110","65000","68.12","0.000000","11","","","1996","아파트","중개거래","서울 중랑구"
"2026","11500","강서구","10500","마곡동","1","대지","0739","0002","우성르보아투","20260110","12300","20.24","29.940000","6","","","2015","오피스텔","중개거래","서울 강서구"
"2026","11200","성동구","10500","마장동","1","대지","0835","0000","우성에비뉴","20260110","72000","60.4","0.000000","10","","","2017","아파트","중개거래","서울 동대문구, 서울 성동구"
"2026","11320","도봉구","10700","창동","1","대지","0661","0055","스마트트라움","20260110","14450","16.42","0.000000","12","","","2021","아파트","중개거래","서울 강북구"
"2026","11500","강서구","10600","내발산동","1","대지","0671","0010","아이디움(101,102동)","20260110","29500","38.82","25.000000","5","","","2014","연립다세대","중개거래","서울 강서구"
"2026","11710","송파구","10400","송파동","1","대지","0245","0000","송파파밀리에더퍼스트","20260110","140000","70.082","0.000000","2","","","2023","아파트","중개거래","서울 송파구, 서울 은평구"
"2026","11680","강남구","10100","역삼동","1","대지","0781","0035","스타힐스","20260110","44000","20.88","15.000000","3","","","2012","연립다세대","중개거래","서울 강남구"
"2026","11650","서초구","10200","양재동","1","대지","0271","0004","아름다운공간(271-4)","20260110","50000","26.96","17.000000","4","","","2012","연립다세대","중개거래","서울 서초구"
"2026","11710","송파구","10600","삼전동","1","대지","0110","0011","욱빈힐타움(110-11)","20260110","64000","55.22","30.000000","2","","","2014","연립다세대","중개거래","서울 송파구"
"2026","11650","서초구","10200","양재동","1","대지","0243","0005","운영타운","20260110","55000","42.9","21.000000","3","","","1995","연립다세대","중개거래","서울 서초구"
"2026","11710","송파구","11300","거여동","1","대지","0597","0000","송파레이크파크호반써밋Ⅰ","20260110","201000","108.811","0.000000","19","","","2022","아파트","중개거래","서울 송파구"
"2026","11620","관악구","10200","신림동","1","대지","1736","0000","신림2차푸르지오","20260110","68000","84.809","0.000000","1","","","2007","아파트","중개거래","서울 관악구"
"2026","11740","강동구","10200","고덕동","1","대지","0486","0000","아남1","20260110","80000","71.2","0.000000","1","","","1996","아파트","직거래",""
"2026","11215","광진구","10900","군자동","1","대지","0473","0021","스테이 더 디자이너스 군자","20260110","20000","16.94","26.920000","8","","","2020","오피스텔","중개거래","서울 광진구"
"2026","11380","은평구","10900","신사동","1","대지","0367","0000","이랜드타운아파트","20260110","55000","59.982","0.000000","23","","","2004","아파트","중개거래","서울 은평구"
"2026","11710","송파구","10300","풍납동","1","대지","0509","0000","씨티극동1","20260110","94500","59.69","0.000000","4","","","1998","아파트","중개거래","서울 송파구"
"2026","11545","금천구","10300","시흥동","1","대지","0817","0029","시흥(817-29)","20260110","24800","39.83","0.000000","2","","","1975","아파트","중개거래","서울 금천구"
"2026","11440","마포구","10300","신공덕동","1","대지","0155","0000","신공덕1차삼성래미안1아파트","20260110","174500","59.76","0.000000","4","","","2000","아파트","중개거래","서울 마포구"
"2026","11560","영등포구","11800","도림동","1","대지","0820","0000","쌍용플래티넘시티1단지","20260110","55500","62.88","75.980000","14","","","2006","오피스텔","중개거래","서울 영등포구"
"2026","11560","영등포구","11800","도림동","1","대지","0820","0000","쌍용플래티넘시티1단지","20260110","55500","62.42","75.420000","3","","","2006","오피스텔","중개거래","서울 영등포구"
"2026","11560","영등포구","11800","도림동","1","대지","0820","0000","쌍용플래티넘시티1단지","20260110","57000","62.88","75.980000","14","","","2006","오피스텔","중개거래","서울 영등포구"
"2026","11380","은평구","10900","신사동","1","대지","0371","0000","은평신사두산위브2차","20260110","78600","84.99","0.000000","4","","","2011","아파트","중개거래","서울 은평구"
"2026","11530","구로구","10200","구로동","1","대지","0187","0003","예성유토피아","20260110","25000","40.68","54.380000","3","","","2005","오피스텔","중개거래","서울 구로구"
"2026","11620","관악구","10100","봉천동","1","대지","1707","0001","은천2단지아파트","20260110","58800","49.95","0.000000","7","","","2000","아파트","중개거래","서울 관악구"
"2026","11290","성북구","13600","하월곡동","1","대지","0222","0000","월곡두산위브","20260110","89000","84.843","0.000000","5","","","2003","아파트","중개거래","서울 성북구"
"2026","11440","마포구","12000","서교동","1","대지","0458","0003","에덴쉐르빌(458-3)","20260110","60000","75.76","35.000000","2","","","2001","연립다세대","중개거래","서울 마포구"
"2026","11440","마포구","10900","염리동","1","대지","0520","0000","염리삼성래미안","20260110","167000","59.76","0.000000","11","","","2001","아파트","중개거래","서울 마포구"
"2026","11500","강서구","10100","염창동","1","대지","0281","0022","염창1차한화꿈에그린","20260110","133100","84.93","0.000000","13","","","2005","아파트","중개거래","서울 강서구"
"2026","11710","송파구","10800","문정동","1","대지","0150","0000","올림픽훼밀리타운","20260110","303000","117.585","0.000000","5","","","1988","아파트","중개거래","서울 서초구, 서울 송파구"
"2026","11350","노원구","10500","상계동","1","대지","1255","0000","은빛1단지","20260110","41000","49.77","0.000000","9","","","1998","아파트","중개거래","서울 노원구"
"2026","11740","강동구","10900","천호동","1","대지","0290","0013","신주리버빌","20260110","42000","26.88","18.000000","6","","","2020","연립다세대","중개거래","서울 강동구"
"2026","11320","도봉구","10800","도봉동","1","대지","0564","0004","유정맨션","20260110","23000","54.33","30.000000","3","","","2008","연립다세대","중개거래","서울 도봉구"
"2026","11260","중랑구","10600","신내동","1","대지","0657","0000","신내9진흥","20260110","32000","39.84","0.000000","11","","","1996","아파트","중개거래","서울 중랑구"
"2026","11410","서대문구","11100","홍제동","1","대지","0454","0000","유원하나","20260110","54500","58.77","0.000000","9","","","1996","아파트","중개거래","서울 서대문구"
"2026","11560","영등포구","10100","영등포동","1","대지","0647","0000","영등포푸르지오","20260110","141000","73.133","0.000000","13","","","2002","아파트","중개거래","서울 영등포구"
"2026","11230","동대문구","10200","용두동","1","대지","0791","0000","용두두산위브","20260110","130000","84.99","0.000000","7","","","2009","아파트","중개거래","서울 동대문구, 서울 성동구"
"2026","11410","서대문구","11200","대현동","1","대지","0090","0077","유씨유 이대","20260110","19700","17.66","30.740300","8","","","2018","오피스텔","중개거래","서울 마포구"
"2026","11560","영등포구","12600","양평동2가","1","대지","0023","0000","양평벽산블루밍","20260110","87000","59.58","0.000000","10","","","1990","아파트","중개거래","서울 영등포구"
"2026","11470","양천구","10100","신정동","1","대지","1276","0000","신트리3","20260110","102500","84.8","0.000000","6","","","2000","아파트","중개거래","서울 양천구"
"2026","11710","송파구","10900","장지동","1","대지","0897","0000","위례중앙푸르지오1단지","20260110","234000","110.271","0.000000","9","","","2016","아파트","중개거래","서울 송파구"
"2026","11560","영등포구","13200","신길동","1","대지","1515","0000","세원빌라바동","20260110","42000","36.87","32.000000","2","","","1988","연립다세대","중개거래","서울 영등포구"
"2026","11290","성북구","10100","성북동","1","대지","0168","0043","이스트파크","20260110","81000","76.48","45.000000","3","","","2005","연립다세대","중개거래","서울 성북구"
"2026","11410","서대문구","11700","연희동","1","대지","0107","0011","오션빌16B","20260110","42000","60.78","36.000000","2","","","2010","연립다세대","중개거래","서울 서대문구"
"2026","11530","구로구","10800","오류동","1","대지","0152","0013","우석빌라(가,나,다)","20260110","27000","57.12","47.000000","2","","","1987","연립다세대","중개거래","서울 구로구"
"2026","11500","강서구","10300","화곡동","1","대지","0362","0066","웰스하이빌(362-66)","20260110","25000","29.88","18.000000","4","","","2013","연립다세대","중개거래","서울 강서구"
"2026","11500","강서구","10400","가양동","1","대지","1480","0001","이스타빌2차","20260110","15900","32.8","43.000000","7","","","2003","오피스텔","중개거래","서울 강서구"
"2026","11500","강서구","10900","방화동","1","대지","0869","0000","신안네트빌2단지","20260110","59000","57.165","0.000000","3","","","2002","아파트","중개거래","서울 강서구"
"2026","11500","강서구","10300","화곡동","1","대지","0862","0014","이수골든빌리지","20260110","17500","41.46","17.000000","1","","","1992","연립다세대","중개거래","서울 강서구"
"2026","11320","도봉구","10700","창동","1","대지","0731","0121","엘리시안","20260110","23000","29.67","12.000000","5","","","2020","연립다세대","직거래",""
"2026","11530","구로구","10100","신도림동","1","대지","0432","0001","신도림 에스케이뷰","20260110","82000","85.92","111.920000","27","","","2006","오피스텔","중개거래","서울 구로구"
"2026","11560","영등포구","12600","양평동2가","1","대지","0037","0003","오목교투웨니퍼스트","20260110","28200","28.63","37.020000","6","","","2017","오피스텔","중개거래","서울 영등포구"
"2026","11440","마포구","10800","대흥동","1","대지","0012","0027","이대역 푸르지오 시티","20260110","25000","29.14","40.070000","6","","","2013","오피스텔","중개거래","서울 마포구"
"2026","11350","노원구","10400","하계동","1","대지","0288","0000","하계2현대","20260110","90000","84.896","0.000000","15","","","1997","아파트","중개거래","서울 노원구"
"2026","11350","노원구","10300","공릉동","1","대지","0758","0000","태릉해링턴플레이스","20260110","107700","84.98","0.000000","3","","","2022","아파트","중개거래","서울 노원구"
"2026","11590","동작구","10200","상도동","1","대지","0415","0000","중앙하이츠빌","20260110","147000","123.602","0.000000","20","","","2003","아파트","중개거래","서울 동작구"
"2026","11530","구로구","10700","개봉동","1","대지","0481","0000","현대","20260110","85750","84.99","0.000000","18","","","2001","아파트","중개거래","서울 구로구"
"2026","11740","강동구","10900","천호동","1","대지","0055","0004","천호롯데아파트","20260110","63000","59.99","0.000000","4","","","1999","아파트","중개거래","서울 강동구"
"2026","11320","도봉구","10800","도봉동","1","대지","0030","0001","한신","20260110","58500","84.94","0.000000","5","","","1995","아파트","중개거래","서울 도봉구"
"2026","11680","강남구","10800","논현동","1","대지","0148","0006","이화빌라","20260110","58000","50.62","26.000000","3","","","1991","연립다세대","중개거래","서울 서초구"
"2026","11170","용산구","13100","한남동","1","대지","0828","0000","한남아이파크애비뉴","20260110","91000","47.81","0.000000","9","","","2017","아파트","중개거래","서울 용산구"
"2026","11380","은평구","10300","불광동","1","대지","0171","0030","행복이가득한빌라","20260110","22000","45.43","25.000000","3","","","1991","연립다세대","중개거래","서울 송파구, 서울 은평구"
"2026","11230","동대문구","10500","답십리동","1","대지","1002","0000","청계한신휴플러스","20260110","131000","59.74","0.000000","7","","","2010","아파트","중개거래","서울 도봉구"
"2026","11290","성북구","11400","삼선동4가","1","대지","0073","0000","코오롱","20260110","75000","59.94","0.000000","11","","","1999","아파트","중개거래","서울 성북구"
"2026","11740","강동구","10900","천호동","1","대지","0237","0000","한신아파트","20260110","73500","82.08","0.000000","11","","","1991","아파트","중개거래","서울 강동구"
"2026","11440","마포구","12200","합정동","1","대지","0434","0031","합정한강타운","20260110","49800","48.93","30.000000","2","","","2008","연립다세대","중개거래","서울 마포구"
"2026","11500","강서구","10200","등촌동","1","대지","0510","0002","한울팰리스","20260110","23500","23.84","11.000000","8","","","2017","연립다세대","중개거래","서울 강서구"
"2026","11215","광진구","10100","중곡동","1","대지","0074","0059","초원빌라(74-59)","20260110","21500","44.8","32.000000","1","","","1991","연립다세대","중개거래","서울 광진구"
"2026","11350","노원구","10300","공릉동","1","대지","0091","0000","청솔아파트8","20260110","76000","84.83","0.000000","5","","","2000","아파트","중개거래","서울 노원구"
"2026","11500","강서구","10200","등촌동","1","대지","0642","0000","제일(코오롱)","20260110","66000","59.99","0.000000","5","","","1999","아파트","중개거래","서울 강서구"
"2026","11200","성동구","10900","금호동1가","1","대지","0057","0000","(57-0)","20260110","24500","33.75","14.000000","3","","","1993","연립다세대","중개거래","서울 성동구"
"2026","11590","동작구","10700","사당동","1","대지","0169","0032","현대","20260110","97000","59.96","0.000000","9","","","1991","아파트","중개거래","서울 동작구"
"2026","11230","동대문구","10900","휘경동","1","대지","0057","0000","주공2","20260110","46500","39.97","0.000000","17","","","2001","아파트","중개거래","서울 동대문구"
"2026","11410","서대문구","12000","남가좌동","1","대지","0377","0000","DMC래미안클라시스","20260110","95000","59.59","0.000000","8","","","2000","아파트","중개거래","서울 서대문구"
"2026","11530","구로구","10800","오류동","1","대지","0048","0002","칸타빌레 8차","20260110","14500","17.3","27.400000","9","","","2022","오피스텔","중개거래","서울 구로구"
"2026","11530","구로구","10200","구로동","1","대지","0103","0011","한솔로이젠트","20260110","12900","29.4","37.430000","11","","","2006","오피스텔","중개거래","서울 구로구"
"2026","11410","서대문구","11000","북아현동","1","대지","0123","0082","파인빌라","20260110","131100","28.96","17.000000","2","","","2000","연립다세대","중개거래","서울 서대문구"
"2026","11110","종로구","17500","숭인동","1","대지","0310","0000","종로대우디오빌","20260110","17500","30.17","41.040000","12","","","2004","오피스텔","중개거래","서울 종로구"
"2026","11500","강서구","10300","화곡동","1","대지","0918","0015","(918-15)","20260110","9500","35.05","43.890000","2","","","1997","오피스텔","중개거래","서울 강서구"
"2026","11350","노원구","10300","공릉동","1","대지","0081","0000","태강아파트(아이파크)","20260110","63900","59.38","0.000000","9","","","1999","아파트","중개거래","서울 노원구"
"2026","11170","용산구","13000","이태원동","1","대지","0124","0002","파르테논빌라","20260110","123000","93.84","64.000000","4","","","2001","연립다세대","중개거래","서울 용산구"
"2026","11410","서대문구","11900","북가좌동","1","대지","0481","0000","DMC래미안e편한세상","20260110","147000","84.95","0.000000","22","","","2012","아파트","중개거래","서울 서대문구"
"2026","11290","성북구","13300","정릉동","1","대지","1020","0000","정릉우성아파트 101~105동","20260110","60000","59.97","0.000000","2","","","2000","아파트","중개거래","서울 성북구"
"2026","11545","금천구","10200","독산동","1","대지","1093","0004","한신아파트","20260110","63500","89.46","0.000000","2","","","1991","아파트","중개거래","서울 금천구"
"2026","11680","강남구","11000","압구정동","1","대지","0369","0001","현대1차(12,13,21,22,31,32,33동)","20260110","700000","131.48","0.000000","10","","","1976","아파트","중개거래","서울 강남구, 서울 영등포구"
"2026","11500","강서구","10500","마곡동","1","대지","0716","0000","한솔솔파크","20260110","100000","59.81","0.000000","8","","","2005","아파트","중개거래","서울 강서구"
"2026","11290","성북구","13300","정릉동","1","대지","0239","0000","정릉풍림아이원","20260110","63700","60","0.000000","8","","","2005","아파트","중개거래","서울 강북구, 서울 성북구"
"2026","11200","성동구","10800","응봉동","1","대지","0265","0108","(265-108)","20260110","38000","53.2","26.000000","1","","","1998","연립다세대","중개거래","서울 성동구"
"2026","11620","관악구","10100","봉천동","1","대지","0861","0007","CO-OP RESIDENCE/서울대입구","20260110","18000","26.67","38.110000","9","","20260112","2005","오피스텔","중개거래","서울 관악구"
"2026","11740","강동구","10900","천호동","1","대지","0164","0070","하이브2","20260110","15000","13.5","0.000000","11","","","2013","아파트","중개거래","서울 강동구"
"2026","11710","송파구","11300","거여동","1","대지","0362","0000","현대1차","20260110","120000","74.83","0.000000","2","","","1992","아파트","중개거래","서울 송파구"
"2026","11200","성동구","10900","금호동1가","1","대지","0141","0000","(141-0)","20260110","40000","49.38","18.000000","1","","","1996","연립다세대","중개거래","서울 성동구"
"2026","11710","송파구","10100","잠실동","1","대지","0027","0000","주공아파트 5단지","20260110","407500","76.5","0.000000","15","","","1978","아파트","중개거래","서울 강남구, 서울 송파구"
"2026","11650","서초구","10200","양재동","1","대지","0275","0004","트윈타워","20260110","15000","24.07","24.070000","11","","","1991","오피스텔","중개거래","서울 서초구"
"2026","11290","성북구","13800","장위동","1","대지","0316","0005","참누리아파트","20260110","74000","84.98","0.000000","7","","","2006","아파트","중개거래","서울 성북구"
"2026","11680","강남구","10800","논현동","1","대지","0263","0012","케아하우스13차","20260110","29000","23.65","13.000000","4","","","2019","연립다세대","중개거래","서울 강남구"
"2026","11710","송파구","10100","잠실동","1","대지","0019","0000","잠실엘스","20260110","335000","84.8","0.000000","12","","","2008","아파트","중개거래","서울 송파구"
"2026","11530","구로구","10200","구로동","1","대지","1280","0000","한신휴플러스(1280-0)","20260110","63000","50.17","0.000000","5","","","2007","아파트","중개거래","서울 구로구"
"2026","11350","노원구","10200","월계동","1","대지","0018","0000","한진한화그랑빌","20260110","115000","139.08","0.000000","18","","","2002","아파트","중개거래","서울 노원구"
"2026","11170","용산구","10900","청파동1가","1","대지","0097","0024","(97-24)","20260110","60000","38.88","30.000000","-1","","","1987","연립다세대","중개거래","서울 용산구"
"2026","11320","도봉구","10700","창동","1","대지","0316","0000","창동주공2단지","20260110","35500","45.9","0.000000","2","","","1990","아파트","중개거래","서울 도봉구"
"2026","11620","관악구","10100","봉천동","1","대지","0882","0004","케이타워 오피스텔","20260110","10500","18.24","23.840000","3","","","2010","오피스텔","중개거래","서울 관악구"
"2026","11710","송파구","10100","잠실동","1","대지","0019","0000","잠실엘스","20260110","309500","59.96","0.000000","11","","","2008","아파트","중개거래","서울 송파구"
"2026","11215","광진구","10100","중곡동","1","대지","0189","0028","중앙팰리스","20260110","28500","55.25","18.000000","5","","","2010","연립다세대","중개거래","서울 광진구"
"2026","11740","강동구","10100","명일동","1","대지","0054","0000","한양","20260110","184000","84.92","0.000000","9","","","1986","아파트","중개거래","서울 강동구"
"2026","11290","성북구","11000","동소문동7가","1","대지","0023","0000","한신플러스C","20260110","86800","84.95","0.000000","4","","","2004","아파트","중개거래","서울 성북구"
"2026","11710","송파구","10700","가락동","1","대지","0913","0000","헬리오시티","20260110","275000","84.99","0.000000","1","","","2018","아파트","중개거래","서울 송파구"
"2026","11740","강동구","10500","길동","1","대지","0470","0000","현대1","20260110","87000","84.87","0.000000","1","","","1996","아파트","중개거래","서울 강동구"
"2026","11170","용산구","10900","청파동1가","1","대지","0001","0080","청파블루빌","20260110","103000","52.19","31.000000","1","","","2008","연립다세대","중개거래","서울 용산구"
"2026","11470","양천구","10200","목동","1","대지","0535","0027","진명하이츠","20260110","44000","61.41","34.000000","2","","","2009","연립다세대","중개거래","서울 양천구"
"2026","11200","성동구","11100","금호동3가","1","대지","1115","0000","하이츠빌","20260110","60000","29.3","33.000000","4","","","2016","연립다세대","중개거래","서울 성동구"
"2026","11140","중구","16300","흥인동","1","대지","0013","0001","청계천 두산위브더제니스","20260110","38000","46.23","62.864700","26","","","2014","오피스텔","중개거래","서울 중구"
"2026","11350","노원구","10400","하계동","1","대지","0273","0000","장미(시영6)","20260110","51000","39.78","0.000000","10","","","1989","아파트","중개거래","서울 노원구"
"2026","11470","양천구","10200","목동","1","대지","0733","0011","8차제선주택","20260110","29500","40.2","23.000000","3","","","2007","연립다세대","중개거래","서울 양천구"
"2026","11200","성동구","11300","옥수동","1","대지","0475","0000","한남 더 리버 오피스텔","20260110","21500","27.01","37.030000","3","","","2004","오피스텔","중개거래","서울 성동구"
"2026","11440","마포구","12000","서교동","1","대지","0451","0014","진흥푸르지오(451-14)","20260110","27800","35.54","26.000000","3","","","2008","연립다세대","중개거래","서울 마포구"
"2026","11620","관악구","10200","신림동","1","대지","1741","0000","풍원하임빌","20260110","43000","40.03","29.000000","4","","","2018","연립다세대","중개거래","서울 금천구"
"2026","11620","관악구","10100","봉천동","1","대지","1000","0000","현대(관악)","20260110","86800","58.59","0.000000","12","","","1992","아파트","중개거래","서울 관악구"
"2026","11350","노원구","10400","하계동","1","대지","0284","0000","한신2","20260110","50000","44.52","0.000000","11","","","1988","아파트","중개거래","서울 노원구"
"2026","11500","강서구","10300","화곡동","1","대지","0342","0009","인터시티빌라C동","20260110","26500","59.01","29.000000","2","","","2001","연립다세대","중개거래","서울 강서구"
"2026","11290","성북구","10300","돈암동","1","대지","0524","0000","일신건영휴먼빌아파트","20260110","80000","84.98","0.000000","11","","","2005","아파트","중개거래","서울 성북구"
"2026","11500","강서구","10200","등촌동","1","대지","0655","0027","현대","20260110","80800","84.62","0.000000","13","","","1995","아파트","중개거래","서울 강서구"
"2026","11230","동대문구","11000","이문동","1","대지","0054","0000","현대","20260110","74000","59.92","0.000000","23","","","2000","아파트","중개거래","서울 동대문구"
"2026","11410","서대문구","11100","홍제동","1","대지","0465","0000","인왕산벽산","20260110","81500","84.63","0.000000","6","","","2003","아파트","중개거래","서울 서대문구"
"2026","11350","노원구","10400","하계동","1","대지","0288","0000","하계2현대","20260110","87500","84.51","0.000000","14","","","1997","아파트","중개거래","경기 남양주시, 서울 노원구"
"2026","11710","송파구","11400","마천동","1","대지","0271","0059","퍼브릭빌","20260110","96000","42.83","20.000000","4","","","2002","연립다세대","중개거래","서울 송파구"
"2026","11470","양천구","10200","목동","1","대지","0909","0004","향도 드림네스트","20260110","15400","26","35.540000","3","","","2004","오피스텔","중개거래","서울 양천구"
"2026","11350","노원구","10400","하계동","1","대지","0354","0000","학여울청구","20260110","94000","113.51","0.000000","7","","","1999","아파트","중개거래","서울 노원구"
"2026","11230","동대문구","10700","청량리동","1","대지","0060","0000","한신","20260110","94000","114.95","0.000000","17","","","1997","아파트","중개거래","서울 동대문구"
"2026","11680","강남구","10400","청담동","1","대지","0015","0000","청담2차이-편한세상(204동)","20260110","245500","98.05","0.000000","4","","","2005","아파트","중개거래","서울 강남구"
"2026","11590","동작구","10200","상도동","1","대지","0211","0490","현대하이츠빌라110동","20260110","30500","55.65","31.000000","1","","","1994","연립다세대","중개거래","서울 동작구"
"2026","11560","영등포구","13300","대림동","1","대지","0608","0001","현대3차","20260110","103000","63.48","0.000000","6","","","1997","아파트","중개거래","서울 영등포구"
"2026","11410","서대문구","11900","북가좌동","1","대지","0453","0000","DMC현대아파트","20260110","75000","84.95","0.000000","9","","","2000","아파트","중개거래","서울 서대문구"
"2026","11140","중구","16200","신당동","","","","","","20260110","104500","74.51","153.000000","","","","1968","단독다가구","중개거래","서울 중구"
"2026","11440","마포구","12500","성산동","1","대지","0590","0004","KCC상암스튜디오380","20260110","14700","20.35","27.690000","13","","","2014","오피스텔","중개거래","서울 마포구"
"2026","11620","관악구","10200","신림동","1","대지","1703","0001","LIG대학마을(건영아파트3차)","20260110","55000","58.9","0.000000","10","","","1996","아파트","중개거래","서울 관악구"
"2026","11500","강서구","10300","화곡동","1","대지","0807","0006","MVILEE12","20260110","27500","29.97","16.000000","6","","","2025","연립다세대","직거래",""
"2026","11380","은평구","10100","수색동","1","대지","0415","0001","e편한세상 수색 에코포레","20260110","63500","59.895","0.000000","2","","","2003","아파트","중개거래","서울 서대문구, 서울 은평구"
"2026","11305","강북구","10300","수유동","","","","","","20260110","135000","382.96","138.000000","","","","2019","단독다가구","중개거래","서울 강북구"
"2026","11500","강서구","10400","가양동","1","대지","1497","0000","가양1차보람더하임","20260110","75000","59.96","0.000000","7","","","2006","아파트","중개거래","서울 강서구"
"2026","11500","강서구","10400","가양동","1","대지","1485","0000","가양6단지","20260110","105000","58.65","0.000000","7","","","1992","아파트","중개거래","서울 강서구"
"2026","11380","은평구","10400","갈현동","1","대지","0537","0000","갈현동현대","20260110","70000","84.87","0.000000","2","","","1997","아파트","중개거래","서울 은평구"
"2026","11680","강남구","11100","세곡동","1","대지","0587","0000","강남 지웰파인즈","20260110","35000","38.361","58.054000","7","","","2016","오피스텔","중개거래","서울 강남구"
"2026","11500","강서구","10300","화곡동","1","대지","1165","0000","강서힐스테이트","20260110","151500","128.81","0.000000","2","","","2015","아파트","중개거래","서울 강서구"
"2026","11710","송파구","10100","잠실동","1","대지","0040","0000","갤러리아팰리스","20260110","87000","54.386","54.386000","12","","","2005","오피스텔","중개거래","서울 송파구"
"2026","11500","강서구","10300","화곡동","1","대지","0050","0120","거성","20260110","22000","43.92","55.000000","3","","","1986","연립다세대","중개거래","서울 강서구"
"2026","11560","영등포구","12700","양평동3가","1","대지","0090","0001","거성파스텔","20260110","129000","84.99","0.000000","2","","","1999","아파트","중개거래","서울 영등포구"
"2026","11200","성동구","11500","성수동2가","","","","","","20260110","208000","110.58","96.000000","","","","1973","단독다가구","중개거래","서울 성동구"
"2026","11710","송파구","11300","거여동","1","대지","0294","0000","거여5단지","20260110","103000","59.74","0.000000","6","","","1997","아파트","중개거래","서울 송파구"
"2026","11500","강서구","10100","염창동","1","대지","0272","0020","거창","20260110","16800","48.04","15.000000","4","","","1996","연립다세대","중개거래","서울 양천구"
"2026","11440","마포구","12300","망원동","1","대지","0509","0000","휴먼빌","20260110","94000","59.955","0.000000","13","","","2004","아파트","중개거래","서울 마포구"
"2026","11350","노원구","10600","중계동","1","대지","0360","0015","건영3","20260110","121000","84.9","0.000000","11","","","1995","아파트","중개거래","경기 남양주시, 서울 노원구"
"2026","11620","관악구","10200","신림동","1","대지","1632","0003","건영빌라(1632-3)","20260110","30000","48.33","21.000000","1","","","1991","연립다세대","중개거래","서울 관악구"
"2026","11380","은평구","10800","역촌동","1","대지","0013","0045","건우그랜드빌","20260110","28300","73.81","41.000000","4","","","2000","연립다세대","중개거래","서울 은평구"
"2026","11230","동대문구","10900","휘경동","1","대지","0372","0000","휘경SK뷰","20260110","145000","84.31","0.000000","7","","","2019","아파트","중개거래","서울 강남구, 서울 동대문구"
"2026","11560","영등포구","10300","영등포동2가","1","대지","0094","0129","경동미르웰여의도","20260110","13600","14.03","0.000000","5","","","2017","아파트","중개거래","서울 영등포구"
"2026","11470","양천구","10200","목동","1","대지","0318","0118","효성스카이빌","20260110","35000","57.28","28.000000","3","","","2003","연립다세대","중개거래","서울 양천구"
"2026","11470","양천구","10200","목동","1","대지","0318","0178","효성빌라(318-178)","20260110","34700","64.945","31.000000","4","","","2001","연립다세대","중개거래","서울 양천구"
"2026","11620","관악구","10100","봉천동","","","","","","20260110","124000","248.49","175.000000","","","","1990","단독다가구","중개거래","서울 관악구"
"2026","11740","강동구","10300","상일동","1","대지","0490","0000","고덕리엔파크3단지","20260110","129300","84.98","0.000000","15","","","2011","아파트","중개거래","서울 강동구"
"2026","11680","강남구","10300","개포동","1","대지","1264","0004","골든강남빌","20260110","83000","43.74","27.000000","3","","","2015","연립다세대","중개거래","서울 강남구"
"2026","11710","송파구","10600","삼전동","1","대지","0116","0017","골든빌라(116-17)","20260110","52000","50.37","23.000000","2","","","2004","연립다세대","중개거래","서울 송파구"
"2026","11410","서대문구","12000","남가좌동","1","대지","0388","0000","DMC센트럴아이파크","20260110","139000","103.89","0.000000","3","","","2018","아파트","중개거래","서울 서대문구"
"2026","11260","중랑구","10600","신내동","1","대지","0656","0000","화성.두산아파트","20260110","61000","66.96","0.000000","11","","","1995","아파트","중개거래","서울 노원구, 서울 중랑구"
"2026","11350","노원구","10300","공릉동","1","대지","0746","0000","화랑해링턴플레이스아파트","20260110","88500","126.78","0.000000","5","","","1999","아파트","중개거래","서울 노원구"
"2026","11350","노원구","10300","공릉동","1","대지","0746","0000","화랑해링턴플레이스아파트","20260110","73500","84.75","0.000000","11","","","1999","아파트","중개거래","서울 노원구"
"2026","11500","강서구","10300","화곡동","1","대지","1149","0000","화곡보람","20260110","81700","84.51","0.000000","11","","","2004","아파트","중개거래","서울 강서구"
"2026","11710","송파구","10500","석촌동","1","대지","0171","0001","교우아트빌","20260110","49800","59.04","27.000000","4","","","2003","연립다세대","중개거래","서울 송파구"
"2026","11530","구로구","10200","구로동","1","대지","0110","0005","구로하우비","20260110","34000","60.63","83.800000","7","","","2004","오피스텔","중개거래","서울 구로구"
"2026","11215","광진구","10300","구의동","1","대지","0611","0000","구의현대2단지","20260110","222000","84.91","0.000000","14","","","1996","아파트","중개거래","서울 광진구, 서울 송파구"
"2026","11380","은평구","11400","진관동","1","대지","0025","0000","구파발9단지래미안(916~928동)BL3-2","20260110","105000","101.92","0.000000","4","","","2010","아파트","중개거래","서울 은평구"
"2026","11260","중랑구","10200","상봉동","1","대지","0127","0017","그랜드캐슬힐(127-17)","20260110","24500","29.93","10.000000","5","","","2017","연립다세대","중개거래","서울 중랑구"
"2026","11410","서대문구","11800","홍은동","1","대지","0455","0000","홍은동벽산","20260110","74500","84.96","0.000000","9","","","1997","아파트","중개거래","서울 서대문구"
"2026","11350","노원구","10400","하계동","1","대지","0271","0003","극동","20260110","68000","70.56","0.000000","8","","","1988","아파트","중개거래","서울 노원구"
"2026","11320","도봉구","10800","도봉동","1","대지","0081","0001","극동","20260110","49900","84.83","0.000000","9","","","1991","아파트","중개거래","서울 노원구, 서울 동대문구"
"2026","11200","성동구","11300","옥수동","1","대지","0436","0000","극동그린","20260110","179800","114.32","0.000000","18","","","1997","아파트","중개거래","서울 성동구"
"2026","11470","양천구","10200","목동","1","대지","0752","0001","극동늘푸른","20260110","144000","114.65","0.000000","14","","","1998","아파트","중개거래","서울 양천구"
"2026","11710","송파구","10400","송파동","1","대지","0026","0017","호수(家)하우스","20260110","32700","27.95","17.000000","2","","","2018","연립다세대","중개거래","서울 송파구"
"2026","11545","금천구","10300","시흥동","1","대지","0860","0023","금강파크빌","20260110","28500","51.08","32.000000","4","","","2016","연립다세대","중개거래","서울 금천구"
"2026","11230","동대문구","10600","장안동","1","대지","0093","0128","금성아파트","20260110","50300","71.14","0.000000","4","","","2011","아파트","중개거래","서울 동대문구"
"2026","11545","금천구","10200","독산동","1","대지","1147","0000","금천롯데캐슬골드파크1차","20260110","119000","84.811","0.000000","9","","","2016","아파트","중개거래","서울 금천구"
"2026","11545","금천구","10200","독산동","1","대지","1155","0000","금천롯데캐슬골드파크3차","20260110","96000","59.967","0.000000","19","","","2018","아파트","중개거래","서울 금천구"
"2026","11545","금천구","10200","독산동","1","대지","1155","0000","금천롯데캐슬골드파크3차","20260110","95000","59.968","0.000000","24","","","2018","아파트","중개거래","서울 금천구"
"2026","11200","성동구","11800","송정동","1","대지","0103","0000","금호베스트빌","20260110","108000","84.971","0.000000","9","","","2002","아파트","중개거래","서울 성동구"
"2026","11470","양천구","10300","신월동","1","대지","0965","0002","금호주택","20260110","24000","36.96","33.000000","1","","","1989","연립다세대","중개거래","서울 양천구"
"2026","11200","성동구","10800","응봉동","1","대지","0098","0000","금호현대","20260110","152000","59.91","0.000000","6","","","1990","아파트","중개거래","서울 성동구"
"2026","11470","양천구","10200","목동","1","대지","0620","0002","금호홈타운","20260110","40800","73.34","38.000000","3","","","2003","연립다세대","중개거래","서울 양천구"
"2026","11290","성북구","13400","길음동","1","대지","1281","0000","길음뉴타운4단지(e편한세상)","20260110","100000","59.86","0.000000","16","","","2005","아파트","중개거래","서울 성북구"
"2026","11290","성북구","13400","길음동","1","대지","1278","0000","길음동동부센트레빌(1278-0)","20260110","111500","114.912","0.000000","5","","","2003","아파트","중개거래","서울 성북구"
"2026","11545","금천구","10300","시흥동","","","","","","20260110","41500","146.52","94.000000","","","","1992","단독다가구","중개거래","서울 금천구"
"2026","11410","서대문구","12000","남가좌동","1","대지","0376","0000","남가좌동현대","20260110","78000","59.4","0.000000","2","","","1999","아파트","중개거래","서울 서대문구"
"2026","11140","중구","13200","충무로4가","1","대지","0306","0000","남산센트럴자이","20260110","119600","80.473","0.000000","7","","","2009","아파트","중개거래","서울 중구"
"2026","11140","중구","13200","충무로4가","1","대지","0306","0000","남산센트럴자이","20260110","187000","135.533","0.000000","13","","","2009","아파트","중개거래","서울 중구"
"2026","11545","금천구","10300","시흥동","1","대지","1026","0000","남서울힐스테이트","20260110","77000","59.87","0.000000","6","","","2014","아파트","중개거래","서울 금천구"
"2026","11470","양천구","10200","목동","1","대지","0318","0011","현대파크빌(318-11)","20260110","26000","54.81","25.000000","3","","","2001","연립다세대","중개거래","서울 양천구"
"2026","11560","영등포구","12000","문래동2가","1","대지","0035","0000","남성","20260110","90000","58.52","0.000000","11","","","1983","아파트","중개거래","서울 영등포구"
"2026","11305","강북구","10300","수유동","1","대지","0698","0005","다올자리","20260110","20500","29.13","13.000000","4","","","2019","연립다세대","중개거래","서울 강북구"
"2026","11710","송파구","10500","석촌동","1","대지","0218","0017","다이아몬드빌","20260110","37500","37.95","19.000000","2","","","2002","연립다세대","중개거래","서울 송파구"
"2026","11710","송파구","10500","석촌동","1","대지","0218","0017","다이아몬드빌","20260110","38500","37.95","19.000000","3","","","2002","연립다세대","중개거래","서울 송파구"
"2026","11560","영등포구","11500","당산동5가","1","대지","0009","0002","당산 삼성쉐르빌","20260110","19000","23.11","34.540000","13","","","2013","오피스텔","중개거래","서울 영등포구"
"2026","11560","영등포구","11300","당산동3가","1","대지","0564","0000","당산계룡리슈빌1단지","20260110","81000","47.25","0.000000","9","","","2014","아파트","중개거래","서울 영등포구"
"2026","11530","구로구","10700","개봉동","1","대지","0328","0004","대경드림빌(328-4)","20260110","27300","67.3","34.000000","1","","","2002","연립다세대","중개거래","서울 구로구"
"2026","11200","성동구","10800","응봉동","1","대지","0015","0000","대림강변타운","20260110","165000","59.76","0.000000","10","","","2001","아파트","중개거래","서울 성동구"
"2026","11560","영등포구","12400","문래동6가","1","대지","0055","0001","현대6차","20260110","72000","50.55","0.000000","6","","","1997","아파트","중개거래","서울 영등포구"
"2026","11350","노원구","10500","상계동","1","대지","0720","0000","상계주공6(고층)","20260110","69800","58.01","0.000000","9","","","1988","아파트","중개거래","서울 노원구"
"2026","11590","동작구","10700","사당동","1","대지","0316","0164","삼원하이츠20차","20260110","56200","56.25","37.000000","5","","","2015","연립다세대","중개거래","서울 동작구"
"2026","11545","금천구","10200","독산동","1","대지","0904","0023","성은맨션나동","20260110","19700","45.16","23.000000","5","","","2003","연립다세대","중개거래","서울 관악구"
"2026","11350","노원구","10300","공릉동","1","대지","0737","0000","삼익포레스트아파트","20260110","65800","84.6","0.000000","15","","","1995","아파트","중개거래","서울 노원구"
"2026","11380","은평구","10200","녹번동","1","대지","0035","0048","삼우렉스빌(35-48)","20260110","29000","51.39","28.000000","2","","","2014","연립다세대","중개거래","서울 서대문구, 서울 은평구"
"2026","11350","노원구","10500","상계동","1","대지","0670","0000","상계주공9(고층)","20260110","50000","49.94","0.000000","3","","","1988","아파트","중개거래","서울 노원구"
"2026","11320","도봉구","10800","도봉동","1","대지","0641","0000","서원","20260110","36200","49.77","0.000000","3","","","1996","아파트","중개거래","서울 도봉구"
"2026","11200","성동구","11500","성수동2가","1","대지","0277","0037","성원상떼뷰오피스텔","20260110","16300","28.08","37.250000","4","","","2003","오피스텔","중개거래","서울 성동구"
"2026","11380","은평구","10600","대조동","1","대지","0231","0000","삼성타운","20260110","59700","59.4","0.000000","19","","","1997","아파트","중개거래","서울 은평구"
"2026","11305","강북구","10100","미아동","1","대지","1354","0000","벽산라이브파크","20260110","58500","59.67","0.000000","7","","","2004","아파트","중개거래","서울 강북구"
"2026","11410","서대문구","11100","홍제동","1","대지","0312","0028","삼화빌라","20260110","38000","44.82","26.000000","2","","","1990","연립다세대","중개거래","서울 서대문구"
"2026","11590","동작구","10200","상도동","1","대지","0259","0042","상도훼밀리빌라","20260110","65000","62.98","41.000000","4","","","1996","연립다세대","중개거래","서울 동작구"
"2026","11260","중랑구","10600","신내동","1","대지","0783","0000","성원","20260110","63000","84.32","0.000000","15","","","1994","아파트","중개거래","서울 중랑구"
"2026","11200","성동구","10800","응봉동","1","대지","0276","0000","서울숲리버그린동아아파트","20260110","161000","59.98","0.000000","10","","","2003","아파트","중개거래","서울 성동구"
"2026","11380","은평구","10700","응암동","1","대지","0764","0000","백련산힐스테이트4차","20260110","99000","84.98","0.000000","10","","","2018","아파트","중개거래","서울 은평구"
"2026","11215","광진구","10300","구의동","1","대지","0023","0017","삼성스위트빌","20260110","35000","73.26","33.000000","4","","","2002","연립다세대","중개거래","서울 광진구"
"2026","11350","노원구","10500","상계동","1","대지","0639","0000","보람아파트","20260110","56000","68.99","0.000000","15","","","1988","아파트","중개거래","서울 노원구"
"2026","11200","성동구","10700","행당동","1","대지","0349","0000","서울숲 한신 더 휴","20260110","207000","114.97","0.000000","4","","","2003","아파트","중개거래","서울 성동구"
"2026","11470","양천구","10200","목동","1","대지","0555","0007","삼성쉐르빌A,B동","20260110","32000","30.49","18.000000","5","","","2015","연립다세대","중개거래","서울 양천구"
"2026","11710","송파구","10400","송파동","1","대지","0110","0002","성우빌라","20260110","64000","75.89","39.000000","4","","","2001","연립다세대","중개거래","서울 송파구"
"2026","11380","은평구","10700","응암동","1","대지","0760","0000","백련산힐스테이트2차","20260110","75000","59.63","0.000000","15","","","2011","아파트","중개거래","서울 서대문구, 서울 은평구"
"2026","11560","영등포구","12300","문래동5가","1","대지","0014","0000","문래두산위브","20260110","102000","79.86","0.000000","15","","","1988","아파트","중개거래","서울 영등포구"
"2026","11200","성동구","11500","성수동2가","1","대지","0286","0000","성수우방2차아파트","20260110","114000","59.82","0.000000","11","","","1999","아파트","중개거래","서울 성동구"
"2026","11380","은평구","10700","응암동","1","대지","0759","0000","백련산힐스테이트1차","20260110","72000","59.85","0.000000","2","","","2011","아파트","중개거래","서울 은평구"
"2026","11320","도봉구","10700","창동","1","대지","0045","0000","삼성래미안","20260110","79500","84.87","0.000000","1","","","1992","아파트","중개거래","서울 도봉구"
"2026","11380","은평구","10700","응암동","1","대지","0768","0000","백련산해모로","20260110","85000","59.93","0.000000","6","","","2020","아파트","중개거래","서울 은평구"
"2026","11680","강남구","10500","삼성동","1","대지","0004","0006","삼성동한솔아파트","20260110","207000","58.57","0.000000","19","","","1998","아파트","중개거래","서울 강남구"
"2026","11440","마포구","12500","성산동","1","대지","0600","0000","성사1차풍림아파트101동","20260110","82500","84.99","0.000000","11","","","2000","아파트","중개거래","서울 마포구"
"2026","11680","강남구","10500","삼성동","1","대지","0084","0002","삼성villige","20260110","190000","86.99","75.000000","1","","","1989","연립다세대","중개거래","서울 강남구"
"2026","11350","노원구","10500","상계동","1","대지","0624","0000","상계주공16(고층)","20260110","38000","45.77","0.000000","7","","","1988","아파트","중개거래","서울 노원구"
"2026","11410","서대문구","11100","홍제동","1","대지","0463","0000","문화촌현대","20260110","64000","59.94","0.000000","3","","","2002","아파트","중개거래","서울 서대문구"
"2026","11470","양천구","10100","신정동","1","대지","0918","0001","삼백훼미리","20260110","47700","78.84","0.000000","2","","","2002","아파트","중개거래","서울 양천구"
"2026","11620","관악구","10100","봉천동","1","대지","1703","0000","봉천동아","20260110","79000","59.76","0.000000","4","","","2000","아파트","중개거래","서울 관악구"
"2026","11380","은평구","10700","응암동","1","대지","0767","0000","백련산에스케이뷰아이파크","20260110","113800","84.903","0.000000","6","","","2020","아파트","중개거래","서울 은평구"
"2026","11380","은평구","10700","응암동","1","대지","0767","0000","백련산에스케이뷰아이파크","20260110","99000","59.933","0.000000","25","","","2020","아파트","중개거래","서울 은평구"
"2026","11290","성북구","13800","장위동","1","대지","0231","0177","설악그린빌7차A동","20260110","43500","51.98","26.000000","2","","","2001","연립다세대","중개거래","서울 성북구"
"2026","11530","구로구","10700","개봉동","1","대지","0473","0000","상우","20260110","48000","59.4","0.000000","1","","","1997","아파트","중개거래","서울 구로구"
"2026","11545","금천구","10300","시흥동","1","대지","1006","0000","벽산3","20260110","49500","84.96","0.000000","6","","","1998","아파트","중개거래","서울 금천구"
"2026","11620","관악구","10100","봉천동","1","대지","1718","0000","벽산블루밍","20260110","94500","59.99","0.000000","6","","","2005","아파트","중개거래","서울 관악구"
"2026","11200","성동구","12200","용답동","1","대지","0028","0009","물댄동산","20260110","54500","21.51","14.000000","2","","","2023","연립다세대","직거래",""
"2026","11170","용산구","12900","이촌동","1","대지","0203","0064","삼록","20260110","140000","59.65","13.000000","4","","","1971","연립다세대","중개거래","서울 용산구"
"2026","11710","송파구","10600","삼전동","1","대지","0067","0010","산호아트빌라(67-10)","20260110","53000","32.45","16.000000","1","","","1991","연립다세대","중개거래","서울 송파구"
"2026","11560","영등포구","13000","양평동6가","1","대지","0101","0000","선유도삼성홈타운","20260110","41500","42.98","0.000000","3","","","2015","아파트","중개거래","서울 영등포구"
"2026","11590","동작구","10700","사당동","1","대지","0419","0037","선영아트빌","20260110","104000","68.22","38.000000","3","","","2002","연립다세대","중개거래","서울 동작구, 서울 서초구"
"2026","11110","종로구","14900","원서동","1","대지","0077","0004","상원주택(101,102동)","20260110","40500","59.64","31.000000","4","","","1997","연립다세대","중개거래","서울 종로구"
"2026","11710","송파구","10300","풍납동","1","대지","0219","0000","미성","20260110","174000","116.965","0.000000","11","","","1985","아파트","중개거래","서울 송파구"
"2026","11710","송파구","10300","풍납동","1","대지","0219","0000","미성","20260110","174000","116.965","0.000000","11","","20260113","1985","아파트","중개거래","서울 송파구"
"2026","11530","구로구","10200","구로동","1","대지","0104","0008","비즈트위트레드","20260110","17500","20.75","0.000000","6","","","2016","아파트","중개거래","서울 구로구"
"2026","11710","송파구","11100","방이동","1","대지","0038","0004","벨리시모 오피스텔","20260110","13000","24.44","32.770000","7","","","2013","오피스텔","직거래",""
"2026","11590","동작구","10700","사당동","1","대지","0048","0002","선경빌라나동","20260110","23800","34.74","27.000000","-1","","","1991","연립다세대","중개거래","서울 동작구"
"2026","11305","강북구","10200","번동","1","대지","0148","0218","석정4차","20260110","15800","41.4","21.000000","4","","","1992","연립다세대","중개거래","서울 강북구"
"2026","11650","서초구","10300","우면동","1","대지","0787","0000","서초리슈빌S글로벌","20260110","15900","21.82","30.580000","7","","","2015","오피스텔","중개거래","서울 서초구"
"2026","11440","마포구","10100","아현동","1","대지","0692","0000","서서울삼성","20260110","132000","84.89","0.000000","9","","","1998","아파트","중개거래","서울 마포구"
"2026","11215","광진구","10300","구의동","1","대지","0241","0056","서림골든빌라","20260110","29500","62.94","30.000000","-1","","","1992","연립다세대","중개거래","서울 광진구"
"2026","11620","관악구","10100","봉천동","1","대지","1718","0000","벽산블루밍","20260110","108000","114.99","0.000000","13","","","2005","아파트","중개거래","서울 관악구"
"2026","11290","성북구","13800","장위동","1","대지","0008","0002","석계역한일노벨리아시티","20260110","11000","14.714","0.000000","17","","","2019","아파트","중개거래","서울 성북구"
"2026","11545","금천구","10300","시흥동","1","대지","0907","0017","밀레니엄빌","20260110","22500","29.86","20.000000","3","","","2011","연립다세대","중개거래","서울 금천구"
"2026","11410","서대문구","11100","홍제동","1","대지","0478","0000","서대문푸르지오센트럴파크","20260110","163500","75.49","0.000000","6","","","2022","아파트","중개거래","경기 성남시 분당구, 서울 서대문구"
"2026","11170","용산구","12100","용문동","1","대지","0038","0010","세론빌","20260110","87500","73","45.000000","5","","","2008","연립다세대","중개거래","서울 용산구"
"2026","11350","노원구","10500","상계동","1","대지","0647","0000","상계주공12(고층)","20260110","41000","41.3","0.000000","14","","","1988","아파트","중개거래","서울 노원구"
"2026","11650","서초구","10300","우면동","1","대지","0787","0000","서초리슈빌S글로벌","20260110","15500","21.82","30.580000","5","","","2015","오피스텔","중개거래","서울 서초구"
"2026","11260","중랑구","10400","묵동","1","대지","0387","0000","브라운스톤태릉","20260110","86000","83.535","0.000000","9","","","2004","아파트","중개거래","서울 중랑구"
"2026","11260","중랑구","10400","묵동","1","대지","0387","0000","브라운스톤태릉","20260110","71200","59.436","0.000000","10","","","2004","아파트","중개거래","서울 중랑구"
"2026","11650","서초구","10100","방배동","1","대지","2001","0000","방배2차현대홈타운","20260110","282000","84.94","0.000000","12","","","2001","아파트","중개거래","서울 서초구"
"2026","11380","은평구","10300","불광동","1","대지","0643","0000","북한산힐스테이트7차","20260110","101000","59.981","0.000000","11","","","2011","아파트","중개거래","서울 은평구"
"2026","11380","은평구","10300","불광동","1","대지","0633","0000","북한산현대홈타운","20260110","87000","59.976","0.000000","13","","","2004","아파트","중개거래","서울 은평구"
"2026","11380","은평구","10300","불광동","1","대지","0641","0000","북한산현대힐스테이트3차아파트","20260110","90000","84.97","0.000000","4","","","2010","아파트","중개거래","서울 은평구"
"2026","11290","성북구","10300","돈암동","1","대지","0631","0000","범양","20260110","70500","59.79","0.000000","5","","","1998","아파트","중개거래","서울 성북구"
"2026","11350","노원구","10500","상계동","1","대지","1279","0000","상계1차중앙하이츠","20260110","80000","84.6","0.000000","14","","","1997","아파트","중개거래","서울 노원구"
"2026","11500","강서구","10600","내발산동","1","대지","0742","0000","마곡수명산파크1단지","20260110","124000","84.82","0.000000","6","","","2007","아파트","중개거래","서울 강서구"
"2026","11350","노원구","10200","월계동","1","대지","0436","0000","동신","20260110","75000","70.81","0.000000","5","","","1983","아파트","중개거래","서울 성북구"
"2026","11740","강동구","10200","고덕동","1","대지","0688","0000","래미안힐스테이트고덕","20260110","200000","84.9","0.000000","9","","","2016","아파트","중개거래","서울 강동구, 서울 서초구"
"2026","11710","송파구","10600","삼전동","1","대지","0046","0001","리박하우스","20260110","31500","23.95","11.000000","3","","","2004","연립다세대","중개거래","서울 송파구"
"2026","11740","강동구","10600","둔촌동","1","대지","0545","0000","둔촌하이츠","20260110","99000","59.79","0.000000","8","","","1998","아파트","중개거래","서울 강동구"
"2026","11530","구로구","10800","오류동","1","대지","0006","0059","락스테이","20260110","14300","29.97","44.812000","3","","20260114","2018","오피스텔","중개거래","서울 구로구"
"2026","11560","영등포구","10300","영등포동2가","1","대지","0321","0002","더리버캐슬","20260110","40000","50.16","64.240000","6","","","2017","오피스텔","중개거래","서울 영등포구"
"2026","11590","동작구","10700","사당동","1","대지","1132","0000","롯데캐슬","20260110","157000","155.6","0.000000","18","","","2003","아파트","중개거래","서울 동작구"
"2026","11500","강서구","10500","마곡동","1","대지","0743","0000","마곡엠밸리6단지","20260110","164000","84.99","0.000000","3","","","2014","아파트","중개거래","서울 강서구"
"2026","11260","중랑구","10200","상봉동","1","대지","0495","0000","동부아파트","20260110","54000","54","0.000000","1","","","1999","아파트","중개거래","서울 중랑구"
"2026","11440","마포구","11500","상수동","1","대지","0398","0000","래미안밤섬리베뉴Ⅱ","20260110","244000","122.87","0.000000","15","","","2014","아파트","중개거래","서울 마포구"
"2026","11500","강서구","10500","마곡동","1","대지","0795","0002","마곡아이파크","20260110","35000","36.97","53.975000","7","","","2016","오피스텔","중개거래","서울 강서구"
"2026","11440","마포구","12300","망원동","1","대지","0521","0000","마포한강아이파크","20260110","146500","59.381","0.000000","14","","","2019","아파트","중개거래","서울 마포구"
"2026","11305","강북구","10100","미아동","1","대지","0813","0000","래미안트리베라1단지","20260110","105000","114.98","0.000000","10","","","2010","아파트","중개거래","서울 강북구"
"2026","11260","중랑구","10200","상봉동","1","대지","0032","0001","동성네스트빌1동","20260110","43000","71.24","0.000000","2","","","2003","아파트","중개거래","경기 남양주시, 서울 중랑구"
"2026","11470","양천구","10300","신월동","1","대지","1078","0000","목동센트럴아이파크위브4단지","20260110","127000","84.97","0.000000","4","","","2020","아파트","중개거래","서울 양천구"
"2026","11140","중구","16500","황학동","1","대지","2545","0000","롯데캐슬","20260110","93000","59.94","0.000000","22","","","2008","아파트","중개거래","서울 성동구, 서울 중구"
"2026","11590","동작구","10200","상도동","1","대지","0530","0000","롯데캐슬비엔","20260110","117000","84.95","0.000000","5","","","2010","아파트","중개거래","서울 동작구"
"2026","11500","강서구","10300","화곡동","1","대지","0098","0126","라인파크","20260110","21500","28.35","20.000000","3","","","2019","연립다세대","중개거래","서울 강서구"
"2026","11545","금천구","10200","독산동","1","대지","1088","0000","독산주공14단지","20260110","35000","38.64","0.000000","15","","","1990","아파트","중개거래","경기 광명시, 서울 구로구"
"2026","11680","강남구","10600","대치동","1","대지","0891","0023","대우아이빌명문가(891-23)","20260110","27800","33.06","0.000000","10","","","2004","아파트","중개거래","서울 강남구"
"2026","11530","구로구","10100","신도림동","1","대지","0644","0000","동아2","20260110","147500","84.908","0.000000","7","","","2000","아파트","중개거래","서울 구로구"
"2026","11545","금천구","10200","독산동","1","대지","1140","0000","독산동중앙하이츠빌","20260110","72000","84.876","0.000000","6","","","2004","아파트","중개거래","서울 금천구"
"2026","11380","은평구","10700","응암동","1","대지","0081","0173","더위일","20260110","54300","50.64","0.000000","11","","","2017","아파트","중개거래","서울 은평구"
"2026","11620","관악구","10100","봉천동","1","대지","1708","0000","두산","20260110","108500","114.99","0.000000","1","","","2000","아파트","중개거래","서울 관악구"
"2026","11560","영등포구","12900","양평동5가","1","대지","0092","0000","대우미래사랑2차","20260110","67000","65.28","80.340000","6","","","2004","오피스텔","중개거래","서울 영등포구"
"2026","11620","관악구","10100","봉천동","1","대지","1708","0000","두산","20260110","125000","114.99","0.000000","10","","","2000","아파트","중개거래","서울 관악구"
"2026","11470","양천구","10300","신월동","1","대지","1057","0000","롯데캐슬(1057-0)","20260110","69800","59.88","0.000000","5","","","2010","아파트","중개거래","서울 양천구"
"2026","11500","강서구","10500","마곡동","1","대지","0748","0000","마곡13단지힐스테이트마스터","20260110","168500","84.98","0.000000","9","","","2017","아파트","중개거래","서울 강서구"
"2026","11260","중랑구","10100","면목동","1","대지","1510","0000","두산2","20260110","89000","134.2","0.000000","11","","","1995","아파트","중개거래","서울 광진구, 서울 중랑구"
"2026","11305","강북구","10100","미아동","1","대지","0416","0110","명우빌라","20260110","49100","29.08","18.000000","-1","","","1992","연립다세대","중개거래","서울 강북구"
"2026","11470","양천구","10200","목동","1","대지","0499","0025","도화엘리시아103동","20260110","26000","29.4","18.000000","4","","","2021","연립다세대","중개거래","서울 양천구"
"2026","11230","동대문구","10900","휘경동","1","대지","0078","0000","롯데","20260110","70000","59.94","0.000000","18","","","2000","아파트","중개거래","서울 동대문구"
"2026","11110","종로구","12100","신문로2가","1","대지","0171","0000","디팰리스","20260110","500000","158.324","0.000000","12","","","2020","아파트","중개거래","서울 종로구"
"2026","11710","송파구","10300","풍납동","1","대지","0506","0000","동아한가람1","20260110","134500","84.38","0.000000","14","","","1995","아파트","중개거래","서울 용산구"
"2026","11560","영등포구","13000","양평동6가","1","대지","0100","0000","동양","20260110","81500","59.86","0.000000","1","","","2000","아파트","중개거래","서울 영등포구"
"2026","11230","동대문구","10900","휘경동","1","대지","0366","0000","동일스위트리버","20260110","90000","120.456","0.000000","1","","","2007","아파트","중개거래","서울 동대문구"
"2026","11230","동대문구","11000","이문동","1","대지","0045","0000","대우","20260110","84800","84.89","0.000000","22","","","2001","아파트","중개거래","서울 동대문구"
"2026","11380","은평구","10600","대조동","1","대지","0048","0062","대왕빌라(48-62)","20260110","30800","33.26","19.000000","3","","","1993","연립다세대","중개거래","서울 은평구"
"2026","11260","중랑구","10200","상봉동","1","대지","0104","0066","동일스카이시티(104-66)","20260110","37800","42.58","18.000000","6","","","2017","연립다세대","중개거래","서울 중랑구"
"2026","11560","영등포구","11800","도림동","1","대지","0265","0008","도림동 하나 아파텔(2차)","20260110","20100","30.87","42.260000","7","","","2003","오피스텔","중개거래","서울 영등포구"
"2026","11590","동작구","10200","상도동","1","대지","0211","0461","대흥쉐르빌","20260110","38000","50.4","29.000000","3","","","2009","연립다세대","중개거래","서울 동작구"
"2026","11500","강서구","10900","방화동","1","대지","0852","0000","마곡중앙하이츠아파트","20260110","45000","39.58","0.000000","14","","","1994","아파트","중개거래","서울 강남구, 서울 강서구"
"2026","11440","마포구","12100","동교동","1","대지","0156","0002","마젤란21 오피스텔","20260110","22000","40.32","56.020000","12","","","2002","오피스텔","중개거래","서울 마포구"
"2026","11290","성북구","13600","하월곡동","1","대지","0225","0000","래미안월곡","20260110","89000","59.754","0.000000","6","","","2006","아파트","중개거래","서울 성북구"
"2026","11215","광진구","10500","자양동","1","대지","0002","0003","더 라움 펜트하우스","20260110","123500","58.82","88.970000","23","","","2022","오피스텔","중개거래","서울 광진구"
"2026","11230","동대문구","10200","용두동","1","대지","0104","0003","동대문 푸르지오시티","20260110","17750","23.47","31.870000","11","","","null","오피스텔","중개거래","서울 동대문구"
"2026","11230","동대문구","10600","장안동","1","대지","0354","0002","래미안장안","20260110","114000","84.774","0.000000","6","","","2003","아파트","중개거래","서울 동대문구"
"2026","11230","동대문구","10600","장안동","1","대지","0354","0002","래미안장안","20260110","129000","115.681","0.000000","7","","","2003","아파트","중개거래","서울 동대문구"
"2026","11230","동대문구","10200","용두동","1","대지","0796","0000","래미안엘리니티","20260110","149000","59.96","0.000000","11","","","2022","아파트","중개거래","서울 동대문구"
"2026","11470","양천구","10200","목동","1","대지","0956","0000","롯데캐슬위너","20260110","156000","127.65","0.000000","2","","","2005","아파트","중개거래","서울 양천구"
"2026","11560","영등포구","13200","신길동","1","대지","4950","0000","래미안에스티움","20260110","189000","84.92","0.000000","13","","","2017","아파트","중개거래","서울 영등포구"
"2026","11230","동대문구","10300","제기동","1","대지","1158","0050","메트로폴 스위트","20260109","32000","29.79","46.600000","12","","","2021","오피스텔","중개거래","서울 동대문구, 서울 송파구"
"2026","11710","송파구","10100","잠실동","1","대지","0022","0000","리센츠","20260109","350000","84.99","0.000000","5","","","2008","아파트","중개거래","서울 송파구"
"2026","11440","마포구","12500","성산동","1","대지","0200","0212","동산빌라","20260109","47000","58.19","35.000000","1","","","1998","연립다세대","중개거래","서울 마포구"
"2026","11230","동대문구","10300","제기동","1","대지","0272","0011","마루스위트빌25차","20260109","47000","58.74","33.000000","2","","","2014","연립다세대","중개거래","서울 동대문구"
"2026","11470","양천구","10300","신월동","1","대지","1063","0000","롯데캐슬","20260109","113000","84.984","0.000000","18","","","2014","아파트","중개거래","서울 양천구"
"2026","11530","구로구","10200","구로동","1","대지","1257","0000","럭키","20260109","77500","84.9","0.000000","13","","","1992","아파트","중개거래","서울 구로구"
"2026","11470","양천구","10200","목동","1","대지","0758","0002","목동2차아이파크","20260109","150000","84.85","0.000000","8","","","2004","아파트","중개거래","서울 양천구"
"2026","11650","서초구","10100","방배동","1","대지","0890","0012","더반지움","20260109","50000","29.2","18.000000","4","","","2023","연립다세대","중개거래","서울 서초구"
"2026","11230","동대문구","10400","전농동","1","대지","0645","0002","동아","20260109","78000","57.9","0.000000","9","","","1997","아파트","중개거래","서울 동대문구"
"2026","11500","강서구","10500","마곡동","1","대지","0758","0001","마곡럭스나인오피스텔 엘동","20260109","14900","21.87","32.940000","12","","","2017","오피스텔","중개거래","서울 강서구"
"2026","11260","중랑구","10100","면목동","1","대지","0193","0001","면목한신","20260109","25000","27","0.000000","10","","","1987","아파트","중개거래","서울 마포구, 서울 송파구"
"2026","11560","영등포구","10300","영등포동2가","1","대지","0094","0307","리치팰리스","20260109","20000","18.71","24.280000","9","","","2021","오피스텔","직거래",""
"2026","11470","양천구","10200","목동","1","대지","0901","0000","목동신시가지1","20260109","350000","154.44","0.000000","3","","","1985","아파트","중개거래","서울 양천구"
"2026","11470","양천구","10300","신월동","1","대지","1076","0000","목동센트럴아이파크위브2단지","20260109","110000","59.88","0.000000","12","","","2020","아파트","중개거래","서울 양천구"
"2026","11500","강서구","10100","염창동","1","대지","0258","0001","동아3","20260109","107500","59.83","0.000000","14","","","1999","아파트","중개거래","서울 강서구"
"2026","11380","은평구","10700","응암동","1","대지","0577","0016","명남더블레스","20260109","45500","51.28","0.000000","9","","","2012","아파트","중개거래","서울 은평구"
"2026","11290","성북구","13900","석관동","1","대지","0010","0000","두산","20260109","89900","84.9","0.000000","6","","","1998","아파트","중개거래","서울 성북구"
"2026","11110","종로구","18300","평창동","1","대지","0108","0000","롯데캐슬로잔","20260109","211540","219.775","0.000000","4","","","2009","아파트","중개거래","서울 종로구"
"2026","11470","양천구","10200","목동","1","대지","0042","0079","동우트라움하우스","20260109","38000","67.85","37.000000","4","","","1998","연립다세대","중개거래","서울 양천구"
"2026","11290","성북구","13900","석관동","1","대지","0410","0000","래미안아트리치","20260109","141000","109.38","0.000000","12","","","2019","아파트","중개거래","서울 성북구"
"2026","11230","동대문구","10500","답십리동","1","대지","0041","0000","동서울한양","20260109","72000","76.41","0.000000","10","","","1989","아파트","중개거래","서울 동대문구"
"2026","11470","양천구","10300","신월동","1","대지","1063","0000","롯데캐슬","20260109","119900","84.984","0.000000","16","","","2014","아파트","중개거래","서울 구로구, 서울 양천구"
"2026","11680","강남구","10600","대치동","1","대지","0944","0021","대치2차 아이파크","20260109","39500","22.18","36.930000","11","","","null","오피스텔","직거래",""
"2026","11740","강동구","10900","천호동","1","대지","0414","0000","두산위브센티움","20260109","16700","31.37","0.000000","6","","","2004","아파트","중개거래","서울 강동구"
"2026","11290","성북구","10300","돈암동","1","대지","0644","0000","돈암코오롱하늘채","20260109","94000","59.861","0.000000","5","","","2016","아파트","중개거래","서울 성북구"
"2026","11350","노원구","10200","월계동","1","대지","0940","0000","동원베네스트","20260109","59500","59.854","0.000000","13","","","2005","아파트","중개거래","서울 노원구"
"2026","11470","양천구","10300","신월동","1","대지","1063","0000","롯데캐슬","20260109","127500","116.375","0.000000","16","","","2014","아파트","중개거래","서울 양천구"
"2026","11680","강남구","10100","역삼동","1","대지","0720","0025","대우디오빌","20260109","39750","39.13","0.000000","18","","","2002","아파트","중개거래","서울 강남구"
"2026","11620","관악구","10100","봉천동","1","대지","0866","0006","덕산스테이트","20260109","16700","18.53","26.010000","13","","","2017","오피스텔","중개거래","서울 관악구"
"2026","11230","동대문구","10200","용두동","1","대지","0790","0000","롯데캐슬피렌체","20260109","123000","115.57","0.000000","6","","","2009","아파트","중개거래","서울 동대문구"
"2026","11320","도봉구","10700","창동","1","대지","0804","0000","대우","20260109","69000","84.88","0.000000","14","","","1995","아파트","중개거래","서울 도봉구"
"2026","11500","강서구","10500","마곡동","1","대지","0748","0000","마곡13단지힐스테이트마스터","20260109","143500","59.982","0.000000","8","","","2017","아파트","중개거래","서울 강서구"
"2026","11560","영등포구","13200","신길동","1","대지","0069","0020","루나플라체","20260109","14500","13.42","0.000000","15","","","2019","아파트","중개거래","서울 영등포구"
"2026","11440","마포구","12100","동교동","1","대지","0156","0002","마젤란21 오피스텔","20260109","21000","32.76","45.520000","9","","","2002","오피스텔","중개거래","서울 마포구"
"2026","11740","강동구","10700","암사동","1","대지","0414","0002","롯데캐슬퍼스트","20260109","173000","59.99","0.000000","9","","","2008","아파트","중개거래","서울 강동구"
"2026","11590","동작구","10700","사당동","1","대지","1132","0000","롯데캐슬","20260109","150000","117.68","0.000000","10","","","2003","아파트","중개거래","서울 동작구"
"2026","11650","서초구","10800","서초동","1","대지","1559","0020","동원스위트(2단지)","20260109","44000","30.1","18.000000","2","","","2016","연립다세대","중개거래","서울 서초구"
"2026","11320","도봉구","10700","창동","1","대지","0804","0000","대우","20260109","58000","59.86","0.000000","10","","","1995","아파트","중개거래","서울 도봉구"
"2026","11350","노원구","10200","월계동","1","대지","0775","0000","대우","20260109","69000","134.64","0.000000","6","","","1998","아파트","중개거래","서울 노원구"
"2026","11410","서대문구","11800","홍은동","1","대지","0265","0201","나은빌라(A동)","20260109","16200","57.9","33.000000","2","","","1992","연립다세대","중개거래","서울 은평구"
"2026","11350","노원구","10500","상계동","1","대지","1355","0000","노원센트럴푸르지오","20260109","71500","48.373","0.000000","7","","","2021","아파트","중개거래","서울 노원구"
"2026","11545","금천구","10100","가산동","1","대지","0143","0006","가산지웰에스테이트2차","20260109","11000","14.12","0.000000","10","","","2018","아파트","중개거래","서울 금천구"
"2026","11350","노원구","10500","상계동","1","대지","1410","0000","노원롯데캐슬시그니처","20260109","78900","52.873","0.000000","12","","","2023","아파트","중개거래","서울 노원구"
"2026","11470","양천구","10300","신월동","1","대지","0092","0008","남성아트빌","20260109","18500","41.17","29.000000","3","","","2011","연립다세대","중개거래","서울 양천구"
"2026","11560","영등포구","10300","영등포동2가","1","대지","0028","0138","현대팰리스","20260109","39500","53.23","63.975000","3","","","2016","오피스텔","중개거래","서울 영등포구"
"2026","11260","중랑구","10600","신내동","1","대지","0656","0000","화성.두산아파트","20260109","57000","66.96","0.000000","1","","","1995","아파트","중개거래","서울 중랑구"
"2026","11620","관악구","10100","봉천동","1","대지","1719","0000","관악동부센트레빌","20260109","92500","59.75","0.000000","2","","","2004","아파트","중개거래","서울 관악구"
"2026","11620","관악구","10100","봉천동","1","대지","0635","0312","궁정빌라","20260109","19800","54.55","29.000000","-1","","","1992","연립다세대","중개거래","서울 관악구"
"2026","11410","서대문구","11900","북가좌동","1","대지","0431","0000","DMC한양","20260109","82800","84.33","0.000000","4","","","1987","아파트","중개거래","서울 서대문구"
"2026","11500","강서구","10200","등촌동","1","대지","0656","0000","경동미르웰한올림","20260109","13500","16.19","25.010000","12","","","2016","오피스텔","중개거래","서울 강서구"
"2026","11470","양천구","10200","목동","1","대지","0643","0003","화신빌라","20260109","25000","45","22.000000","3","","","1994","연립다세대","중개거래","서울 강서구, 서울 양천구"
"2026","11230","동대문구","10900","휘경동","1","대지","0319","0005","휘경동 코업레지던스","20260109","7500","13.86","19.020000","8","","","2002","오피스텔","중개거래","서울 동대문구"
"2026","11305","강북구","10100","미아동","1","대지","0830","0061","대도벤츠하우스(B동)","20260109","24900","52.44","25.000000","2","","","2016","연립다세대","중개거래","서울 강북구"
"2026","11320","도봉구","10500","쌍문동","1","대지","0073","0000","경남","20260109","23000","44.5","0.000000","5","","","1988","아파트","중개거래","서울 도봉구"
"2026","11230","동대문구","10900","휘경동","1","대지","0319","0005","휘경동 코업레지던스","20260109","7400","13.86","19.020000","4","","","2002","오피스텔","중개거래","서울 동대문구"
"2026","11710","송파구","10700","가락동","1","대지","0070","0019","대림","20260109","172500","120.96","0.000000","11","","","1988","아파트","중개거래","서울 송파구"
"2026","11350","노원구","10600","중계동","1","대지","0505","0000","경남","20260109","51500","50.97","0.000000","12","","","1989","아파트","중개거래","서울 노원구"
"2026","11590","동작구","10700","사당동","1","대지","0105","0000","극동(105)","20260109","139000","110.14","0.000000","7","","","1993","아파트","직거래",""
"2026","11560","영등포구","11400","당산동4가","1","대지","0088","0000","당산현대3차","20260109","147500","84.5","0.000000","1","","","1988","아파트","중개거래","서울 영등포구"
"2026","11560","영등포구","11400","당산동4가","1","대지","0088","0000","당산현대3차","20260109","147500","84.5","0.000000","1","","20260116","1988","아파트","중개거래","서울 영등포구"
"2026","11500","강서구","10900","방화동","","","","","","20260109","100000","49.92","73.000000","","","","1971","단독다가구","중개거래","서울 강서구"
"2026","11440","마포구","12300","망원동","1","대지","0496","0000","대림1","20260109","95000","84.96","0.000000","9","","","2002","아파트","중개거래","서울 마포구"
"2026","11350","노원구","10400","하계동","1","대지","0271","0003","건영","20260109","58500","53.14","0.000000","6","","","1988","아파트","중개거래","서울 노원구"
"2026","11530","구로구","10100","신도림동","1","대지","0642","0000","대림2","20260109","118500","59.88","0.000000","18","","","2001","아파트","중개거래","서울 구로구"
"2026","11440","마포구","12500","성산동","1","대지","0030","0017","금아아트빌","20260109","34500","36.63","22.000000","3","","","2015","연립다세대","중개거래","서울 마포구"
"2026","11545","금천구","10200","독산동","1","대지","1147","0000","금천롯데캐슬골드파크1차","20260109","109000","72.524","0.000000","29","","","2016","아파트","중개거래","서울 금천구"
"2026","11545","금천구","10200","독산동","1","대지","0711","0002","금천현대","20260109","60000","59.82","0.000000","7","","","2002","아파트","중개거래","서울 금천구"
"2026","11545","금천구","10200","독산동","1","대지","0711","0002","금천현대","20260109","54500","59.82","0.000000","2","","","2002","아파트","중개거래","서울 금천구"
"2026","11545","금천구","10200","독산동","1","대지","0711","0002","금천현대","20260109","62500","84.83","0.000000","1","","","2002","아파트","중개거래","서울 금천구"
"2026","11710","송파구","10100","잠실동","1","대지","0040","0000","갤러리아팰리스","20260109","57500","43.281","43.281000","3","","","2005","오피스텔","중개거래","서울 송파구"
"2026","11260","중랑구","10100","면목동","1","대지","1512","0000","형진","20260109","50000","59.94","0.000000","13","","","1996","아파트","중개거래","서울 강동구, 서울 중랑구"
"2026","11215","광진구","10700","화양동","1","대지","0021","0020","광진캠퍼스시티","20260109","14150","16.083","26.414000","3","","","2017","오피스텔","중개거래","서울 광진구"
"2026","11440","마포구","10400","도화동","1","대지","0036","0000","고려아카데미텔","20260109","13000","20.25","20.250000","13","","","1988","오피스텔","중개거래","서울 마포구"
"2026","11710","송파구","11400","마천동","","","","","","20260109","149700","236.71","126.000000","","","","2004","단독다가구","중개거래","서울 송파구"
"2026","11500","강서구","10300","화곡동","1","대지","1165","0000","강서힐스테이트","20260109","133500","84.99","0.000000","1","","","2015","아파트","중개거래","서울 강서구"
"2026","11290","성북구","13400","길음동","1","대지","1281","0000","길음뉴타운4단지(e편한세상)","20260109","102000","59.86","0.000000","17","","","2005","아파트","중개거래","서울 강북구, 서울 성북구"
"2026","11500","강서구","10400","가양동","1","대지","1474","0000","대림경동아파트","20260109","141000","131.4","0.000000","14","","","1993","아파트","중개거래","서울 강서구"
"2026","11380","은평구","10300","불광동","1","대지","0090","0055","골든팰리스(90-55)","20260109","35000","29.75","20.000000","2","","","2023","연립다세대","중개거래","서울 은평구"
"2026","11170","용산구","13100","한남동","1","대지","0653","0044","StreetofDream1","20260109","149900","113.73","62.000000","1","","","1998","연립다세대","중개거래","서울 용산구"
"2026","11620","관악구","10100","봉천동","1","대지","1733","0000","e편한세상서울대입구2차","20260109","144500","116.72","0.000000","11","","","2020","아파트","중개거래","서울 관악구"
"2026","11260","중랑구","10100","면목동","1","대지","1535","0000","현대휴온","20260109","23960","35.82","0.000000","9","","","2013","아파트","직거래",""
"2026","11290","성북구","13400","길음동","1","대지","1278","0000","길음동동부센트레빌(1278-0)","20260109","92000","84.844","0.000000","1","","","2003","아파트","중개거래","서울 성북구"
"2026","11500","강서구","10900","방화동","","","","","","20260109","59000","119.07","66.000000","","","","1997","단독다가구","중개거래","서울 강서구"
"2026","11650","서초구","10200","양재동","1","대지","0287","0011","꿈꾸지오(287-11)","20260109","50000","27.99","15.000000","2","","","2015","연립다세대","중개거래","서울 서초구"
"2026","11500","강서구","10400","가양동","1","대지","1475","0000","강변","20260109","66500","34.44","0.000000","7","","","1992","아파트","중개거래","서울 강서구"
"2026","11380","은평구","10700","응암동","1","대지","0769","0000","녹번역e편한세상캐슬","20260109","145000","84.98","0.000000","17","","","2021","아파트","중개거래","서울 은평구"
"2026","11380","은평구","10700","응암동","1","대지","0769","0000","녹번역e편한세상캐슬","20260109","145000","84.94","0.000000","8","","","2021","아파트","중개거래","서울 은평구"
"2026","11680","강남구","11200","자곡동","1","대지","0658","0000","강남힐스테이트에코","20260109","16000","23.747","31.491000","5","","","2014","오피스텔","직거래",""
"2026","11530","구로구","10200","구로동","1","대지","1278","0000","구로두산위브","20260109","53700","36.88","0.000000","7","","","2006","아파트","중개거래","서울 구로구"
"2026","11545","금천구","10100","가산동","1","대지","0776","0000","가산대명벨리온","20260109","10900","16.61","25.800000","13","","","2017","오피스텔","중개거래","서울 금천구"
"2026","11260","중랑구","10200","상봉동","1","대지","0089","0000","위버루체 정진","20260109","34608","26.49","42.347200","13","","","2024","오피스텔","중개거래","인천 동구"
"2026","11620","관악구","10200","신림동","1","대지","0306","0044","송림파크빌라","20260109","25000","68.32","31.000000","3","","","1992","연립다세대","중개거래","서울 관악구"
"2026","11710","송파구","10900","장지동","1","대지","0896","0000","위례중앙푸르지오2단지","20260109","235000","106.055","0.000000","14","","","2016","아파트","중개거래","서울 송파구"
"2026","11260","중랑구","10200","상봉동","1","대지","0089","0000","위버루체 정진","20260109","34608","26.49","42.347200","12","","","2024","오피스텔","중개거래","인천 동구"
"2026","11260","중랑구","10200","상봉동","1","대지","0089","0000","위버루체 정진","20260109","34068","26.49","42.347200","6","","","2024","오피스텔","중개거래","인천 동구"
"2026","11260","중랑구","10200","상봉동","1","대지","0089","0000","위버루체 정진","20260109","34308","26.49","42.347200","9","","","2024","오피스텔","중개거래","인천 동구"
"2026","11740","강동구","10100","명일동","1","대지","0044","0000","신동아","20260109","237500","127.33","0.000000","1","","","1986","아파트","중개거래","서울 강동구"
"2026","11260","중랑구","10200","상봉동","1","대지","0089","0000","위버루체 정진","20260109","34308","26.49","42.347200","9","","","2024","오피스텔","중개거래","인천 동구"
"2026","11260","중랑구","10200","상봉동","1","대지","0089","0000","위버루체 정진","20260109","34068","26.49","42.347200","6","","","2024","오피스텔","중개거래","인천 동구"
"2026","11260","중랑구","10200","상봉동","1","대지","0089","0000","위버루체 정진","20260109","34308","26.49","42.347200","10","","","2024","오피스텔","중개거래","인천 동구"
"2026","11260","중랑구","10200","상봉동","1","대지","0089","0000","위버루체 정진","20260109","34608","26.49","42.347200","11","","","2024","오피스텔","중개거래","인천 동구"
"2026","11260","중랑구","10200","상봉동","1","대지","0089","0000","위버루체 정진","20260109","34683","26.63","42.903900","13","","","2024","오피스텔","중개거래","인천 동구"
"2026","11470","양천구","10200","목동","1","대지","0643","0025","위너스빌","20260109","23500","23.28","17.000000","5","","","2017","연립다세대","중개거래","서울 강서구"
"2026","11530","구로구","10200","구로동","1","대지","0560","0000","신도림현대","20260109","95000","80.01","0.000000","2","","","1994","아파트","중개거래","서울 구로구, 서울 양천구"
"2026","11260","중랑구","10200","상봉동","1","대지","0089","0000","위버루체 정진","20260109","34383","26.63","42.903900","9","","","2024","오피스텔","중개거래","인천 동구"
"2026","11200","성동구","10600","사근동","1","대지","0188","0006","월드쉐르빌","20260109","27500","24.93","14.000000","2","","","2004","연립다세대","중개거래","서울 광진구"
"2026","11260","중랑구","10200","상봉동","1","대지","0089","0000","위버루체 정진","20260109","34383","26.63","42.903900","8","","","2024","오피스텔","중개거래","인천 동구"
"2026","11260","중랑구","10200","상봉동","1","대지","0089","0000","위버루체 정진","20260109","44980","36.32","57.259300","6","","","2024","오피스텔","중개거래","인천 동구"
"2026","11500","강서구","10200","등촌동","1","대지","0662","0003","신송타워","20260109","54000","84.96","0.000000","3","","","1997","아파트","중개거래","서울 강서구"
"2026","11530","구로구","10200","구로동","1","대지","0042","0000","신도림LG자이","20260109","98000","84.952","0.000000","6","","","2004","아파트","중개거래","서울 구로구"
"2026","11260","중랑구","10200","상봉동","1","대지","0089","0000","위버루체 정진","20260109","46614","36.32","57.259300","13","","","2024","오피스텔","중개거래","인천 동구"
"2026","11260","중랑구","10200","상봉동","1","대지","0089","0000","위버루체 정진","20260109","46228","36.32","57.259300","14","","","2024","오피스텔","중개거래","인천 동구"
"2026","11260","중랑구","10200","상봉동","1","대지","0089","0000","위버루체 정진","20260109","46228","36.32","57.259300","14","","","2024","오피스텔","중개거래","인천 동구"
"2026","11260","중랑구","10200","상봉동","1","대지","0089","0000","위버루체 정진","20260109","46614","36.32","57.259300","14","","","2024","오피스텔","중개거래","인천 동구"
"2026","11260","중랑구","10200","상봉동","1","대지","0089","0000","위버루체 정진","20260109","46614","36.32","57.259300","16","","","2024","오피스텔","중개거래","인천 동구"
"2026","11260","중랑구","10200","상봉동","1","대지","0089","0000","위버루체 정진","20260109","46614","36.32","57.259300","16","","","2024","오피스텔","중개거래","인천 동구"
"2026","11650","서초구","10800","서초동","1","대지","1434","0002","신원아침도시(1434)","20260109","146000","83.102","0.000000","4","","","2004","아파트","중개거래","서울 서초구"
"2026","11260","중랑구","10200","상봉동","1","대지","0089","0000","위버루체 정진","20260109","46854","36.32","57.259300","16","","","2024","오피스텔","중개거래","인천 동구"
"2026","11260","중랑구","10200","상봉동","1","대지","0089","0000","위버루체 정진","20260109","46854","36.32","57.259300","16","","","2024","오피스텔","중개거래","인천 동구"
"2026","11260","중랑구","10200","상봉동","1","대지","0089","0000","위버루체 정진","20260109","46617","36.32","57.259300","17","","","2024","오피스텔","중개거래","인천 동구"
"2026","11260","중랑구","10600","신내동","1","대지","0650","0000","신내6대주","20260109","61600","59.76","0.000000","12","","","1996","아파트","중개거래","서울 중랑구"
"2026","11260","중랑구","10200","상봉동","1","대지","0089","0000","위버루체 정진","20260109","45448","36.32","57.259300","6","","","2024","오피스텔","중개거래","인천 동구"
"2026","11560","영등포구","11000","여의도동","1","대지","0017","0000","여의도 the？ 아일랜드 파크","20260109","238000","164.93","211.300000","2","","","2006","오피스텔","중개거래","서울 영등포구"
"2026","11260","중랑구","10200","상봉동","1","대지","0089","0000","위버루체 정진","20260109","45448","36.32","57.259300","6","","","2024","오피스텔","중개거래","인천 동구"
"2026","11470","양천구","10200","목동","1","대지","0324","0097","신한목동펠리스","20260109","35000","24.19","14.000000","5","","","2022","연립다세대","중개거래","서울 강서구"
"2026","11260","중랑구","10200","상봉동","1","대지","0089","0000","위버루체 정진","20260109","44980","36.32","57.259300","7","","","2024","오피스텔","중개거래","인천 동구"
"2026","11260","중랑구","10200","상봉동","1","대지","0089","0000","위버루체 정진","20260109","44980","36.32","57.259300","7","","","2024","오피스텔","중개거래","인천 동구"
"2026","11470","양천구","10200","목동","1","대지","0324","0097","신한목동펠리스","20260109","35500","29.49","18.000000","2","","","2022","연립다세대","중개거래","서울 강서구"
"2026","11260","중랑구","10200","상봉동","1","대지","0089","0000","위버루체 정진","20260109","44980","36.32","57.259300","6","","","2024","오피스텔","중개거래","인천 동구"
"2026","11260","중랑구","10200","상봉동","1","대지","0089","0000","위버루체 정진","20260109","44980","36.32","57.259300","7","","","2024","오피스텔","중개거래","인천 동구"
"2026","11470","양천구","10200","목동","1","대지","0318","0130","쌍용베스트빌","20260109","28000","49.86","24.000000","5","","","2002","연립다세대","중개거래","서울 양천구"
"2026","11260","중랑구","10200","상봉동","1","대지","0089","0000","위버루체 정진","20260109","45448","36.32","57.259300","7","","","2024","오피스텔","중개거래","인천 동구"
"2026","11260","중랑구","10200","상봉동","1","대지","0089","0000","위버루체 정진","20260109","45448","36.32","57.259300","7","","","2024","오피스텔","중개거래","인천 동구"
"2026","11260","중랑구","10200","상봉동","1","대지","0089","0000","위버루체 정진","20260109","45448","36.32","57.259300","8","","","2024","오피스텔","중개거래","인천 동구"
"2026","11260","중랑구","10200","상봉동","1","대지","0089","0000","위버루체 정진","20260109","45448","36.32","57.259300","8","","","2024","오피스텔","중개거래","인천 동구"
"2026","11260","중랑구","10200","상봉동","1","대지","0089","0000","위버루체 정진","20260109","44980","36.32","57.259300","6","","","2024","오피스텔","중개거래","인천 동구"
"2026","11350","노원구","10300","공릉동","1","대지","0715","0000","시영3차(라이프)아파트","20260109","51000","49.5","0.000000","9","","","1994","아파트","중개거래","서울 노원구"
"2026","11260","중랑구","10200","상봉동","1","대지","0089","0000","위버루체 정진","20260109","45448","36.32","57.259300","8","","","2024","오피스텔","중개거래","인천 동구"
"2026","11260","중랑구","10200","상봉동","1","대지","0089","0000","위버루체 정진","20260109","45968","36.32","57.259300","8","","","2024","오피스텔","중개거래","인천 동구"
"2026","11260","중랑구","10200","상봉동","1","대지","0089","0000","위버루체 정진","20260109","45968","36.32","57.259300","8","","","2024","오피스텔","중개거래","인천 동구"
"2026","11560","영등포구","11000","여의도동","1","대지","0050","0000","시범","20260109","277000","79.24","0.000000","6","","","1971","아파트","중개거래","서울 영등포구"
"2026","11260","중랑구","10200","상봉동","1","대지","0089","0000","위버루체 정진","20260109","45448","36.32","57.259300","9","","","2024","오피스텔","중개거래","인천 동구"
"2026","11260","중랑구","10200","상봉동","1","대지","0089","0000","위버루체 정진","20260109","45968","36.32","57.259300","9","","","2024","오피스텔","중개거래","인천 동구"
"2026","11260","중랑구","10200","상봉동","1","대지","0089","0000","위버루체 정진","20260109","45968","36.32","57.259300","9","","","2024","오피스텔","중개거래","인천 동구"
"2026","11260","중랑구","10200","상봉동","1","대지","0089","0000","위버루체 정진","20260109","45448","36.32","57.259300","10","","","2024","오피스텔","중개거래","인천 동구"
"2026","11260","중랑구","10200","상봉동","1","대지","0089","0000","위버루체 정진","20260109","45448","36.32","57.259300","10","","","2024","오피스텔","중개거래","인천 동구"
"2026","11260","중랑구","10200","상봉동","1","대지","0089","0000","위버루체 정진","20260109","45448","36.32","57.259300","10","","","2024","오피스텔","중개거래","인천 동구"
"2026","11260","중랑구","10200","상봉동","1","대지","0089","0000","위버루체 정진","20260109","45968","36.32","57.259300","10","","","2024","오피스텔","중개거래","인천 동구"
"2026","11260","중랑구","10200","상봉동","1","대지","0089","0000","위버루체 정진","20260109","46228","36.32","57.259300","11","","","2024","오피스텔","중개거래","인천 동구"
"2026","11380","은평구","10300","불광동","1","대지","0480","0045","욱현하이브","20260109","28200","67.78","46.000000","-1","","","2022","연립다세대","직거래",""
"2026","11230","동대문구","10500","답십리동","1","대지","0488","0338","스타클래스","20260109","29000","24.48","9.000000","14","","","2019","연립다세대","중개거래","서울 동대문구"
"2026","11260","중랑구","10200","상봉동","1","대지","0089","0000","위버루체 정진","20260109","46228","36.32","57.259300","11","","","2024","오피스텔","중개거래","인천 동구"
"2026","11260","중랑구","10200","상봉동","1","대지","0496","0000","우정아파트","20260109","83000","81.783","0.000000","22","","","2002","아파트","중개거래","서울 중랑구"
"2026","11260","중랑구","10200","상봉동","1","대지","0089","0000","위버루체 정진","20260109","46228","36.32","57.259300","11","","","2024","오피스텔","중개거래","인천 동구"
"2026","11260","중랑구","10200","상봉동","1","대지","0089","0000","위버루체 정진","20260109","46228","36.32","57.259300","11","","","2024","오피스텔","중개거래","인천 동구"
"2026","11260","중랑구","10200","상봉동","1","대지","0089","0000","위버루체 정진","20260109","46614","36.32","57.259300","11","","","2024","오피스텔","중개거래","인천 동구"
"2026","11260","중랑구","10200","상봉동","1","대지","0089","0000","위버루체 정진","20260109","46228","36.32","57.259300","12","","","2024","오피스텔","중개거래","인천 동구"
"2026","11260","중랑구","10200","상봉동","1","대지","0089","0000","위버루체 정진","20260109","46228","36.32","57.259300","12","","","2024","오피스텔","중개거래","인천 동구"
"2026","11260","중랑구","10200","상봉동","1","대지","0089","0000","위버루체 정진","20260109","46228","36.32","57.259300","12","","","2024","오피스텔","중개거래","인천 동구"
"2026","11260","중랑구","10200","상봉동","1","대지","0089","0000","위버루체 정진","20260109","46228","36.32","57.259300","12","","","2024","오피스텔","중개거래","인천 동구"
"2026","11260","중랑구","10200","상봉동","1","대지","0484","0000","엘지,쌍용아파트","20260109","63000","68.12","0.000000","5","","","1996","아파트","중개거래","서울 중랑구"
"2026","11470","양천구","10300","신월동","1","대지","1074","0000","스위트드림아파트","20260109","37000","48.31","0.000000","7","","","2020","아파트","중개거래","서울 양천구"
"2026","11260","중랑구","10200","상봉동","1","대지","0484","0000","엘지,쌍용아파트","20260109","63500","68.12","0.000000","7","","","1996","아파트","중개거래","서울 중랑구"
"2026","11260","중랑구","10200","상봉동","1","대지","0089","0000","위버루체 정진","20260109","46614","36.32","57.259300","12","","","2024","오피스텔","중개거래","인천 동구"
"2026","11260","중랑구","10200","상봉동","1","대지","0089","0000","위버루체 정진","20260109","46228","36.32","57.259300","13","","","2024","오피스텔","중개거래","인천 동구"
"2026","11260","중랑구","10200","상봉동","1","대지","0089","0000","위버루체 정진","20260109","46228","36.32","57.259300","13","","","2024","오피스텔","중개거래","인천 동구"
"2026","11680","강남구","11800","도곡동","1","대지","0467","0007","아카데미스위트1","20260109","228000","83","0.000000","19","","","2004","아파트","중개거래","서울 강남구"
"2026","11710","송파구","10900","장지동","1","대지","0879","0000","송파더센트레","20260109","144000","51.77","0.000000","4","","","2013","아파트","중개거래","서울 송파구"
"2026","11710","송파구","10800","문정동","1","대지","0643","0001","엠스테이트","20260109","23500","26.15","35.610000","5","","","null","오피스텔","중개거래","서울 송파구"
"2026","11230","동대문구","10300","제기동","1","대지","0252","0000","이수브라운스톤","20260109","87000","84.51","0.000000","12","","","2005","아파트","중개거래","서울 동대문구"
"2026","11740","강동구","10900","천호동","1","대지","0019","0001","우성","20260109","99000","51.44","0.000000","7","","","1985","아파트","중개거래","서울 강동구"
"2026","11470","양천구","10100","신정동","1","대지","1148","0009","양지","20260109","26000","30.38","39.440000","12","","","2020","오피스텔","중개거래","서울 양천구"
"2026","11440","마포구","12200","합정동","1","대지","0081","0023","양지주택","20260109","68000","26.45","33.000000","2","","","1978","연립다세대","중개거래","서울 마포구"
"2026","11470","양천구","10300","신월동","1","대지","1026","0000","양천벽산블루밍1단지","20260109","74700","84.77","0.000000","10","","","2006","아파트","중개거래","서울 양천구"
"2026","11710","송파구","11100","방이동","1","대지","0172","0001","오성그린빌라","20260109","52000","65.84","33.000000","4","","","1991","연립다세대","중개거래","서울 강동구"
"2026","11305","강북구","10100","미아동","1","대지","0160","0003","수유역푸르지오시티","20260109","13800","22.426","33.528300","20","","","2014","오피스텔","중개거래","서울 강북구"
"2026","11305","강북구","10100","미아동","1","대지","0160","0003","수유역푸르지오시티","20260109","14000","22.426","33.528300","18","","","2014","오피스텔","중개거래","서울 강북구"
"2026","11680","강남구","11500","수서동","1","대지","0712","0000","수서한아름","20260109","290000","129.45","0.000000","5","","","1993","아파트","중개거래","서울 강남구"
"2026","11170","용산구","12500","한강로2가","1","대지","0420","0000","용산푸르지오써밋","20260109","79000","48.427","75.947600","25","","","2017","오피스텔","중개거래","서울 용산구"
"2026","11320","도봉구","10600","방학동","1","대지","0716","0005","이에스에이아파트2","20260109","65000","84.98","0.000000","8","","","2003","아파트","중개거래","서울 도봉구"
"2026","11170","용산구","11900","효창동","1","대지","0288","0000","용산데시앙포레","20260109","152000","59.764","0.000000","14","","","2022","아파트","중개거래","서울 용산구"
"2026","11110","종로구","11800","내수동","1","대지","0075","0000","용비어천가","20260109","22250","30.76","38.950000","2","","","2004","오피스텔","중개거래","서울 종로구"
"2026","11740","강동구","10800","성내동","1","대지","0194","0000","에스케이허브진","20260109","33450","33.71","0.000000","12","","","2004","아파트","중개거래","서울 강동구"
"2026","11260","중랑구","10100","면목동","1","대지","1077","0001","용마한신","20260109","60000","82.39","0.000000","7","","","1990","아파트","중개거래","서울 중랑구"
"2026","11260","중랑구","10100","면목동","1","대지","1077","0001","용마한신","20260109","35000","35.44","0.000000","5","","","1990","아파트","중개거래","서울 광진구, 서울 중랑구"
"2026","11560","영등포구","12500","양평동1가","1","대지","0271","0000","영등포중흥에스클래스","20260109","150000","84.95","0.000000","4","","","2021","아파트","중개거래","서울 양천구, 서울 영등포구"
"2026","11500","강서구","10100","염창동","1","대지","0262","0000","염창투웨니퍼스트","20260109","25000","28.57","37.910000","2","","","2019","오피스텔","중개거래","서울 강서구"
"2026","11500","강서구","10100","염창동","1","대지","0281","0022","염창1차한화꿈에그린","20260109","139500","67.43","0.000000","15","","","2005","아파트","중개거래","서울 강서구, 서울 마포구"
"2026","11530","구로구","10700","개봉동","1","대지","0488","0000","영화아이닉스","20260109","62000","84.98","0.000000","14","","","2005","아파트","중개거래","경기 광명시, 서울 구로구"
"2026","11680","강남구","10100","역삼동","1","대지","0832","0005","역삼디오슈페리움","20260109","53000","47.96","62.630000","4","","","2006","오피스텔","중개거래","대구 수성구, 서울 강남구"
"2026","11710","송파구","11100","방이동","1","대지","0089","0000","올림픽선수기자촌1단지","20260109","305000","83.06","0.000000","11","","","1988","아파트","중개거래","서울 송파구"
"2026","11590","동작구","10100","노량진동","1","대지","0325","0000","신동아리버파크","20260109","153000","84.88","0.000000","12","","","2001","아파트","중개거래","서울 동작구"
"2026","11260","중랑구","10200","상봉동","1","대지","0089","0000","위버루체 정진","20260109","34068","26.49","42.347200","7","","","2024","오피스텔","중개거래","인천 동구"
"2026","11260","중랑구","10200","상봉동","1","대지","0089","0000","위버루체 정진","20260109","34068","26.49","42.347200","7","","","2024","오피스텔","중개거래","인천 동구"
"2026","11260","중랑구","10200","상봉동","1","대지","0089","0000","위버루체 정진","20260109","34608","26.49","42.347200","14","","","2024","오피스텔","중개거래","인천 동구"
"2026","11260","중랑구","10200","상봉동","1","대지","0089","0000","위버루체 정진","20260109","34308","26.49","42.347200","8","","","2024","오피스텔","중개거래","인천 동구"
"2026","11260","중랑구","10200","상봉동","1","대지","0089","0000","위버루체 정진","20260109","34308","26.49","42.347200","8","","","2024","오피스텔","중개거래","인천 동구"
"2026","11260","중랑구","10500","망우동","1","대지","0620","0000","중랑숲시티프라디움","20260109","65000","46.89","0.000000","3","","","2022","아파트","중개거래","서울 중랑구"
"2026","11260","중랑구","10100","면목동","1","대지","1502","0000","현대","20260109","73000","84.09","0.000000","5","","","1994","아파트","중개거래","서울 중랑구"
"2026","11740","강동구","10700","암사동","1","대지","0482","0009","한강하이빌(482-9)","20260109","31000","37.72","21.000000","3","","","2011","연립다세대","중개거래","경기 안양시 동안구, 서울 강동구"
"2026","11380","은평구","10700","응암동","1","대지","0397","0014","한강타운빌(397-14)","20260109","25000","37.67","24.000000","3","","","2018","연립다세대","중개거래","서울 은평구"
"2026","11305","강북구","10300","수유동","1","대지","0468","0007","(468-7)","20260109","27000","58.45","118.000000","1","","","1977","연립다세대","중개거래","서울 강북구"
"2026","11260","중랑구","10500","망우동","1","대지","0427","0061","(427-61)","20260109","31000","52.4","31.000000","5","","","2010","연립다세대","중개거래","서울 중랑구"
"2026","11470","양천구","10100","신정동","1","대지","1293","0000","학마을1단지","20260109","55700","49.98","0.000000","2","","","2000","아파트","중개거래","서울 양천구"
"2026","11410","서대문구","11100","홍제동","1","대지","0453","0000","청구1차","20260109","103500","84.78","0.000000","7","","","1994","아파트","중개거래","서울 종로구"
"2026","11530","구로구","11200","항동","1","대지","0242","0000","하버라인3단지","20260109","79000","74.87","0.000000","12","","","2019","아파트","중개거래","서울 구로구"
"2026","11530","구로구","11200","항동","1","대지","0237","0000","하버라인2단지","20260109","64000","59.86","0.000000","2","","","2019","아파트","중개거래","서울 구로구"
"2026","11530","구로구","11200","항동","1","대지","0237","0000","하버라인2단지","20260109","67500","59.86","0.000000","7","","","2019","아파트","중개거래","서울 구로구"
"2026","11305","강북구","10300","수유동","1","대지","0281","0045","하나아이파크빌(281-45)","20260109","27000","36.3","22.000000","3","","","2018","연립다세대","중개거래","서울 중랑구"
"2026","11380","은평구","10600","대조동","1","대지","0049","0029","하나블루힐스","20260109","46300","53.08","32.000000","5","","","2019","연립다세대","중개거래","서울 은평구"
"2026","11350","노원구","10400","하계동","1","대지","0274","0000","청솔(시영7)","20260109","40000","39.92","0.000000","6","","","1989","아파트","중개거래","서울 노원구"
"2026","11710","송파구","10600","삼전동","1","대지","0055","0000","프라이드","20260109","64000","27.62","16.000000","2","","","2020","연립다세대","중개거래","서울 송파구"
"2026","11620","관악구","10100","봉천동","1","대지","1000","0000","현대(관악)","20260109","83500","68.8","0.000000","1","","","1992","아파트","중개거래","서울 관악구, 서울 동작구"
"2026","11710","송파구","10300","풍납동","1","대지","0514","0000","잠실올림픽공원아이파크","20260109","230000","75.99","0.000000","6","","","2019","아파트","중개거래","서울 서초구, 서울 송파구"
"2026","11500","강서구","10900","방화동","1","대지","0832","0000","청솔","20260109","46900","39.36","0.000000","9","","","1994","아파트","중개거래","서울 강서구"
"2026","11320","도봉구","10500","쌍문동","1","대지","0059","0000","한양2","20260109","35800","48.96","0.000000","2","","","1988","아파트","중개거래","서울 도봉구"
"2026","11320","도봉구","10500","쌍문동","1","대지","0059","0000","한양2","20260109","37500","59.67","0.000000","5","","","1988","아파트","중개거래","서울 도봉구"
"2026","11470","양천구","10100","신정동","1","대지","1010","0003","장백빌라나동","20260109","40000","49.26","23.000000","1","","","1995","연립다세대","중개거래","서울 양천구"
"2026","11380","은평구","10700","응암동","1","대지","0117","0024","펠리시티","20260109","57500","55.69","0.000000","7","","","2022","아파트","직거래",""
"2026","11710","송파구","10800","문정동","1","대지","0618","0000","파크하비오","20260109","191500","84.907","0.000000","4","","","2016","아파트","중개거래","서울 송파구"
"2026","11230","동대문구","10600","장안동","1","대지","0336","0000","장안현대홈타운(336)","20260109","109000","84.87","0.000000","6","","","2003","아파트","중개거래","서울 동대문구"
"2026","11710","송파구","10100","잠실동","1","대지","0316","0000","(316-0)","20260109","23000","18.5","12.000000","4","","","2011","연립다세대","중개거래","서울 송파구"
"2026","11410","서대문구","11200","대현동","1","대지","0027","0027","(27-27)","20260109","25900","16.653","26.377700","11","","","2023","오피스텔","중개거래","서울 서대문구"
"2026","11290","성북구","13300","정릉동","1","대지","0239","0000","정릉풍림아이원","20260109","54900","59.88","0.000000","10","","","2005","아파트","중개거래","서울 성북구"
"2026","11500","강서구","10900","방화동","1","대지","0579","0000","한진로즈힐","20260109","72000","84.93","0.000000","1","","","2004","아파트","중개거래","서울 강서구"
"2026","11650","서초구","10100","방배동","1","대지","0934","0019","트윈캐슬","20260109","47500","29.94","18.000000","2","","","2012","연립다세대","중개거래","서울 서초구"
"2026","11710","송파구","10300","풍납동","1","대지","0251","0002","토성현대","20260109","63800","49.14","0.000000","4","","","1986","아파트","중개거래","서울 송파구"
"2026","11650","서초구","10100","방배동","1","대지","0902","0022","진흥펠리체","20260109","47500","29.98","19.000000","5","","","2015","연립다세대","중개거래","서울 서초구, 서울 양천구"
"2026","11440","마포구","12500","성산동","1","대지","0200","0306","(200-306)","20260109","25000","36.1","22.000000","2","","","1991","연립다세대","직거래",""
"2026","11440","마포구","12500","성산동","1","대지","0200","0306","(200-306)","20260109","24700","36.1","22.000000","-1","","","1991","연립다세대","직거래",""
"2026","11110","종로구","17500","숭인동","1","대지","1421","0001","종로 동광모닝스카이","20260109","10500","19.95","28.870000","4","","","2013","오피스텔","중개거래","서울 종로구"
"2026","11545","금천구","10300","시흥동","1","대지","0826","0015","크림하우스2차","20260109","31200","38.75","26.000000","2","","","2022","연립다세대","중개거래","서울 금천구"
"2026","11560","영등포구","10700","영등포동6가","1","대지","0096","0006","퀸즈하우스","20260109","32000","25.79","13.000000","6","","","2018","연립다세대","중개거래","서울 영등포구"
"2026","11350","노원구","10200","월계동","1","대지","0556","0000","주공2","20260109","70800","84.815","0.000000","9","","","1992","아파트","중개거래","서울 노원구"
"2026","11650","서초구","10800","서초동","1","대지","1467","0067","코지밸리(1467)","20260109","76000","76.42","38.000000","1","","","2002","연립다세대","중개거래","서울 서초구"
"2026","11110","종로구","16900","혜화동","1","대지","0015","0011","(15-11)","20260109","127500","131.79","129.000000","3","","","1992","연립다세대","중개거래","서울 성북구, 서울 종로구"
"2026","11320","도봉구","10700","창동","1","대지","0347","0000","창동주공3단지(해등마을)","20260109","64500","59.22","0.000000","13","","","1990","아파트","중개거래","서울 도봉구"
"2026","11170","용산구","11100","청파동3가","1","대지","0118","0129","카이벨로체청파4차","20260109","50500","17.88","13.000000","5","","","2025","연립다세대","직거래",""
"2026","11350","노원구","10600","중계동","1","대지","0592","0000","중계3벽산","20260109","59900","59.88","0.000000","3","","","1999","아파트","중개거래","서울 노원구"
"2026","11350","노원구","10600","중계동","1","대지","0512","0000","중계무지개","20260109","41000","39.82","0.000000","11","","","1991","아파트","중개거래","서울 노원구"
"2026","11650","서초구","11100","신원동","1","대지","0662","0000","청계산자연누리","20260109","15000","21.39","27.578000","2","","","2015","오피스텔","중개거래","서울 강남구"
"2026","11320","도봉구","10700","창동","1","대지","0305","0000","창동주공1단지","20260109","54000","49.94","0.000000","6","","","1990","아파트","중개거래","서울 도봉구"
"2026","11260","중랑구","10100","면목동","1","대지","0064","0069","청운명가","20260109","40000","29.92","17.000000","5","","","2013","연립다세대","중개거래","서울 광진구"
"2026","11530","구로구","10600","고척동","1","대지","0329","0000","청솔우성","20260109","54000","59.27","0.000000","17","","","2000","아파트","중개거래","서울 구로구"
"2026","11500","강서구","10300","화곡동","1","대지","0351","0089","중앙화곡하이츠","20260109","42700","56.88","0.000000","3","","","1988","아파트","중개거래","서울 강남구, 서울 강서구"
"2026","11305","강북구","10300","수유동","1","대지","0393","0009","한솔빌라(가동)","20260109","13500","28.3","13.000000","1","","","1995","연립다세대","중개거래","서울 강북구"
"2026","11320","도봉구","10800","도봉동","1","대지","0623","0018","(623-18)","20260109","17000","54.69","35.000000","1","","","1992","연립다세대","중개거래","서울 도봉구"
"2026","11230","동대문구","10500","답십리동","1","대지","0530","0017","한성아펠시티","20260109","18200","22.14","31.980000","10","","","2019","오피스텔","중개거래","서울 동대문구"
"2026","11320","도봉구","10800","도봉동","1","대지","0030","0001","한신","20260109","63250","84.94","0.000000","14","","","1995","아파트","중개거래","서울 도봉구, 서울 성북구"
"2026","11350","노원구","10200","월계동","1","대지","0085","0007","서울원 아이파크","20260109","145850","84.317","0.000000","43","분양권","","0","아파트","중개거래","서울 동대문구"
"2026","11590","동작구","10900","신대방동","1","대지","0711","0000","보라매파크빌","20260109","128500","84.59","0.000000","12","","","2002","아파트","중개거래","서울 동작구, 서울 영등포구"
"2026","11620","관악구","10200","신림동","1","대지","0497","0005","보라매해담채","20260109","16000","13.23","0.000000","3","","","2012","아파트","직거래",""
"2026","11380","은평구","10700","응암동","1","대지","0759","0000","백련산힐스테이트1차","20260109","73000","59.93","0.000000","4","","","2011","아파트","중개거래","서울 강서구, 서울 은평구"
"2026","11650","서초구","10800","서초동","1","대지","1757","0000","서초그랑자이","20260109","490000","119.41","0.000000","12","","","2021","아파트","중개거래","서울 서초구"
"2026","11620","관악구","10200","신림동","1","대지","0316","0055","서울대벤처타운역푸르지오","20260109","105677","89.984","0.000000","8","분양권","","0","아파트","중개거래","경기 광명시, 서울 관악구"
"2026","11410","서대문구","11800","홍은동","1","대지","0467","0000","북한산두산위브","20260109","77500","59.42","0.000000","8","","","2020","아파트","중개거래","서울 서대문구"
"2026","11650","서초구","10100","방배동","1","대지","0987","0009","방배아프로디테","20260109","40000","40.15","28.000000","2","","","2016","연립다세대","중개거래","서울 서초구"
"2026","11650","서초구","10800","서초동","1","대지","1582","0003","서초센트럴IPARK","20260109","91500","54.551","83.236800","19","","","2020","오피스텔","중개거래","서울 서초구"
"2026","11440","마포구","11100","신수동","1","대지","0459","0000","밤섬경남아너스빌","20260109","175000","84.83","0.000000","12","","","2009","아파트","중개거래","서울 동작구, 서울 마포구"
"2026","11560","영등포구","11000","여의도동","1","대지","0525","0000","브라이튼 여의도","20260109","69000","29.98","48.250000","12","","","2023","오피스텔","중개거래","서울 영등포구"
"2026","11650","서초구","10800","서초동","1","대지","1355","0003","서초월드오피스텔","20260109","25000","43.14","58.690000","15","","","1993","오피스텔","중개거래","서울 서초구"
"2026","11410","서대문구","11000","북아현동","1","대지","1021","0000","비엘주택","20260109","24446","21.1","16.000000","3","","","2025","연립다세대","직거래",""
"2026","11410","서대문구","11000","북아현동","1","대지","1021","0000","비엘주택","20260109","24446","21.1","16.000000","2","","","2025","연립다세대","직거래",""
"2026","11410","서대문구","11000","북아현동","1","대지","1021","0000","비엘주택","20260109","24446","21.1","16.000000","2","","","2025","연립다세대","직거래",""
"2026","11410","서대문구","11000","북아현동","1","대지","1021","0000","비엘주택","20260109","24729","21.1","16.000000","5","","","2025","연립다세대","직거래",""
"2026","11410","서대문구","11000","북아현동","1","대지","1021","0000","비엘주택","20260109","24446","21.1","16.000000","3","","","2025","연립다세대","직거래",""
"2026","11410","서대문구","11000","북아현동","1","대지","1021","0000","비엘주택","20260109","24446","21.1","16.000000","4","","","2025","연립다세대","직거래",""
"2026","11410","서대문구","11000","북아현동","1","대지","1021","0000","비엘주택","20260109","24729","21.1","16.000000","5","","","2025","연립다세대","직거래",""
"2026","11410","서대문구","11000","북아현동","1","대지","1021","0000","비엘주택","20260109","24729","21.1","16.000000","5","","","2025","연립다세대","직거래",""
"2026","11410","서대문구","11000","북아현동","1","대지","1021","0000","비엘주택","20260109","24446","21.1","16.000000","4","","","2025","연립다세대","직거래",""
"2026","11410","서대문구","11000","북아현동","1","대지","1021","0000","비엘주택","20260109","25148","21.706","17.000000","3","","","2025","연립다세대","직거래",""
"2026","11410","서대문구","11000","북아현동","1","대지","1021","0000","비엘주택","20260109","25148","21.706","17.000000","4","","","2025","연립다세대","직거래",""
"2026","11410","서대문구","11000","북아현동","1","대지","1021","0000","비엘주택","20260109","25148","21.706","17.000000","3","","","2025","연립다세대","직거래",""
"2026","11410","서대문구","11000","북아현동","1","대지","1021","0000","비엘주택","20260109","25148","21.706","17.000000","4","","","2025","연립다세대","직거래",""
"2026","11410","서대문구","11000","북아현동","1","대지","1021","0000","비엘주택","20260109","25152","21.71","17.000000","3","","","2025","연립다세대","직거래",""
"2026","11410","서대문구","11000","북아현동","1","대지","1021","0000","비엘주택","20260109","25152","21.71","17.000000","3","","","2025","연립다세대","직거래",""
"2026","11410","서대문구","11000","북아현동","1","대지","1021","0000","비엘주택","20260109","25152","21.71","17.000000","2","","","2025","연립다세대","직거래",""
"2026","11410","서대문구","11000","북아현동","1","대지","1021","0000","비엘주택","20260109","25152","21.71","17.000000","2","","","2025","연립다세대","직거래",""
"2026","11410","서대문구","11000","북아현동","1","대지","1021","0000","비엘주택","20260109","29773","23.886","18.000000","5","","","2025","연립다세대","직거래",""
"2026","11410","서대문구","11000","북아현동","1","대지","1021","0000","비엘주택","20260109","29773","23.886","18.000000","5","","","2025","연립다세대","직거래",""
"2026","11410","서대문구","11000","북아현동","1","대지","1021","0000","비엘주택","20260109","29773","23.886","18.000000","5","","","2025","연립다세대","직거래",""
"2026","11410","서대문구","11000","북아현동","1","대지","1021","0000","비엘주택","20260109","30450","26.764","21.000000","4","","","2025","연립다세대","직거래",""
"2026","11410","서대문구","11000","북아현동","1","대지","1021","0000","비엘주택","20260109","30450","26.764","21.000000","4","","","2025","연립다세대","직거래",""
"2026","11410","서대문구","11000","북아현동","1","대지","1021","0000","비엘주택","20260109","30450","26.764","21.000000","4","","","2025","연립다세대","직거래",""
"2026","11410","서대문구","11000","북아현동","1","대지","1021","0000","비엘주택","20260109","30450","26.764","21.000000","2","","","2025","연립다세대","직거래",""
"2026","11410","서대문구","11000","북아현동","1","대지","1021","0000","비엘주택","20260109","30450","26.764","21.000000","3","","","2025","연립다세대","직거래",""
"2026","11410","서대문구","11000","북아현동","1","대지","1021","0000","비엘주택","20260109","30450","26.764","21.000000","3","","","2025","연립다세대","직거래",""
"2026","11410","서대문구","11000","북아현동","1","대지","1021","0000","비엘주택","20260109","30450","26.764","21.000000","2","","","2025","연립다세대","직거래",""
"2026","11410","서대문구","11000","북아현동","1","대지","1021","0000","비엘주택","20260109","30450","26.764","21.000000","3","","","2025","연립다세대","직거래",""
"2026","11410","서대문구","11000","북아현동","1","대지","1021","0000","비엘주택","20260109","30450","26.764","21.000000","2","","","2025","연립다세대","직거래",""
"2026","11410","서대문구","11000","북아현동","1","대지","1021","0000","비엘주택","20260109","30450","26.764","21.000000","2","","","2025","연립다세대","직거래",""
"2026","11260","중랑구","10100","면목동","1","대지","0651","0006","샤인빌","20260109","46000","50.915","30.000000","3","","","2012","연립다세대","중개거래","서울 중랑구"
"2026","11350","노원구","10200","월계동","1","대지","0013","0000","미륭","20260109","84000","51.48","0.000000","12","","","1986","아파트","중개거래","서울 노원구"
"2026","11500","강서구","10600","내발산동","1","대지","0718","0016","선우베스트빌나동","20260109","26700","48.45","23.000000","2","","","2002","연립다세대","중개거래","서울 강서구"
"2026","11500","강서구","10300","화곡동","1","대지","0024","0294","상우빌라","20260109","15000","38.86","29.000000","2","","","2001","연립다세대","직거래",""
"2026","11710","송파구","10800","문정동","1","대지","0022","0008","문정헤리츠","20260109","25700","29.11","13.000000","2","","","2019","연립다세대","중개거래","서울 송파구"
"2026","11290","성북구","11200","삼선동2가","1","대지","0425","0000","삼선푸르지오","20260109","94000","84.83","0.000000","6","","","2008","아파트","중개거래","서울 성북구"
"2026","11590","동작구","10700","사당동","1","대지","1133","0000","삼성래미안","20260109","135000","60.739","0.000000","4","","","2003","아파트","중개거래","서울 동작구"
"2026","11200","성동구","11500","성수동2가","1","대지","0277","0101","성수동램킨중흥S클래스오피스텔","20260109","15200","18.33","25.060800","6","","","2013","오피스텔","중개거래","서울 성동구"
"2026","11200","성동구","10500","마장동","1","대지","0784","0000","세림","20260109","90000","72.84","0.000000","12","","","1986","아파트","직거래",""
"2026","11470","양천구","10200","목동","1","대지","0904","0000","목동신시가지4","20260109","209000","47.25","0.000000","10","","","1986","아파트","중개거래","경기 김포시, 서울 양천구"
"2026","11320","도봉구","10700","창동","1","대지","0045","0000","삼성래미안","20260109","72000","73.92","0.000000","2","","","1992","아파트","중개거래","서울 도봉구"
"2026","11545","금천구","10300","시흥동","1","대지","0109","0001","무지개","20260109","48000","53.79","0.000000","7","","","1980","아파트","중개거래","서울 금천구"
"2026","11260","중랑구","10200","상봉동","1","대지","0501","0000","상봉듀오트리스","20260109","117000","117.07","0.000000","29","","","2016","아파트","중개거래","서울 중랑구"
"2026","11500","강서구","10300","화곡동","1","대지","1081","0030","삼성쉐르빌(1081-30)","20260109","18000","29.92","18.000000","2","","","2014","연립다세대","중개거래","서울 강서구"
"2026","11230","동대문구","10600","장안동","1","대지","0092","0068","삼성쉐르빌(B동)","20260109","21700","39.43","21.000000","2","","","2012","연립다세대","중개거래","서울 동대문구"
"2026","11350","노원구","10200","월계동","1","대지","0322","0001","성원(사슴4)","20260109","37000","39.6","0.000000","3","","","1995","아파트","중개거래","서울 노원구"
"2026","11680","강남구","10400","청담동","1","대지","0042","0000","삼성청담아파트","20260109","270000","84.98","0.000000","3","","","1999","아파트","중개거래","서울 강남구"
"2026","11680","강남구","10300","개포동","1","대지","0012","0000","성원대치2단지아파트","20260109","158000","33.18","0.000000","3","","","1992","아파트","중개거래","서울 강남구"
"2026","11350","노원구","10500","상계동","1","대지","0626","0000","상계주공14(고층)","20260109","40000","41.3","0.000000","5","","","1989","아파트","중개거래","서울 노원구"
"2026","11470","양천구","10200","목동","1","대지","0966","0000","목동에버하임","20260109","46000","41.06","0.000000","11","","","2019","아파트","중개거래","서울 강남구, 서울 강서구"
"2026","11470","양천구","10200","목동","1","대지","0925","0000","목동신시가지7","20260109","239000","59.39","0.000000","2","","","1986","아파트","중개거래","서울 양천구"
"2026","11290","성북구","12300","안암동3가","1","대지","0135","0000","삼익","20260109","90000","174.68","0.000000","1","","","1983","아파트","중개거래","서울 성북구"
"2026","11350","노원구","10500","상계동","1","대지","0765","0000","상계주공1(고층)","20260109","35000","32.39","0.000000","10","","","1988","아파트","중개거래","서울 노원구, 서울 도봉구"
"2026","11230","동대문구","11000","이문동","1","대지","0073","0000","삼익","20260109","80000","84.95","0.000000","14","","","1997","아파트","중개거래","서울 동대문구"
"2026","11350","노원구","10500","상계동","1","대지","0720","0000","상계주공6(고층)","20260109","70500","58.01","0.000000","14","","","1988","아파트","중개거래","서울 노원구"
"2026","11350","노원구","10500","상계동","1","대지","1279","0000","상계1차중앙하이츠","20260109","60000","59.82","0.000000","14","","","1997","아파트","중개거래","서울 노원구"
"2026","11350","노원구","10500","상계동","1","대지","0647","0000","상계주공12(고층)","20260109","52000","49.94","0.000000","9","","","1988","아파트","중개거래","서울 노원구"
"2026","11530","구로구","10600","고척동","1","대지","0336","0000","삼환로즈빌","20260109","90000","84.994","0.000000","17","","","2004","아파트","중개거래","서울 구로구"
"2026","11320","도봉구","10500","쌍문동","1","대지","0056","0000","삼익세라믹","20260109","30500","42.93","0.000000","12","","","1988","아파트","중개거래","서울 도봉구"
"2026","11350","노원구","10200","월계동","1","대지","0085","0007","서울원 아이파크","20260109","148800","84.661","0.000000","41","분양권","","0","아파트","중개거래","서울 중랑구"
"2026","11200","성동구","10900","금호동1가","1","대지","0633","0000","벽산","20260109","170000","84.82","0.000000","6","","","2001","아파트","중개거래","서울 성동구"
"2026","11140","중구","16200","신당동","1","대지","0349","0228","성진주택","20260109","77000","46.85","21.000000","-1","","","1996","연립다세대","중개거래","서울 동대문구, 서울 중구"
"2026","11650","서초구","10100","방배동","1","대지","3279","0000","방배 서리풀 그랑블","20260108","232000","84.996","0.000000","5","","","2019","아파트","중개거래","서울 동작구, 서울 서초구"
"2026","11200","성동구","11200","금호동4가","1","대지","0235","0000","서울숲2차푸르지오","20260108","235000","59.862","0.000000","9","","","2012","아파트","중개거래","서울 성동구"
"2026","11320","도봉구","10600","방학동","1","대지","0719","0002","북한산현대렉시온오피스텔","20260108","12000","26.4","34.420000","9","","","2004","오피스텔","중개거래","서울 도봉구"
"2026","11590","동작구","10200","상도동","1","대지","0904","0000","상도역롯데캐슬파크엘","20260108","184000","74.985","0.000000","3","","","2021","아파트","중개거래","서울 동작구, 인천 남동구"
"2026","11350","노원구","10200","월계동","1","대지","0085","0007","서울원 아이파크","20260108","143649","84.317","0.000000","21","분양권","","0","아파트","중개거래","서울 동대문구"
"2026","11440","마포구","12700","상암동","1","대지","1748","0000","상암 오벨리스크 2차","20260108","14000","24.2","31.490000","7","","","2014","오피스텔","중개거래","서울 마포구, 서울 서대문구"
"2026","11350","노원구","10200","월계동","1","대지","0013","0000","미성","20260108","77000","50.14","0.000000","1","","","1986","아파트","중개거래","서울 노원구"
"2026","11350","노원구","10200","월계동","1","대지","0085","0007","서울원 아이파크","20260108","143400","84.661","0.000000","22","분양권","","0","아파트","중개거래","서울 동대문구"
"2026","11350","노원구","10500","상계동","1","대지","0765","0000","상계주공1(고층)","20260108","60000","58.01","0.000000","11","","","1988","아파트","중개거래","서울 노원구"
"2026","11470","양천구","10200","목동","1","대지","0902","0000","목동신시가지2","20260108","275000","95.4","0.000000","12","","","1986","아파트","중개거래","서울 양천구"
"2026","11470","양천구","10300","신월동","1","대지","0080","0003","삼진-C","20260108","30000","49.69","63.000000","1","","","1980","연립다세대","중개거래","서울 양천구"
"2026","11470","양천구","10100","신정동","1","대지","0340","0000","블레스빌","20260108","133000","79.43","0.000000","9","","","2002","아파트","중개거래","서울 양천구"
"2026","11710","송파구","10800","문정동","1","대지","0001","0000","문정래미안","20260108","198500","84.96","0.000000","18","","","2004","아파트","중개거래","서울 송파구"
"2026","11110","종로구","18300","평창동","1","대지","0154","0001","삼형파크맨션","20260108","60000","108.36","120.000000","1","","","1982","연립다세대","중개거래","서울 종로구"
"2026","11590","동작구","10900","신대방동","1","대지","0724","0000","보라매자이더포레스트","20260108","142000","59.945","0.000000","16","","","2021","아파트","중개거래","서울 동작구"
"2026","11170","용산구","12800","한강로3가","1","대지","0016","0049","삼구빌딩","20260108","23000","39.84","77.400000","15","","","1991","오피스텔","중개거래","서울 용산구"
"2026","11620","관악구","10200","신림동","1","대지","0685","0006","서래하우스","20260108","23500","37.23","28.000000","2","","","2017","연립다세대","중개거래","인천 계양구"
"2026","11650","서초구","10200","양재동","1","대지","0275","0006","삼호물산빌딩","20260108","40500","82.08","107.260000","17","","","1991","오피스텔","중개거래","서울 서초구"
"2026","11380","은평구","10700","응암동","1","대지","0764","0000","백련산힐스테이트4차","20260108","89500","59.98","0.000000","15","","","2018","아파트","중개거래","서울 은평구"
"2026","11740","강동구","10900","천호동","1","대지","0339","0021","삼성베스트빌","20260108","31500","27.81","19.000000","4","","","2017","연립다세대","직거래",""
"2026","11740","강동구","10800","성내동","1","대지","0386","0082","비앤비(102동)","20260108","70000","84.48","0.000000","3","","","2003","아파트","중개거래","서울 강동구"
"2026","11680","강남구","10500","삼성동","1","대지","0126","0000","삼성파크","20260108","233000","107.38","0.000000","5","","","2001","아파트","중개거래","서울 강남구"
"2026","11620","관악구","10100","봉천동","1","대지","0875","0001","봉천동 875-1 제2종근린생활시설 (이종복)","20260108","15000","30.92","41.880000","4","","","1998","오피스텔","중개거래","서울 관악구"
"2026","11470","양천구","10100","신정동","1","대지","0329","0000","목동신시가지14","20260108","203000","74.19","0.000000","1","","","1987","아파트","중개거래","서울 양천구"
"2026","11320","도봉구","10600","방학동","1","대지","0743","0000","북한산청호아파트","20260108","48600","55.67","0.000000","2","","","2022","아파트","직거래",""
"2026","11470","양천구","10200","목동","1","대지","0717","0052","미성빌라","20260108","25000","37.84","24.000000","4","","","1992","연립다세대","중개거래","서울 양천구"
"2026","11470","양천구","10100","신정동","1","대지","0326","0000","목동신시가지12","20260108","180000","56.76","0.000000","2","","","1988","아파트","중개거래","서울 동대문구, 서울 동작구"
"2026","11200","성동구","10900","금호동1가","1","대지","0633","0000","벽산","20260108","169800","84.82","0.000000","1","","","2001","아파트","중개거래","서울 성동구"
"2026","11350","노원구","10500","상계동","1","대지","0691","0000","상계주공7(고층)","20260108","64100","49.94","0.000000","5","","","1988","아파트","중개거래","서울 노원구"
"2026","11500","강서구","10300","화곡동","1","대지","0421","0003","복지하이츠빌라A","20260108","24500","59.83","29.000000","2","","","1991","연립다세대","중개거래","서울 강서구"
"2026","11710","송파구","10800","문정동","1","대지","0145","0000","문정시영","20260108","102000","46.26","0.000000","9","","","1989","아파트","중개거래","서울 송파구"
"2026","11470","양천구","10100","신정동","1","대지","1279","0000","목동현대3차","20260108","175000","84.77","0.000000","14","","","1997","아파트","중개거래","서울 양천구"
"2026","11350","노원구","10500","상계동","1","대지","0730","0002","상계주공3(고층)","20260108","70000","60.5","0.000000","2","","","1987","아파트","중개거래","서울 노원구"
"2026","11560","영등포구","11000","여의도동","1","대지","0525","0000","브라이튼 여의도","20260108","80000","29.56","46.910000","27","","","2023","오피스텔","중개거래","서울 영등포구"
"2026","11710","송파구","11200","오금동","1","대지","0165","0000","상아2차아파트","20260108","145000","60","0.000000","11","","","1988","아파트","중개거래","서울 송파구"
"2026","11500","강서구","10600","내발산동","1","대지","0711","0016","우영채움빌","20260108","19500","28","19.000000","5","","","2019","연립다세대","중개거래","서울 강서구"
"2026","11710","송파구","10900","장지동","1","대지","0857","0000","송파파인타운13단지","20260108","179000","84.9","0.000000","4","","","2011","아파트","중개거래","서울 송파구"
"2026","11170","용산구","12200","문배동","1","대지","0011","0029","이안용산1차(103동)","20260108","137000","84.67","0.000000","5","","","2005","아파트","중개거래","서울 용산구"
"2026","11320","도봉구","10600","방학동","1","대지","0271","0001","신동아아파트1","20260108","37500","53.16","0.000000","10","","","1986","아파트","중개거래","서울 도봉구"
"2026","11410","서대문구","11700","연희동","1","대지","0699","0000","오성빌라연립주택","20260108","50350","59.76","76.000000","3","","","1992","연립다세대","중개거래","서울 강남구, 서울 서대문구"
"2026","11320","도봉구","10700","창동","1","대지","0661","0055","스마트트라움","20260108","15000","16.42","0.000000","10","","","2021","아파트","중개거래","서울 도봉구"
"2026","11170","용산구","13600","보광동","1","대지","0448","0000","신동아1","20260108","414000","84.93","0.000000","13","","","1992","아파트","중개거래","서울 용산구"
"2026","11305","강북구","10100","미아동","1","대지","1353","0000","에스케이북한산시티","20260108","66000","84.71","0.000000","3","","","2004","아파트","중개거래","서울 강북구"
"2026","11170","용산구","11100","청파동3가","1","대지","0080","0006","용산 다올 노블리움","20260108","20440","18.09","24.710000","9","","","2020","오피스텔","중개거래","서울 용산구"
"2026","11380","은평구","10700","응암동","1","대지","0125","0011","아우르미","20260108","30000","50.46","56.000000","7","","","2019","오피스텔","중개거래","서울 서대문구"
"2026","11320","도봉구","10600","방학동","1","대지","0271","0001","신동아아파트1","20260108","47500","70.62","0.000000","7","","","1986","아파트","중개거래","서울 도봉구"
"2026","11470","양천구","10200","목동","1","대지","0324","0097","신한목동펠리스","20260108","35500","29.34","18.000000","3","","","2022","연립다세대","중개거래","서울 강서구"
"2026","11110","종로구","17500","숭인동","1","대지","0895","0000","월드타운","20260108","22500","35.98","13.000000","1","","","2002","연립다세대","직거래",""
"2026","11560","영등포구","11800","도림동","1","대지","0057","0000","영광빌라","20260108","49800","20.1","21.000000","4","","","2021","연립다세대","중개거래","서울 영등포구"
"2026","11650","서초구","10600","잠원동","1","대지","0076","0000","씨티21","20260108","51000","26.46","35.590000","3","","","1988","오피스텔","중개거래","서울 서초구"
"2026","11560","영등포구","12900","양평동5가","1","대지","0076","0000","양평한신","20260108","135000","84.87","0.000000","13","","","1996","아파트","중개거래","서울 영등포구"
"2026","11560","영등포구","13200","신길동","1","대지","0261","0022","신길레전드힐스","20260108","9800","13.49","0.000000","17","","","2013","아파트","중개거래","서울 영등포구"
"2026","11260","중랑구","10600","신내동","1","대지","0650","0000","신내6대주","20260108","51200","49.77","0.000000","4","","","1996","아파트","중개거래","서울 중랑구"
"2026","11560","영등포구","10100","영등포동","1","대지","0648","0000","순영웰라이빌","20260108","86500","84.88","0.000000","6","","","2002","아파트","중개거래","서울 영등포구"
"2026","11200","성동구","10200","하왕십리동","1","대지","1071","0000","왕십리자이","20260108","142000","51.91","0.000000","6","","","2017","아파트","중개거래","서울 성동구"
"2026","11260","중랑구","10100","면목동","1","대지","1549","0000","용마산모아엘가파크포레","20260108","85000","84.9","0.000000","5","","","2023","아파트","중개거래","서울 중랑구"
"2026","11350","노원구","10200","월계동","1","대지","0951","0000","월계센트럴아이파크","20260108","95000","59.99","0.000000","20","","","2020","아파트","중개거래","서울 노원구, 서울 성북구"
"2026","11305","강북구","10100","미아동","1","대지","1363","0000","수유지웰에스테이트","20260108","9000","15.885","13.000000","2","","","2015","연립다세대","중개거래","서울 강북구"
"2026","11710","송파구","10900","장지동","1","대지","0901","0000","위례24단지(꿈에그린)","20260108","166000","59.63","0.000000","2","","","2013","아파트","중개거래","서울 송파구"
"2026","11620","관악구","10200","신림동","1","대지","0094","0208","엘리젠트오피스텔","20260108","10100","22.7","31.110000","8","","","2004","오피스텔","중개거래","서울 관악구"
"2026","11290","성북구","13800","장위동","1","대지","0231","0172","유진빌라","20260108","20000","55.28","30.000000","4","","","1996","연립다세대","직거래",""
"2026","11560","영등포구","13300","대림동","1","대지","0777","0001","신동아","20260108","50000","53.37","0.000000","9","","","1987","아파트","중개거래","서울 영등포구"
"2026","11470","양천구","10200","목동","1","대지","0716","0022","에덴하이츠빌라B동","20260108","7000","34.49","26.000000","-1","","","1988","연립다세대","중개거래","서울 양천구"
"2026","11290","성북구","10300","돈암동","1","대지","0636","0000","이수브라운스톤돈암","20260108","82000","59.99","0.000000","9","","","2004","아파트","중개거래","서울 성북구"
"2026","11740","강동구","10900","천호동","1","대지","0362","0038","수연리치빌","20260108","45000","41.36","24.000000","3","","","2018","연립다세대","중개거래","서울 강동구"
"2026","11290","성북구","10300","돈암동","1","대지","0636","0000","이수브라운스톤돈암","20260108","85500","84.97","0.000000","1","","","2004","아파트","중개거래","서울 성북구"
"2026","11530","구로구","10800","오류동","1","대지","0033","0033","예성 라온팰리스","20260108","43800","93.78","124.320000","14","","","2007","오피스텔","중개거래","서울 구로구"
"2026","11260","중랑구","10100","면목동","1","대지","1073","0000","용마한신2","20260108","78700","84.51","0.000000","17","","","1998","아파트","중개거래","서울 중랑구"
"2026","11350","노원구","10300","공릉동","1","대지","0756","0000","신성미소지움아파트","20260108","68500","84.996","0.000000","10","","","2004","아파트","중개거래","서울 노원구"
"2026","11260","중랑구","10600","신내동","1","대지","0650","0000","신내6대주","20260108","53000","49.77","0.000000","6","","","1996","아파트","중개거래","서울 중랑구"
"2026","11710","송파구","11400","마천동","1","대지","0582","0000","송파파크데일1단지","20260108","148500","114.84","0.000000","2","","","2011","아파트","중개거래","서울 송파구"
"2026","11470","양천구","10100","신정동","1","대지","0325","0000","목동신시가지11","20260108","164000","51.48","0.000000","12","","","1988","아파트","중개거래","서울 양천구"
"2026","11440","마포구","12500","성산동","1","대지","0036","0037","대현하이빌","20260108","46500","75.6","35.000000","3","","","2004","연립다세대","중개거래","서울 마포구"
"2026","11650","서초구","10600","잠원동","1","대지","0031","0015","더원아트빌","20260108","37000","29.63","18.000000","3","","","2015","연립다세대","중개거래","서울 강남구"
"2026","11740","강동구","10600","둔촌동","1","대지","0051","0002","더존스테이51","20260108","50800","43.36","25.000000","3","","","2022","연립다세대","중개거래","서울 강동구"
"2026","11290","성북구","13900","석관동","1","대지","0332","0414","더펜트500","20260108","38500","29.63","28.000000","4","","","2023","연립다세대","중개거래","서울 성북구"
"2026","11710","송파구","11300","거여동","1","대지","0002","0009","더휴가","20260108","33500","38.69","20.000000","4","","","2018","연립다세대","중개거래","서울 강서구"
"2026","11560","영등포구","11500","당산동5가","1","대지","0008","0000","데시앙루브 오피스텔","20260108","21300","28.24","39.530000","4","","","2014","오피스텔","중개거래","서울 마포구, 서울 영등포구"
"2026","11290","성북구","10300","돈암동","1","대지","0015","0001","돈암동삼성","20260108","84000","114.66","0.000000","6","","","1999","아파트","중개거래","서울 성북구"
"2026","11230","동대문구","10500","답십리동","1","대지","0042","0000","동답한신","20260108","59000","59.22","0.000000","15","","","1992","아파트","중개거래","서울 동대문구"
"2026","11140","중구","16300","흥인동","1","대지","0119","0000","동대문와이즈캐슬","20260108","14700","15.55","0.000000","11","","","2014","아파트","중개거래","서울 종로구, 서울 중구"
"2026","11290","성북구","13300","정릉동","1","대지","0316","0009","동성빌라","20260108","16800","55.05","39.000000","2","","","1998","연립다세대","중개거래","서울 성북구"
"2026","11500","강서구","10100","염창동","1","대지","0258","0001","동아3","20260108","126000","84.87","0.000000","5","","","1999","아파트","중개거래","서울 강서구"
"2026","11290","성북구","12800","보문동6가","1","대지","0035","0001","동양빌라트A동","20260108","35500","84.9","53.000000","4","","","1998","연립다세대","중개거래","서울 종로구"
"2026","11440","마포구","12600","중동","1","대지","0395","0000","동원월드타운","20260108","90000","118.085","0.000000","10","","","2004","아파트","중개거래","서울 마포구"
"2026","11740","강동구","10900","천호동","1","대지","0414","0000","두산위브센티움","20260108","17000","31.37","0.000000","7","","","2004","아파트","중개거래","서울 강동구"
"2026","11110","종로구","12400","수송동","1","대지","0058","0000","두산위브파빌리온","20260108","65000","72.21","96.860000","5","","","2004","오피스텔","중개거래","서울 종로구"
"2026","11740","강동구","10800","성내동","1","대지","0607","0000","라움포레","20260108","82900","58.2","0.000000","7","","","2020","아파트","중개거래","서울 강동구"
"2026","11290","성북구","13400","길음동","1","대지","1288","0000","래미안길음센터피스","20260108","135500","59.97","0.000000","9","","","2019","아파트","중개거래","서울 강북구, 서울 성북구"
"2026","11410","서대문구","12000","남가좌동","1","대지","0379","0000","래미안남가좌2차","20260108","107000","59.788","0.000000","9","","","2005","아파트","중개거래","서울 서대문구, 서울 용산구"
"2026","11290","성북구","13500","종암동","1","대지","0134","0000","래미안라센트","20260108","94000","59.98","0.000000","1","","","2011","아파트","중개거래","서울 성북구"
"2026","11380","은평구","10200","녹번동","1","대지","0283","0000","래미안베라힐즈","20260108","132000","84.95","0.000000","4","","","2019","아파트","중개거래","서울 은평구"
"2026","11650","서초구","10800","서초동","1","대지","1445","0004","래미안서초유니빌","20260108","51000","45.255","0.000000","12","","","2003","아파트","중개거래","서울 강남구, 서울 서초구"
"2026","11230","동대문구","10500","답십리동","1","대지","1003","0000","래미안위브","20260108","147000","59.99","0.000000","2","","","2014","아파트","중개거래","서울 동대문구"
"2026","11305","강북구","10100","미아동","1","대지","0813","0000","래미안트리베라1단지","20260108","93500","84.97","0.000000","11","","","2010","아파트","중개거래","서울 강북구"
"2026","11305","강북구","10100","미아동","1","대지","0813","0000","래미안트리베라1단지","20260108","92500","84.97","0.000000","15","","","2010","아파트","중개거래","서울 강북구"
"2026","11500","강서구","10300","화곡동","1","대지","0869","0009","로빈하우스","20260108","23500","41.33","27.000000","2","","","2018","연립다세대","직거래",""
"2026","11260","중랑구","10200","상봉동","1","대지","0190","0049","로얄팰리스","20260108","41500","27.48","17.000000","3","","","2020","연립다세대","중개거래","서울 강북구"
"2026","11620","관악구","10200","신림동","1","대지","0094","0204","로얄팰리스","20260108","30500","41.32","32.000000","3","","","2016","연립다세대","중개거래","서울 관악구"
"2026","11620","관악구","10200","신림동","1","대지","0094","0204","로얄팰리스","20260108","30500","41.32","32.000000","2","","","2016","연립다세대","중개거래","서울 관악구"
"2026","11530","구로구","10200","구로동","1","대지","0097","0000","로제리움2차","20260108","13000","14.91","0.000000","15","","","2014","아파트","직거래",""
"2026","11650","서초구","10100","방배동","1","대지","0987","0001","롯데아파트","20260108","200000","206.87","0.000000","9","","","1998","아파트","중개거래","서울 서초구"
"2026","11470","양천구","10300","신월동","1","대지","1063","0000","롯데캐슬","20260108","110000","84.984","0.000000","13","","","2014","아파트","중개거래","서울 양천구"
"2026","11200","성동구","11500","성수동2가","1","대지","0835","0000","롯데캐슬파크","20260108","202000","84.686","0.000000","3","","","2003","아파트","중개거래","서울 성동구"
"2026","11110","종로구","12600","종로1가","1","대지","0024","0000","르메이에르종로타운1","20260108","25000","36.23","48.310000","10","","","2007","오피스텔","중개거래","서울 종로구"
"2026","11470","양천구","10300","신월동","1","대지","0500","0021","리슈리안","20260108","50000","52.74","0.000000","7","","","2015","아파트","중개거래","서울 양천구"
"2026","11500","강서구","10400","가양동","1","대지","0275","0018","마곡파크뷰비동","20260108","15000","28.89","37.210000","6","","20260109","2017","오피스텔","중개거래","서울 강서구"
"2026","11500","강서구","10400","가양동","1","대지","0275","0018","마곡파크뷰비동","20260108","15000","28.89","37.210000","6","","","2017","오피스텔","중개거래","서울 강서구"
"2026","11680","강남구","10500","삼성동","1","대지","0158","0010","마젤란21아스테리움","20260108","140000","89.03","111.050000","5","","","2006","오피스텔","중개거래","서울 강남구"
"2026","11560","영등포구","11000","여의도동","1","대지","0013","0021","맨하탄21리빙텔","20260108","19350","36.54","36.540000","10","","","2001","오피스텔","중개거래","서울 영등포구"
"2026","11470","양천구","10300","신월동","1","대지","0943","0005","명지주택(2차가동)","20260108","21000","41.01","27.000000","1","","","1988","연립다세대","중개거래","서울 양천구"
"2026","11470","양천구","10300","신월동","1","대지","1077","0000","목동센트럴아이파크위브3단지","20260108","129000","84.98","0.000000","10","","","2020","아파트","중개거래","서울 양천구"
"2026","11470","양천구","10200","목동","1","대지","0901","0000","목동신시가지1","20260108","232500","66","0.000000","7","","","1985","아파트","중개거래","서울 양천구"
"2026","11470","양천구","10100","신정동","1","대지","0311","0000","목동신시가지10","20260108","237000","70.2","0.000000","11","","","1987","아파트","중개거래","서울 양천구"
"2026","11380","은평구","10500","구산동","1","대지","0316","0005","효진빌라","20260108","13800","37.92","18.000000","2","","","1994","연립다세대","중개거래","서울 은평구"
"2026","11740","강동구","10100","명일동","1","대지","0257","0000","고덕주공9","20260108","169500","83.52","0.000000","1","","","1985","아파트","중개거래","서울 강동구"
"2026","11410","서대문구","11100","홍제동","1","대지","0312","0092","남일하이츠빌라","20260108","27000","59.7","36.000000","2","","","1991","연립다세대","직거래",""
"2026","11440","마포구","10400","도화동","1","대지","0571","0000","나눔빌딩","20260108","27000","29.12","38.247600","19","","","2015","오피스텔","중개거래","서울 마포구"
"2026","11530","구로구","10200","구로동","1","대지","1265","0000","구로두산","20260108","63000","63.33","0.000000","9","","","1998","아파트","중개거래","서울 구로구"
"2026","11470","양천구","10200","목동","1","대지","0532","0013","대성빌라","20260108","32000","49.54","30.000000","2","","","1993","연립다세대","중개거래","서울 양천구"
"2026","11680","강남구","11100","세곡동","1","대지","0616","0000","강남 드림하이 오피스텔","20260108","43500","42.46","60.590000","7","","","2018","오피스텔","중개거래","서울 강남구"
"2026","11590","동작구","10200","상도동","1","대지","0299","0011","혜림주택","20260108","36000","67.81","32.000000","4","","","2001","연립다세대","중개거래","서울 동작구"
"2026","11170","용산구","10800","서계동","1","대지","0033","0014","현대빌라(33-14)","20260108","85000","38.86","32.000000","-1","","","1989","연립다세대","중개거래","서울 마포구, 서울 용산구"
"2026","11215","광진구","10700","화양동","1","대지","0116","0002","화양동동도센트리움캠퍼스파크","20260108","20000","15.991","0.000000","10","","","2019","아파트","직거래",""
"2026","11470","양천구","10200","목동","1","대지","0499","0011","혜림주택(499-11)","20260108","32300","41.13","23.000000","3","","","2012","연립다세대","중개거래","서울 양천구"
"2026","11290","성북구","11300","삼선동3가","1","대지","0027","0026","대성빌라","20260108","30000","77.49","44.000000","2","","20260109","1993","연립다세대","중개거래","서울 성북구"
"2026","11350","노원구","10300","공릉동","1","대지","0408","0150","현대아트빌라(408-150)","20260108","8100","34.75","23.000000","-1","","","1993","연립다세대","중개거래","서울 중랑구"
"2026","11560","영등포구","12700","양평동3가","1","대지","0090","0001","거성파스텔","20260108","135000","84.99","0.000000","14","","","1999","아파트","중개거래","서울 영등포구"
"2026","11620","관악구","10200","신림동","1","대지","1703","0001","LIG대학마을(건영아파트3차)","20260108","70000","84.82","0.000000","4","","","1996","아파트","중개거래","서울 관악구"
"2026","11440","마포구","12400","연남동","","","","","","20260108","65000","43.02","47.000000","","","","1985","단독다가구","직거래",""
"2026","11200","성동구","10700","행당동","1","대지","0347","0000","대림e-편한세상","20260108","150000","59.96","0.000000","9","","","2000","아파트","중개거래","서울 성동구"
"2026","11680","강남구","10100","역삼동","1","대지","0708","0020","금천빌딩","20260108","19400","29.72","40.420000","9","","","2005","오피스텔","중개거래","서울 강남구"
"2026","11470","양천구","10200","목동","1","대지","0318","0086","대성로얄빌라","20260108","35500","76.68","43.000000","2","","","2002","연립다세대","중개거래","서울 양천구"
"2026","11290","성북구","13300","정릉동","1","대지","0202","0032","HK팰리스101동","20260108","18800","29.41","31.000000","4","","","2019","연립다세대","중개거래","서울 성북구"
"2026","11230","동대문구","10700","청량리동","1","대지","0199","0215","홍릉그린빌라","20260108","31500","64.31","33.000000","1","","","1998","연립다세대","중개거래","서울 동대문구"
"2026","11470","양천구","10200","목동","1","대지","0318","0085","다담","20260108","34200","36.04","34.000000","5","","","2018","연립다세대","중개거래","서울 동작구"
"2026","11110","종로구","14600","가회동","","","","","","20260108","225000","92.56","166.000000","","","","1911","단독다가구","중개거래","서울 종로구"
"2026","11230","동대문구","10600","장안동","1","대지","0373","0003","현대썬앤빌601","20260108","10400","21.03","30.083000","5","","","2015","오피스텔","중개거래","서울 동대문구"
"2026","11620","관악구","10100","봉천동","1","대지","1730","0001","e편한세상서울대입구2단지","20260108","142400","84.97","0.000000","9","","","2019","아파트","중개거래","서울 관악구"
"2026","11410","서대문구","12000","남가좌동","1","대지","0376","0000","남가좌동현대","20260108","75000","59.4","0.000000","1","","","1999","아파트","중개거래","서울 서대문구"
"2026","11380","은평구","10700","응암동","1","대지","0769","0000","녹번역e편한세상캐슬","20260108","145000","84.94","0.000000","9","","","2021","아파트","중개거래","서울 은평구"
"2026","11620","관악구","10100","봉천동","1","대지","1712","0000","관악드림(삼성)","20260108","105000","84.96","0.000000","4","","","2003","아파트","중개거래","서울 관악구"
"2026","11560","영등포구","11500","당산동5가","1","대지","0012","0000","당산효성1차","20260108","155000","59.85","0.000000","8","","","1999","아파트","중개거래","서울 마포구, 서울 영등포구"
"2026","11230","동대문구","10500","답십리동","1","대지","0530","0015","현대썬앤빌청계","20260108","12500","14.82","0.000000","13","","","2016","아파트","중개거래","서울 동대문구"
"2026","11380","은평구","10600","대조동","1","대지","0088","0000","힐스테이트 메디알레","20260108","146585","84.47","0.000000","21","입주권","","0","아파트","중개거래","서울 은평구"
"2026","11410","서대문구","11100","홍제동","1","대지","0247","0019","홍일","20260108","36500","65.22","0.000000","2","","","1969","아파트","직거래",""
"2026","11305","강북구","10200","번동","1","대지","0181","0001","협성하이츠6차","20260108","18800","46.65","29.000000","1","","","1997","연립다세대","중개거래","서울 강북구, 서울 노원구"
"2026","11740","강동구","10900","천호동","1","대지","0337","0000","현대캐슬","20260108","43000","41.29","25.000000","3","","","2019","연립다세대","중개거래","서울 강동구"
"2026","11590","동작구","10200","상도동","1","대지","0202","0172","효성빌라","20260108","48800","40.63","26.000000","-1","","","1991","연립다세대","중개거래","서울 동작구"
"2026","11710","송파구","10400","송파동","1","대지","0031","0002","현대레이크빌","20260108","38800","48.19","65.140000","4","","","1999","오피스텔","중개거래","서울 송파구"
"2026","11230","동대문구","10700","청량리동","","","","","","20260108","95000","49.58","73.000000","","","","1980","단독다가구","중개거래","서울 동대문구, 서울 성동구"
"2026","11650","서초구","10300","우면동","1","대지","0057","0000","대림","20260108","206500","130.89","0.000000","15","","","1995","아파트","중개거래","서울 서초구"
"2026","11620","관악구","10200","신림동","1","대지","1735","0000","관악산휴먼시아2단지","20260108","60000","59.96","0.000000","12","","","2008","아파트","중개거래","서울 관악구"
"2026","11200","성동구","10400","도선동","","","","","","20260108","213000","443.99","174.000000","","","","1992","단독다가구","중개거래","서울 성동구"
"2026","11170","용산구","10900","청파동1가","","","","","","20260108","116500","100.55","92.000000","","","","1960","단독다가구","중개거래","서울 용산구"
"2026","11440","마포구","12400","연남동","","","","","","20260108","135000","221.32","109.000000","","","","1995","단독다가구","중개거래","서울 마포구"
"2026","11500","강서구","10200","등촌동","1","대지","0635","0006","나성","20260108","63800","59.826","0.000000","10","","","2003","아파트","중개거래","서울 강서구"
"2026","11740","강동구","10500","길동","1","대지","0414","0005","골드클래스","20260108","53000","59.14","0.000000","6","","","2022","아파트","중개거래","서울 강동구"
"2026","11260","중랑구","10100","면목동","1","대지","1281","0004","고암아트(A)","20260108","33000","66.4","37.000000","3","","","2002","연립다세대","중개거래","서울 중랑구"
"2026","11500","강서구","10300","화곡동","1","대지","0354","0054","화곡동복지","20260108","31000","53.94","0.000000","4","","20260120","1974","아파트","중개거래","서울 강서구"
"2026","11500","강서구","10300","화곡동","1","대지","0354","0054","화곡동복지","20260108","31000","53.94","0.000000","4","","","1974","아파트","중개거래","서울 강서구"
"2026","11710","송파구","10400","송파동","1","대지","0031","0002","현대레이크빌","20260108","38800","48.19","65.140000","4","","20260114","1999","오피스텔","중개거래","서울 송파구"
"2026","11740","강동구","10500","길동","1","대지","0392","0007","혜성빌라","20260108","24700","42.47","21.000000","2","","","2001","연립다세대","중개거래","서울 강동구"
"2026","11500","강서구","10400","가양동","1","대지","1475","0000","강변","20260108","74500","39.6","0.000000","5","","","1992","아파트","중개거래","경기 고양시 일산서구, 서울 강서구"
"2026","11380","은평구","11400","진관동","1","대지","0064","0000","힐데스하임","20260108","45000","39.3","0.000000","11","","","2017","아파트","중개거래","서울 종로구"
"2026","11560","영등포구","11300","당산동3가","1","대지","0563","0000","당산어울림2차","20260108","123000","84.965","0.000000","13","","","2009","아파트","중개거래","서울 영등포구"
"2026","11410","서대문구","11800","홍은동","1","대지","0188","0090","(188-90)","20260108","11500","32.22","17.000000","3","","","1986","연립다세대","중개거래","서울 서대문구"
"2026","11305","강북구","10200","번동","1","대지","0234","0000","주공4단지","20260108","39000","44.89","0.000000","3","","","1991","아파트","중개거래","서울 강북구, 서울 노원구"
"2026","11110","종로구","17400","창신동","1","대지","0703","0000","창신쌍용2","20260108","65000","54.7","0.000000","12","","","1993","아파트","중개거래","서울 종로구"
"2026","11710","송파구","10100","잠실동","1","대지","0239","0011","(239-11)","20260108","56000","50.07","27.000000","3","","","2003","연립다세대","중개거래","서울 송파구"
"2026","11710","송파구","10700","가락동","1","대지","0197","0008","정원빌리지비동","20260108","47000","46.38","27.000000","5","","","2018","연립다세대","중개거래","서울 송파구"
"2026","11650","서초구","10200","양재동","1","대지","0275","0003","트윈타워","20260108","13000","24.07","24.070000","9","","","1991","오피스텔","중개거래","서울 서초구"
"2026","11230","동대문구","10200","용두동","1","대지","0255","0058","창보리버리치","20260108","16000","20.46","32.697500","4","","","2019","오피스텔","중개거래","서울 동대문구"
"2026","11470","양천구","10300","신월동","1","대지","0244","0007","정안빌라(가)","20260108","14000","36.75","26.000000","1","","","1990","연립다세대","중개거래","서울 양천구"
"2026","11350","노원구","10300","공릉동","1","대지","0513","0031","진흥주택","20260108","23000","50.09","25.000000","1","","","1996","연립다세대","중개거래","서울 노원구"
"2026","11290","성북구","13800","장위동","1","대지","0233","0599","진성맨션","20260108","39500","45.54","19.000000","4","","","1997","연립다세대","중개거래","서울 성북구"
"2026","11260","중랑구","10500","망우동","1","대지","0495","0000","한일써너스빌리젠시2단지","20260108","95500","105.38","0.000000","17","","","2008","아파트","중개거래","경기 구리시, 서울 중랑구"
"2026","11260","중랑구","10100","면목동","1","대지","0116","0002","하이원팰리스","20260108","28900","44.77","52.150000","5","","","2019","오피스텔","직거래",""
"2026","11590","동작구","10200","상도동","1","대지","0294","0080","주원베르빌102","20260108","40700","29.38","21.000000","3","","","2018","연립다세대","중개거래","서울 동작구"
"2026","11590","동작구","10200","상도동","1","대지","0294","0080","주원베르빌102","20260108","40700","29.38","21.000000","3","","20260115","2018","연립다세대","중개거래","서울 동작구"
"2026","11380","은평구","10800","역촌동","1","대지","0080","0018","장원베스트빌(80-18)","20260108","28000","37.5","23.000000","5","","","2015","연립다세대","중개거래","서울 은평구"
"2026","11740","강동구","10900","천호동","1","대지","0337","0088","(337-88)","20260108","55000","42.05","28.000000","2","","","2016","연립다세대","중개거래","서울 강동구"
"2026","11350","노원구","10600","중계동","1","대지","0512","0000","중계무지개","20260108","64500","59.26","0.000000","8","","","1991","아파트","중개거래","서울 강남구, 서울 노원구"
"2026","11710","송파구","11400","마천동","1","대지","0043","0003","(43-3)","20260108","66000","37.62","19.000000","1","","","1991","연립다세대","중개거래","서울 송파구"
"2026","11350","노원구","10500","상계동","1","대지","0680","0000","포레나노원","20260108","94000","59.99","0.000000","6","","","2020","아파트","중개거래","서울 노원구"
"2026","11350","노원구","10600","중계동","1","대지","0360","0002","청구3","20260108","133500","84.77","0.000000","7","","","1996","아파트","중개거래","서울 노원구"
"2026","11710","송파구","11100","방이동","1","대지","0041","0001","잠실파크웨이","20260108","19000","19.128","34.090600","7","","","2019","오피스텔","중개거래","서울 송파구"
"2026","11350","노원구","10400","하계동","1","대지","0276","0005","청구하계201","20260108","71000","134.36","139.000000","1","","","1996","연립다세대","중개거래","서울 노원구"
"2026","11710","송파구","10200","신천동","1","대지","0011","0009","한신잠실코아","20260108","135000","41.99","0.000000","10","","","1988","아파트","중개거래","서울 송파구"
"2026","11440","마포구","12500","성산동","1","대지","0021","0029","자슬린하우스(21-29)","20260108","69800","59.79","38.000000","4","","","2021","연립다세대","직거래",""
"2026","11290","성북구","10300","돈암동","1","대지","0524","0000","일신건영휴먼빌아파트","20260108","85000","117.16","0.000000","1","","","2005","아파트","중개거래","서울 성북구"
"2026","11710","송파구","11100","방이동","1","대지","0227","0001","인택스파크텔,인택스파크빌","20260108","9000","16.68","23.360000","3","","","2002","오피스텔","중개거래","서울 송파구"
"2026","11740","강동구","10700","암사동","1","대지","0482","0009","한강하이빌(482-9)","20260108","30000","38.34","21.000000","3","","","2011","연립다세대","중개거래","서울 강동구"
"2026","11710","송파구","10700","가락동","1","대지","0004","0006","(4-6)","20260108","30000","48.27","23.000000","2","","","2002","연립다세대","중개거래","서울 송파구"
"2026","11260","중랑구","10300","중화동","1","대지","0450","0000","한신아파트상가동유치원동(103~109)","20260108","78000","84.87","0.000000","1","","","1997","아파트","중개거래","서울 중랑구"
"2026","11230","동대문구","10200","용두동","1","대지","0795","0000","이편한세상청계센트럴포레","20260108","155000","59.96","0.000000","14","","","2021","아파트","중개거래","서울 동대문구"
"2026","11260","중랑구","10300","중화동","1","대지","0450","0000","한신아파트상가동유치원동(103~109)","20260108","71500","59.76","0.000000","5","","","1997","아파트","중개거래","서울 중랑구"
"2026","11740","강동구","10800","성내동","1","대지","0030","0002","현대","20260108","99000","59.36","0.000000","4","","","1987","아파트","중개거래","서울 강동구, 서울 송파구"
"2026","11740","강동구","10500","길동","1","대지","0477","0000","이편한세상강동에코포레","20260108","159700","84.97","0.000000","8","","","2020","아파트","중개거래","서울 강동구"
"2026","11305","강북구","10200","번동","1","대지","0138","0000","한솔솔파크","20260108","65000","84.88","0.000000","9","","","2005","아파트","중개거래","서울 강북구, 서울 중랑구"
"2026","11620","관악구","10100","봉천동","1","대지","0041","0109","(41-109)","20260108","26000","35.19","19.000000","2","","","1992","연립다세대","중개거래","서울 관악구"
"2026","11320","도봉구","10700","창동","1","대지","0027","0000","주공19단지(창동리버타운)","20260108","80000","61.52","0.000000","9","","","1988","아파트","중개거래","경기 용인시 수지구, 서울 도봉구"
"2026","11560","영등포구","13300","대림동","1","대지","0785","0000","현대2","20260108","77800","84.74","0.000000","15","","","1992","아파트","중개거래","서울 영등포구"
"2026","11320","도봉구","10700","창동","1","대지","0038","0000","주공17단지","20260108","33500","41.3","0.000000","4","","","1989","아파트","중개거래","서울 도봉구"
"2026","11545","금천구","10200","독산동","1","대지","1093","0004","한신아파트","20260108","68000","89.46","0.000000","12","","","1991","아파트","중개거래","서울 금천구"
"2026","11560","영등포구","12800","양평동4가","1","대지","0218","0001","코쿤하우스","20260108","15000","16.85","9.000000","2","","","2011","연립다세대","중개거래","서울 영등포구"
"2026","11305","강북구","10200","번동","1","대지","0139","0000","해모로아파트","20260108","60000","84.93","0.000000","8","","","2003","아파트","중개거래","서울 강북구"
"2026","11470","양천구","10200","목동","1","대지","0324","0026","천안빌라","20260108","21000","44.13","27.000000","4","","","1993","연립다세대","중개거래","서울 양천구"
"2026","11350","노원구","10500","상계동","1","대지","1262","0000","하이베라스","20260108","15500","39.29","48.000000","5","","","2003","오피스텔","중개거래","서울 노원구"
"2026","11470","양천구","10100","신정동","1","대지","0319","0026","젠트리빌 업무복합시설","20260108","69500","59.24","81.550000","5","","","2023","오피스텔","직거래",""
"2026","11470","양천구","10200","목동","1","대지","0504","0011","DH프라임","20260108","24000","17.25","10.000000","6","","","2015","연립다세대","중개거래","서울 양천구"
"2026","11410","서대문구","10600","천연동","1","대지","0145","0000","천연뜨란채","20260108","95000","57.78","0.000000","2","","","2006","아파트","중개거래","서울 서대문구"
"2026","11440","마포구","12400","연남동","1","대지","0487","0030","지우샤인빌","20260108","64500","29.89","35.000000","2","","","2022","연립다세대","중개거래","서울 마포구"
"2026","11500","강서구","10900","방화동","1","대지","0609","0148","정현센스빌","20260108","79500","62.88","32.000000","3","","","2002","연립다세대","직거래",""
"2026","11710","송파구","10100","잠실동","1","대지","0236","0008","(236-8)","20260107","50500","42.17","23.000000","3","","","2002","연립다세대","중개거래","서울 송파구"
"2026","11320","도봉구","10600","방학동","1","대지","0731","0000","한화성원아파트","20260107","36000","59.88","0.000000","13","","","1996","아파트","중개거래","서울 도봉구"
"2026","11410","서대문구","10600","천연동","1","대지","0145","0000","천연뜨란채","20260107","85000","55.85","0.000000","7","","","2006","아파트","직거래",""
"2026","11230","동대문구","10600","장안동","1","대지","0132","0015","(132-15)","20260107","22900","17.48","11.000000","2","","","2012","연립다세대","중개거래","서울 영등포구, 인천 연수구"
"2026","11590","동작구","10200","상도동","1","대지","0521","0000","포스코더샵","20260107","160000","59.99","0.000000","6","","","2007","아파트","중개거래","서울 동작구"
"2026","11530","구로구","11200","항동","1","대지","0237","0000","하버라인2단지","20260107","68000","59.86","0.000000","9","","","2019","아파트","중개거래","서울 구로구"
"2026","11470","양천구","10200","목동","1","대지","0959","0000","정은스카이빌(959)","20260107","70800","68.18","0.000000","7","","","2006","아파트","중개거래","서울 양천구"
"2026","11350","노원구","10600","중계동","1","대지","0606","0000","한화꿈에그린TheFIRST","20260107","101500","84.97","0.000000","17","","","2014","아파트","중개거래","서울 노원구"
"2026","11650","서초구","10800","서초동","1","대지","1432","0008","(1432-8)","20260107","34200","36.9","19.000000","4","","","2016","연립다세대","중개거래","서울 서초구"
"2026","11140","중구","16200","신당동","1","대지","0845","0000","한진해모로","20260107","94000","59.76","0.000000","5","","","2001","아파트","중개거래","서울 성동구"
"2026","11710","송파구","11100","방이동","1","대지","0050","0003","잠실 리버리치","20260107","39453","27.41","38.470000","4","","","2023","오피스텔","중개거래","서울 송파구"
"2026","11350","노원구","10400","하계동","1","대지","0274","0000","청솔(시영7)","20260107","40000","39.78","0.000000","6","","","1989","아파트","중개거래","경기 구리시, 서울 노원구"
"2026","11350","노원구","10200","월계동","1","대지","0018","0000","한진한화그랑빌","20260107","96750","84.97","0.000000","19","","","2002","아파트","중개거래","서울 노원구"
"2026","11710","송파구","10700","가락동","1","대지","0098","0007","(98-7)","20260107","15900","35.24","45.750000","4","","","1990","오피스텔","중개거래","서울 도봉구, 서울 송파구"
"2026","11410","서대문구","11900","북가좌동","1","대지","0481","0000","DMC래미안e편한세상","20260107","168000","120.95","0.000000","15","","","2012","아파트","중개거래","서울 서대문구"
"2026","11215","광진구","10300","구의동","1","대지","0257","0056","(257-56)","20260107","57500","57.52","30.000000","4","","","2002","연립다세대","중개거래","서울 광진구"
"2026","11110","종로구","16700","충신동","1","대지","0083","0000","지오지안 대학로","20260107","40741","20.46","20.970000","9","","","2023","오피스텔","직거래",""
"2026","11350","노원구","10600","중계동","1","대지","0576","0000","현대(3차)","20260107","62000","66.47","0.000000","8","","","1992","아파트","중개거래","서울 노원구"
"2026","11290","성북구","13300","정릉동","1","대지","0266","0452","(266-452)","20260107","10800","16.29","10.000000","2","","","2012","연립다세대","중개거래","서울 성북구"
"2026","11350","노원구","10300","공릉동","1","대지","0758","0000","태릉해링턴플레이스","20260107","111000","84.98","0.000000","2","","","2022","아파트","중개거래","서울 노원구"
"2026","11530","구로구","10700","개봉동","1","대지","0476","0000","한마을","20260107","85000","84.57","0.000000","2","","","1999","아파트","중개거래","서울 구로구"
"2026","11710","송파구","10200","신천동","1","대지","0017","0000","파크리오","20260107","275000","59.86","0.000000","21","","","2008","아파트","중개거래","서울 송파구"
"2026","11710","송파구","10200","신천동","1","대지","0017","0000","파크리오","20260107","303800","84.9","0.000000","35","","","2008","아파트","중개거래","서울 송파구"
"2026","11170","용산구","10200","용산동2가","1","대지","0032","0011","(32-11)","20260107","90000","48","37.000000","1","","","1987","연립다세대","중개거래","서울 용산구"
"2026","11410","서대문구","11100","홍제동","1","대지","0460","0000","인왕산현대","20260107","110000","114.72","0.000000","14","","","2000","아파트","중개거래","서울 서대문구, 서울 종로구"
"2026","11590","동작구","10200","상도동","1","대지","0279","0060","이화빌라(279-60)","20260107","70000","66.93","32.000000","1","","","2001","연립다세대","중개거래","서울 동작구"
"2026","11590","동작구","10300","상도1동","1","대지","0333","0013","한양아트빌라","20260107","37000","56.46","26.000000","4","","","1996","연립다세대","중개거래","서울 동작구"
"2026","11710","송파구","10800","문정동","1","대지","0618","0000","파크하비오","20260107","20400","25.12","31.740000","16","","","null","오피스텔","중개거래","서울 송파구"
"2026","11320","도봉구","10700","창동","1","대지","0347","0000","창동주공3단지(해등마을)","20260107","67000","58.01","0.000000","12","","","1990","아파트","중개거래","서울 도봉구"
"2026","11530","구로구","10600","고척동","1","대지","0326","0000","청구","20260107","56300","59.94","0.000000","18","","","1999","아파트","중개거래","서울 구로구"
"2026","11350","노원구","10400","하계동","1","대지","0354","0000","학여울청구","20260107","92000","113.51","0.000000","17","","","1999","아파트","중개거래","서울 노원구"
"2026","11350","노원구","10600","중계동","1","대지","0502","0001","중계그린1단지","20260107","45800","39.91","0.000000","8","","","1990","아파트","중개거래","서울 노원구"
"2026","11320","도봉구","10500","쌍문동","1","대지","0054","0000","현대1","20260107","29500","44.55","0.000000","11","","","1990","아파트","중개거래","서울 도봉구"
"2026","11530","구로구","10200","구로동","1","대지","1132","0023","장미연립(1132-23)","20260107","8500","27.47","13.000000","2","","","1974","연립다세대","중개거래","경기 시흥시"
"2026","11530","구로구","10700","개봉동","1","대지","0476","0000","한마을","20260107","81300","59.57","0.000000","18","","","1999","아파트","중개거래","서울 구로구"
"2026","11530","구로구","10600","고척동","1","대지","0062","0080","진주빌라","20260107","17900","57.62","27.000000","1","","","1993","연립다세대","중개거래","경기 김포시, 서울 구로구"
"2026","11230","동대문구","10500","답십리동","1","대지","1002","0000","청계한신휴플러스","20260107","136300","73.96","0.000000","14","","","2010","아파트","중개거래","서울 동대문구"
"2026","11350","노원구","10300","공릉동","1","대지","0081","0000","태강아파트(아이파크)","20260107","56400","49.6","0.000000","8","","","1999","아파트","중개거래","서울 노원구"
"2026","11560","영등포구","13200","신길동","1","대지","4937","0000","포레나 신길","20260107","147000","84.58","0.000000","6","","","2008","아파트","중개거래","서울 영등포구"
"2026","11740","강동구","10700","암사동","1","대지","0496","0019","한신빌라","20260107","21500","34.01","33.000000","2","","","1990","연립다세대","중개거래","서울 강동구"
"2026","11350","노원구","10400","하계동","1","대지","0273","0000","장미(시영6)","20260107","64500","49.5","0.000000","7","","","1989","아파트","중개거래","서울 노원구"
"2026","11200","성동구","10700","행당동","1","대지","0346","0000","행당한진타운","20260107","164500","59.96","0.000000","22","","","2000","아파트","중개거래","서울 성동구"
"2026","11320","도봉구","10700","창동","1","대지","0347","0000","창동주공3단지(해등마을)","20260107","48000","41.3","0.000000","3","","","1990","아파트","중개거래","서울 도봉구"
"2026","11380","은평구","10100","수색동","1","대지","0372","0001","(372-1)","20260107","55000","25.92","17.000000","3","","","2010","연립다세대","직거래",""
"2026","11530","구로구","11200","항동","1","대지","0246","0000","항동제일풍경채포레스트","20260107","70000","84.661","0.000000","10","","","2020","아파트","중개거래","서울 구로구"
"2026","11710","송파구","10100","잠실동","1","대지","0019","0000","잠실엘스","20260107","330000","84.97","0.000000","6","","","2008","아파트","중개거래","서울 송파구, 서울 영등포구"
"2026","11545","금천구","10300","시흥동","1","대지","0990","0021","동부골든빌리지","20260107","15000","60.97","34.000000","-1","","","2001","연립다세대","중개거래","서울 금천구"
"2026","11500","강서구","10200","등촌동","1","대지","0533","0009","대아파크빌","20260107","34500","44.13","29.000000","4","","","2016","연립다세대","중개거래","서울 강서구, 서울 양천구"
"2026","11710","송파구","10300","풍납동","1","대지","0506","0000","동아한가람1","20260107","114000","84.38","0.000000","16","","","1995","아파트","중개거래","경기 하남시, 서울 송파구"
"2026","11470","양천구","10200","목동","1","대지","0901","0000","목동신시가지1","20260107","194000","51.48","0.000000","10","","","1985","아파트","중개거래","서울 양천구"
"2026","11470","양천구","10200","목동","1","대지","0318","0092","목동쉐르빌","20260107","29000","58.35","27.000000","2","","","2003","연립다세대","중개거래","서울 양천구"
"2026","11620","관악구","10200","신림동","1","대지","0520","0016","동신맨션","20260107","30000","69.48","32.000000","1","","","1994","연립다세대","직거래",""
"2026","11470","양천구","10200","목동","1","대지","0901","0000","목동신시가지1","20260107","227000","66","0.000000","1","","","1985","아파트","중개거래","서울 양천구"
"2026","11680","강남구","10100","역삼동","1","대지","0835","0068","롯데캐슬노블","20260107","257000","176.03","0.000000","8","","","2007","아파트","중개거래","서울 강남구"
"2026","11320","도봉구","10500","쌍문동","1","대지","0040","0001","만복(가,나)","20260107","9000","38.22","19.000000","3","","","1991","연립다세대","중개거래","서울 도봉구"
"2026","11650","서초구","10800","서초동","1","대지","1600","0007","동양라디안루키","20260107","11000","17.94","24.470000","14","","","2004","오피스텔","중개거래","서울 서초구"
"2026","11710","송파구","10100","잠실동","1","대지","0044","0000","레이크팰리스","20260107","400000","136.74","0.000000","22","","","2006","아파트","중개거래","서울 송파구"
"2026","11500","강서구","10500","마곡동","1","대지","0767","0004","롯데캐슬 르웨스트","20260107","157400","83.523","88.349100","10","","","2024","오피스텔","직거래",""
"2026","11140","중구","14800","을지로6가","1","대지","0048","0000","동원스위트을지","20260107","30100","35.22","44.460000","5","","","2019","오피스텔","중개거래","서울 중구"
"2026","11500","강서구","10200","등촌동","1","대지","0722","0000","등촌파밀리에더클래식101동","20260107","68500","49.77","0.000000","7","","","2020","아파트","중개거래","서울 강서구"
"2026","11560","영등포구","11000","여의도동","1","대지","0013","0021","맨하탄21리빙텔","20260107","20000","41.58","41.580000","4","","","2001","오피스텔","중개거래","서울 영등포구"
"2026","11500","강서구","10500","마곡동","1","대지","0740","0000","마곡엠밸리5단지","20260107","137000","84.92","0.000000","1","","","2014","아파트","중개거래","서울 강서구"
"2026","11380","은평구","10800","역촌동","1","대지","0043","0062","동인에버빌","20260107","25500","48.1","57.180000","2","","","2017","오피스텔","중개거래","서울 은평구"
"2026","11260","중랑구","10100","면목동","1","대지","0148","0006","로민하우스","20260107","30500","29.11","15.000000","6","","","2018","연립다세대","중개거래","서울 중랑구"
"2026","11500","강서구","10600","내발산동","1","대지","0756","0000","마곡수명산파크7단지","20260107","96000","84.53","0.000000","6","","","2008","아파트","중개거래","서울 강서구"
"2026","11740","강동구","10500","길동","1","대지","0365","0001","라인","20260107","90000","105.71","0.000000","17","","","1998","아파트","중개거래","서울 강동구"
"2026","11500","강서구","10500","마곡동","1","대지","0767","0004","롯데캐슬 르웨스트","20260107","156500","83.523","88.349100","8","","","2024","오피스텔","직거래",""
"2026","11170","용산구","12400","한강로1가","1","대지","0064","0000","대우월드마크용산","20260107","195000","96.645","0.000000","26","","","2007","아파트","중개거래","서울 용산구"
"2026","11470","양천구","10200","목동","1","대지","0956","0000","롯데캐슬위너","20260107","115000","59.98","0.000000","8","","","2005","아파트","중개거래","서울 양천구"
"2026","11320","도봉구","10700","창동","1","대지","0731","0046","매경 THE HILLS","20260107","17600","47.85","59.600000","4","","","2015","오피스텔","중개거래","서울 도봉구"
"2026","11410","서대문구","11000","북아현동","1","대지","1009","0000","두산","20260107","130000","59.96","0.000000","8","","","1999","아파트","중개거래","서울 서대문구, 인천 남동구"
"2026","11680","강남구","10600","대치동","1","대지","0063","0000","대치우성아파트1동,2동,3동,5동,6동,7동","20260107","429000","115.59","0.000000","14","","","1984","아파트","중개거래","서울 강남구"
"2026","11680","강남구","10100","역삼동","1","대지","0778","0013","더프라나역삼","20260107","69000","29.92","18.000000","4","","","2021","연립다세대","중개거래","서울 강남구, 서울 서초구"
"2026","11410","서대문구","10900","현저동","1","대지","0200","0000","독립문극동(200-0)","20260107","140500","102.45","0.000000","14","","","1998","아파트","중개거래","서울 서대문구"
"2026","11305","강북구","10300","수유동","1","대지","0482","0057","도암힐하우스","20260107","33900","42.1","29.000000","4","","","2024","연립다세대","직거래",""
"2026","11740","강동구","10200","고덕동","1","대지","0688","0000","래미안힐스테이트고덕","20260107","187000","59.35","0.000000","10","","","2016","아파트","중개거래","경기 하남시, 서울 강동구"
"2026","11320","도봉구","10700","창동","1","대지","0825","0000","북한산아이파크5차","20260107","111000","119.173","0.000000","14","","","2004","아파트","중개거래","서울 도봉구"
"2026","11350","노원구","10500","상계동","1","대지","0666","0000","상계주공10(고층)","20260107","51000","49.94","0.000000","2","","","1988","아파트","중개거래","서울 노원구"
"2026","11530","구로구","10600","고척동","1","대지","0334","0000","벽산","20260107","94000","84.878","0.000000","14","","","2003","아파트","중개거래","서울 구로구"
"2026","11350","노원구","10500","상계동","1","대지","0691","0000","상계주공7(고층)","20260107","50000","45.9","0.000000","7","","","1988","아파트","중개거래","서울 노원구"
"2026","11650","서초구","10100","방배동","1","대지","3001","0002","방배디오슈페리움Ⅰ","20260107","40000","37.03","54.010000","12","","20260123","2006","오피스텔","중개거래","서울 서초구"
"2026","11650","서초구","10100","방배동","1","대지","0849","0030","방배롯데캐슬로제","20260107","438000","172.27","0.000000","9","","","2009","아파트","중개거래","서울 서초구"
"2026","11650","서초구","10800","서초동","1","대지","1582","0003","서초센트럴IPARK","20260107","33000","24.755","38.641100","18","","","2020","오피스텔","중개거래","서울 서초구"
"2026","11650","서초구","10100","방배동","1","대지","3001","0002","방배디오슈페리움Ⅰ","20260107","40000","37.03","54.010000","12","","","2006","오피스텔","중개거래","서울 서초구"
"2026","11650","서초구","10900","내곡동","1","대지","0411","0000","서초더샵포레","20260107","195000","114.71","0.000000","16","","","2014","아파트","중개거래","서울 서초구"
"2026","11560","영등포구","11100","당산동1가","1","대지","0412","0000","선샤인팰리스","20260107","39500","29.23","12.000000","6","","","2022","연립다세대","중개거래","서울 영등포구"
"2026","11560","영등포구","11100","당산동1가","1","대지","0412","0000","선샤인팰리스","20260107","39500","29.23","12.000000","5","","","2022","연립다세대","중개거래","서울 영등포구"
"2026","11350","노원구","10200","월계동","1","대지","0013","0000","미성","20260107","63000","33.28","0.000000","5","","","1986","아파트","중개거래","서울 노원구, 서울 성동구"
"2026","11440","마포구","12300","망원동","1","대지","0435","0045","성진센터빌","20260107","56000","37.36","27.000000","4","","","2018","연립다세대","중개거래","서울 마포구"
"2026","11500","강서구","10300","화곡동","1","대지","0143","0011","성재센트리움아파트","20260107","21700","26.84","0.000000","8","","","2017","아파트","중개거래","서울 강서구"
"2026","11650","서초구","10100","방배동","1","대지","0807","0001","방배하이빌9차","20260107","73200","44.56","25.000000","2","","","2019","연립다세대","중개거래","서울 서초구"
"2026","11350","노원구","10200","월계동","1","대지","0320","0011","사슴3","20260107","49800","49.5","0.000000","14","","","1995","아파트","중개거래","서울 노원구"
"2026","11350","노원구","10500","상계동","1","대지","0691","0000","상계주공7(고층)","20260107","71000","58.01","0.000000","11","","","1988","아파트","중개거래","서울 노원구, 서울 도봉구"
"2026","11350","노원구","10200","월계동","1","대지","0085","0007","서울원 아이파크","20260107","144900","84.661","0.000000","28","분양권","","0","아파트","중개거래","서울 동대문구"
"2026","11470","양천구","10100","신정동","1","대지","0337","0000","목동우성2","20260107","115000","84.96","0.000000","5","","","2000","아파트","중개거래","서울 양천구"
"2026","11620","관악구","10300","남현동","1","대지","1072","0044","산장맨션","20260107","33400","68.37","42.000000","3","","","1991","연립다세대","중개거래","서울 동작구"
"2026","11590","동작구","10900","신대방동","1","대지","0724","0000","보라매자이더포레스트","20260107","155000","59.936","0.000000","32","","","2021","아파트","중개거래","서울 동작구"
"2026","11290","성북구","13600","하월곡동","1","대지","0088","0510","삼전솔하임3차","20260107","11900","15.62","0.000000","18","","","2013","아파트","중개거래","서울 성북구"
"2026","11305","강북구","10100","미아동","1","대지","1357","0000","삼각산아이원","20260107","85000","114.88","0.000000","14","","","2003","아파트","중개거래","서울 강북구"
"2026","11470","양천구","10200","목동","1","대지","0929","0000","목동청구한신아파트","20260107","208000","84.76","0.000000","14","","","1997","아파트","중개거래","서울 양천구"
"2026","11350","노원구","10500","상계동","1","대지","0670","0000","상계주공9(고층)","20260107","73000","79.07","0.000000","6","","","1988","아파트","중개거래","서울 노원구"
"2026","11440","마포구","12000","서교동","1","대지","0475","0021","부림필하우스","20260107","58000","55.94","33.000000","3","","","2014","연립다세대","중개거래","경기 광주시"
"2026","11380","은평구","10700","응암동","1","대지","0766","0000","백련산파크자이","20260107","86000","59.789","0.000000","12","","","2021","아파트","중개거래","서울 은평구"
"2026","11350","노원구","10500","상계동","1","대지","0740","0000","상계주공2(고층)","20260107","57850","59.28","0.000000","15","","","1987","아파트","중개거래","서울 노원구, 서울 송파구"
"2026","11380","은평구","10900","신사동","1","대지","0028","0001","문화아트빌라(28-1)","20260107","15000","32.16","14.000000","1","","","1992","연립다세대","직거래",""
"2026","11545","금천구","10200","독산동","1","대지","0953","0000","삼부르네상스플러스","20260107","8800","21.54","33.310000","4","","","2004","오피스텔","중개거래","서울 금천구"
"2026","11740","강동구","10700","암사동","1","대지","0509","0000","선사현대아파트","20260107","128000","59.64","0.000000","5","","","2000","아파트","중개거래","서울 강동구, 서울 송파구"
"2026","11530","구로구","10600","고척동","1","대지","0336","0000","삼환로즈빌","20260107","89000","84.994","0.000000","21","","","2004","아파트","중개거래","서울 구로구"
"2026","11290","성북구","11200","삼선동2가","1","대지","0425","0000","삼선푸르지오","20260107","92700","84.84","0.000000","4","","","2008","아파트","중개거래","서울 성북구"
"2026","11710","송파구","10800","문정동","1","대지","0145","0000","문정시영","20260107","94000","39.69","0.000000","12","","","1989","아파트","중개거래","서울 송파구"
"2026","11500","강서구","10200","등촌동","1","대지","0648","0006","비원오피스텔","20260107","16650","36.99","47.690000","9","","","2004","오피스텔","중개거래","서울 강서구"
"2026","11380","은평구","10700","응암동","1","대지","0768","0000","백련산해모로","20260107","95500","74.94","0.000000","22","","","2020","아파트","중개거래","서울 은평구"
"2026","11320","도봉구","10500","쌍문동","1","대지","0056","0000","삼익세라믹","20260107","59000","79.98","0.000000","12","","","1988","아파트","중개거래","서울 도봉구"
"2026","11320","도봉구","10700","창동","1","대지","0045","0000","삼성래미안","20260107","73000","66.54","0.000000","2","","","1992","아파트","중개거래","서울 도봉구"
"2026","11650","서초구","10900","내곡동","1","대지","0384","0000","서초포레스타2단지","20260107","178000","84.48","0.000000","19","","","2015","아파트","중개거래","서울 서초구"
"2026","11470","양천구","10200","목동","1","대지","0721","0005","목동토레스타워","20260107","34700","34.91","16.000000","8","","","2018","연립다세대","중개거래","서울 양천구"
"2026","11320","도봉구","10800","도봉동","1","대지","0605","0021","삼호그랑빌(605-21)","20260107","15500","29.83","18.000000","3","","","2016","연립다세대","직거래",""
"2026","11560","영등포구","13200","신길동","1","대지","4934","0000","삼성래미안","20260107","120000","114.87","0.000000","5","","","2001","아파트","중개거래","서울 강남구, 서울 영등포구"
"2026","11560","영등포구","12100","문래동3가","1","대지","0095","0000","문래동원데자뷰","20260107","104000","84.97","0.000000","1","","","2004","아파트","중개거래","서울 영등포구"
"2026","11560","영등포구","12100","문래동3가","1","대지","0055","0004","문래동메가트리움","20260107","110000","99.53","126.040000","13","","","2004","오피스텔","중개거래","서울 영등포구"
"2026","11200","성동구","10200","하왕십리동","1","대지","0992","0000","무학현대","20260107","113000","84.495","0.000000","3","","","1996","아파트","중개거래","서울 성동구"
"2026","11740","강동구","10900","천호동","1","대지","0288","0029","브라운스톤암사아파트","20260107","112300","84.97","0.000000","12","","","2005","아파트","중개거래","서울 강동구"
"2026","11620","관악구","10200","신림동","1","대지","1714","0000","삼성산주공(주공3단지)","20260107","60000","83.21","0.000000","19","","","2000","아파트","중개거래","서울 관악구"
"2026","11350","노원구","10600","중계동","1","대지","0505","0000","상아","20260107","57000","51.29","0.000000","9","","","1989","아파트","중개거래","서울 노원구"
"2026","11620","관악구","10200","신림동","1","대지","0107","0017","벨유어블","20260107","30000","35.25","21.000000","6","","","2016","연립다세대","직거래",""
"2026","11440","마포구","10900","염리동","1","대지","0515","0001","상록","20260107","112000","49.8","0.000000","14","","","1997","아파트","중개거래","서울 마포구"
"2026","11680","강남구","11100","세곡동","1","대지","0533","0000","세곡푸르지오","20260107","174000","74.74","0.000000","7","","","2012","아파트","중개거래","서울 강남구"
"2026","11320","도봉구","10600","방학동","1","대지","0155","0001","원아리움","20260107","24585","29.97","23.000000","4","","","2025","연립다세대","직거래",""
"2026","11320","도봉구","10600","방학동","1","대지","0155","0001","원아리움","20260107","24360","29.97","23.000000","3","","","2025","연립다세대","직거래",""
"2026","11680","강남구","11800","도곡동","1","대지","0467","0024","우성캐릭터199","20260107","49000","45.93","62.390000","22","","","1998","오피스텔","중개거래","서울 강남구"
"2026","11470","양천구","10200","목동","1","대지","0948","0000","월드메르디앙2","20260107","107500","72.24","0.000000","10","","","2003","아파트","중개거래","서울 양천구"
"2026","11320","도봉구","10600","방학동","1","대지","0155","0001","원아리움","20260107","24360","29.97","23.000000","3","","","2025","연립다세대","직거래",""
"2026","11260","중랑구","10200","상봉동","1","대지","0085","0001","솔렌시아3(85-1)","20260107","39500","49.84","0.000000","6","","","2018","아파트","중개거래","서울 광진구"
"2026","11470","양천구","10100","신정동","1","대지","0945","0013","영진빌라(945-13)","20260107","14700","47.24","23.000000","-1","","","2001","연립다세대","중개거래","서울 양천구"
"2026","11320","도봉구","10600","방학동","1","대지","0155","0001","원아리움","20260107","24585","29.97","23.000000","5","","","2025","연립다세대","직거래",""
"2026","11320","도봉구","10600","방학동","1","대지","0155","0001","원아리움","20260107","24585","29.97","23.000000","5","","","2025","연립다세대","직거래",""
"2026","11440","마포구","12200","합정동","1","대지","0370","0019","이조하이츠빌라","20260107","36000","32.37","24.000000","2","","","1987","연립다세대","직거래",""
"2026","11530","구로구","10800","오류동","1","대지","0046","0002","아크로펠리스","20260107","8400","18","25.780000","7","","","2004","오피스텔","직거래",""
"2026","11320","도봉구","10600","방학동","1","대지","0155","0001","원아리움","20260107","37800","48.91","38.000000","5","","","2025","연립다세대","직거래",""
"2026","11230","동대문구","11000","이문동","1","대지","0149","0008","이문아이파크자이","20260107","175000","84.92","0.000000","32","입주권","","0","아파트","중개거래","서울 강동구, 서울 동대문구"
"2026","11320","도봉구","10600","방학동","1","대지","0155","0001","원아리움","20260107","37415","48.91","38.000000","3","","","2025","연립다세대","직거래",""
"2026","11320","도봉구","10600","방학동","1","대지","0155","0001","원아리움","20260107","37415","48.91","38.000000","2","","","2025","연립다세대","직거래",""
"2026","11320","도봉구","10600","방학동","1","대지","0271","0001","신동아아파트1","20260107","28500","43.35","0.000000","6","","","1986","아파트","중개거래","서울 도봉구"
"2026","11305","강북구","10200","번동","1","대지","0417","0102","엘도라도맨션","20260107","27000","69.81","42.000000","2","","","1998","연립다세대","중개거래","서울 강북구"
"2026","11320","도봉구","10600","방학동","1","대지","0155","0001","원아리움","20260107","37800","48.91","38.000000","4","","","2025","연립다세대","직거래",""
"2026","11350","노원구","10600","중계동","1","대지","0588","0000","양지마을(대림)2","20260107","60000","59.4","0.000000","7","","","1999","아파트","중개거래","서울 노원구"
"2026","11380","은평구","10400","갈현동","1","대지","0110","0020","우방이지빌(110-20)","20260107","32000","54.88","30.000000","4","","","2011","연립다세대","중개거래","서울 은평구"
"2026","11305","강북구","10300","수유동","1","대지","0605","0132","세윤하이츠빌라","20260107","14500","43.2","21.000000","4","","","1993","연립다세대","중개거래","서울 성북구"
"2026","11320","도봉구","10600","방학동","1","대지","0155","0001","원아리움","20260107","44510","59.41","46.000000","4","","","2025","연립다세대","직거래",""
"2026","11410","서대문구","11200","대현동","1","대지","0037","0032","영타운 지웰 에스테이트","20260107","19480","20.27","31.440700","6","","","2017","오피스텔","중개거래","서울 마포구"
"2026","11320","도봉구","10600","방학동","1","대지","0155","0001","원아리움","20260107","44015","59.41","46.000000","3","","","2025","연립다세대","직거래",""
"2026","11440","마포구","12300","망원동","1","대지","0381","0007","우미","20260107","44500","63.28","34.000000","2","","","2002","연립다세대","중개거래","서울 마포구, 서울 은평구"
"2026","11320","도봉구","10600","방학동","1","대지","0155","0001","원아리움","20260107","44015","59.41","46.000000","2","","","2025","연립다세대","직거래",""
"2026","11320","도봉구","10600","방학동","1","대지","0155","0001","원아리움","20260107","44510","59.41","46.000000","5","","","2025","연립다세대","직거래",""
"2026","11410","서대문구","11200","대현동","1","대지","0027","0020","신촌가이아","20260107","21000","32.6","47.922000","9","","","2005","오피스텔","중개거래","서울 서대문구"
"2026","11380","은평구","10300","불광동","1","대지","0016","0277","은광주택5동","20260107","21000","38.34","27.000000","-1","","","1988","연립다세대","중개거래","서울 은평구"
"2026","11620","관악구","10100","봉천동","1","대지","0007","0000","신원빌라","20260107","85000","27.81","32.000000","1","","","1987","연립다세대","중개거래","서울 관악구"
"2026","11380","은평구","10900","신사동","1","대지","0007","0031","연서주택(7-31)","20260107","22800","61.67","28.000000","5","","","2003","연립다세대","중개거래","서울 은평구"
"2026","11320","도봉구","10600","방학동","1","대지","0155","0001","원아리움","20260107","23765","29.24","22.000000","4","","","2025","연립다세대","직거래",""
"2026","11320","도봉구","10600","방학동","1","대지","0155","0001","원아리움","20260107","23520","29.24","22.000000","3","","","2025","연립다세대","직거래",""
"2026","11260","중랑구","10400","묵동","1","대지","0247","0045","신우아트빌","20260107","33800","43.47","24.000000","3","","","2010","연립다세대","중개거래","서울 중랑구"
"2026","11320","도봉구","10600","방학동","1","대지","0155","0001","원아리움","20260107","23520","29.24","22.000000","2","","","2025","연립다세대","직거래",""
"2026","11320","도봉구","10600","방학동","1","대지","0155","0001","원아리움","20260107","23765","29.24","22.000000","5","","","2025","연립다세대","직거래",""
"2026","11320","도봉구","10600","방학동","1","대지","0155","0001","원아리움","20260107","23895","29.7","23.000000","5","","","2025","연립다세대","직거래",""
"2026","11620","관악구","10200","신림동","1","대지","1730","0000","신림푸르지오","20260107","99500","84.79","0.000000","21","","","2005","아파트","중개거래","서울 관악구"
"2026","11710","송파구","10300","풍납동","1","대지","0509","0000","씨티극동1","20260107","142500","84.22","0.000000","11","","","1998","아파트","중개거래","서울 송파구"
"2026","11350","노원구","10500","상계동","1","대지","1312","0000","수락리버시티3단지","20260107","68000","84.69","0.000000","4","","","2009","아파트","중개거래","서울 노원구"
"2026","11710","송파구","10400","송파동","1","대지","0131","0004","송파(家)하우스","20260107","71500","52.72","31.000000","4","","","2022","연립다세대","중개거래","서울 송파구"
"2026","11320","도봉구","10500","쌍문동","1","대지","0734","0000","시티프라디움","20260107","59700","68.925","0.000000","2","","","2021","아파트","중개거래","서울 도봉구"
"2026","11320","도봉구","10600","방학동","1","대지","0155","0001","원아리움","20260107","23545","29.7","23.000000","3","","","2025","연립다세대","직거래",""
"2026","11560","영등포구","11000","여의도동","1","대지","0014","0021","엘지여의도에클라트","20260107","26500","38.01","49.410000","6","","","2003","오피스텔","중개거래","서울 영등포구"
"2026","11380","은평구","11400","진관동","1","대지","0100","0001","은평헤스티아 2차","20260107","13000","26.23","40.350000","8","","","null","오피스텔","중개거래","서울 은평구"
"2026","11500","강서구","10200","등촌동","1","대지","0516","0026","쌍용빌라트","20260107","38500","64.73","29.000000","1","","","2002","연립다세대","중개거래","서울 강서구"
"2026","11320","도봉구","10600","방학동","1","대지","0155","0001","원아리움","20260107","23895","29.7","23.000000","4","","","2025","연립다세대","직거래",""
"2026","11680","강남구","10100","역삼동","1","대지","0781","0035","스타힐스","20260107","48800","23.5","17.000000","5","","","2012","연립다세대","중개거래","서울 강남구"
"2026","11320","도봉구","10600","방학동","1","대지","0155","0001","원아리움","20260107","23545","29.7","23.000000","2","","","2025","연립다세대","직거래",""
"2026","11320","도봉구","10600","방학동","1","대지","0155","0001","원아리움","20260107","24360","29.97","23.000000","2","","","2025","연립다세대","직거래",""
"2026","11680","강남구","10100","역삼동","1","대지","0781","0035","스타힐스","20260107","48500","23.47","17.000000","6","","","2012","연립다세대","중개거래","서울 강남구"
"2026","11320","도봉구","10600","방학동","1","대지","0155","0001","원아리움","20260107","24360","29.97","23.000000","2","","","2025","연립다세대","직거래",""
"2026","11680","강남구","10100","역삼동","1","대지","0781","0035","스타힐스","20260107","48000","22.74","16.000000","3","","","2012","연립다세대","중개거래","서울 강남구"
"2026","11410","서대문구","11900","북가좌동","1","대지","0292","0006","우창골드빌","20260107","40300","71.2","34.000000","3","","","2003","연립다세대","중개거래","서울 서대문구"
"2026","11680","강남구","10100","역삼동","1","대지","0781","0035","스타힐스","20260107","47000","22.05","16.000000","6","","","2012","연립다세대","중개거래","서울 강남구"
"2026","11140","중구","17100","중림동","1","대지","0363","0000","쌍용 더 플래티넘 서울역","20260107","27800","17","27.775000","16","","","2023","오피스텔","중개거래","서울 중구"
"2026","11710","송파구","11300","거여동","1","대지","0597","0000","송파레이크파크호반써밋Ⅰ","20260107","187000","108.811","0.000000","3","","","2022","아파트","중개거래","서울 송파구"
"2026","11500","강서구","10600","내발산동","1","대지","0657","0000","우장산힐스테이트","20260107","148000","84.98","0.000000","4","","","2005","아파트","중개거래","경기 고양시 덕양구, 서울 강서구"
"2026","11320","도봉구","10600","방학동","1","대지","0155","0001","원아리움","20260107","24585","29.97","23.000000","4","","","2025","연립다세대","직거래",""
"2026","11215","광진구","10500","자양동","1","대지","0595","0000","스카이빌(595)","20260107","119800","48.14","28.000000","3","","","2016","연립다세대","중개거래","서울 광진구, 서울 서초구"
"2026","11530","구로구","10100","신도림동","1","대지","0387","0003","신도림월드메르디앙오피스텔","20260107","47000","62.462","77.114000","6","","","2005","오피스텔","중개거래","서울 구로구"
"2026","11560","영등포구","11200","당산동2가","1","대지","0016","0001","당산대우","20260107","39000","31.73","0.000000","16","","","1999","아파트","중개거래","서울 영등포구"
"2026","11350","노원구","10300","공릉동","1","대지","0604","0011","대동아파트","20260107","51000","59.83","0.000000","14","","","1999","아파트","중개거래","서울 노원구"
"2026","11560","영등포구","13300","대림동","1","대지","1101","0007","G밸리소홈","20260107","14000","16.1","0.000000","7","","","2018","아파트","중개거래","서울 구로구"
"2026","11110","종로구","18200","구기동","","","","","","20260107","77500","59.2","94.000000","","","","2021","단독다가구","중개거래","서울 강남구"
"2026","11215","광진구","10700","화양동","1","대지","0021","0020","광진캠퍼스시티","20260107","16000","17.487","28.614000","16","","","2017","오피스텔","중개거래","서울 광진구"
"2026","11380","은평구","10600","대조동","1","대지","0009","0045","대경홈타운","20260107","12500","13.79","0.000000","8","","","2014","아파트","중개거래","서울 은평구"
"2026","11530","구로구","10200","구로동","1","대지","0106","0004","구로선경오피스텔","20260107","12000","45.15","45.150000","17","","","1993","오피스텔","중개거래","서울 구로구"
"2026","11560","영등포구","11400","당산동4가","1","대지","0088","0000","당산현대3차","20260107","133000","59.26","0.000000","2","","","1988","아파트","중개거래","서울 영등포구"
"2026","11350","노원구","10600","중계동","1","대지","0363","0000","대림벽산(363)","20260107","139000","141.45","0.000000","12","","","1993","아파트","중개거래","서울 노원구"
"2026","11620","관악구","10200","신림동","1","대지","0746","0043","건영1","20260107","54600","60.27","0.000000","8","","","1984","아파트","중개거래","서울 관악구"
"2026","11350","노원구","10400","하계동","1","대지","0271","0003","건영","20260107","50700","53.14","0.000000","1","","","1988","아파트","중개거래","서울 노원구"
"2026","11530","구로구","10700","개봉동","1","대지","0304","0016","건양","20260107","25200","56.96","0.000000","5","","","2002","아파트","중개거래","서울 구로구"
"2026","11110","종로구","17000","명륜1가","1","대지","0058","0003","혜윰","20260107","47000","40.37","28.000000","2","","","2022","연립다세대","중개거래","서울 종로구"
"2026","11320","도봉구","10600","방학동","1","대지","0714","0001","금광포란재아파트","20260107","52400","59.611","0.000000","1","","","2005","아파트","중개거래","서울 도봉구"
"2026","11680","강남구","10500","삼성동","1","대지","0142","0003","LG선릉에클라트B","20260107","32000","39.99","49.740000","7","","","2004","오피스텔","중개거래","서울 강남구"
"2026","11680","강남구","10800","논현동","1","대지","0203","0001","거평타운오피스텔","20260107","21700","32.8","43.310000","6","","","1991","오피스텔","중개거래","서울 강남구"
"2026","11710","송파구","11300","거여동","1","대지","0605","0000","휴먼빌 시티","20260107","18300","23.138","34.000100","11","","","2020","오피스텔","중개거래","경기 하남시, 서울 송파구"
"2026","11680","강남구","10500","삼성동","1","대지","0142","0003","LG선릉에클라트B","20260107","30200","39.99","49.740000","4","","","2004","오피스텔","중개거래","서울 강남구"
"2026","11560","영등포구","11400","당산동4가","1","대지","0099","0000","당산롯데캐슬프레스티지","20260107","178000","84.99","0.000000","1","","","2017","아파트","중개거래","서울 영등포구"
"2026","11380","은평구","10800","역촌동","1","대지","0044","0006","거성리젠시2차","20260107","53500","63.82","0.000000","12","","","2006","아파트","중개거래","서울 은평구"
"2026","11710","송파구","10700","가락동","1","대지","0140","0000","가락(1차)쌍용아파트","20260107","185000","59.92","0.000000","8","","","1997","아파트","중개거래","서울 송파구"
"2026","11260","중랑구","10100","면목동","","","","","","20260107","45000","164.22","86.000000","","","","1991","단독다가구","중개거래","서울 중랑구"
"2026","11590","동작구","10100","노량진동","1","대지","0232","0255","흥진빌라","20260107","183000","33.36","16.000000","-1","","","1991","연립다세대","중개거래","서울 동작구"
"2026","11230","동대문구","10500","답십리동","1","대지","0493","0001","답십리역 지웰에스테이트","20260107","59000","59.92","87.070000","15","","","2024","오피스텔","중개거래","서울 동대문구"
"2026","11170","용산구","10400","갈월동","","","","","","20260107","150000","42.98","72.000000","","","","1956","단독다가구","중개거래","서울 용산구"
"2026","11740","강동구","10900","천호동","1","대지","0578","0000","힐데스하임천호아파트","20260107","148000","84.962","0.000000","17","","","2023","아파트","중개거래","서울 강동구"
"2026","11380","은평구","10700","응암동","1","대지","0588","0025","대명맨션","20260107","30000","58.59","31.000000","1","","","2002","연립다세대","중개거래","서울 은평구"
"2026","11380","은평구","10500","구산동","1","대지","0027","0038","다원쉐르빌","20260107","15000","32.66","18.000000","5","","","2014","연립다세대","중개거래","서울 은평구"
"2026","11500","강서구","10300","화곡동","1","대지","1165","0000","강서힐스테이트","20260107","165000","128.81","0.000000","15","","","2015","아파트","중개거래","서울 강서구"
"2026","11380","은평구","10700","응암동","1","대지","0397","0245","나이스빌라(397-245)","20260107","27700","47.37","26.000000","3","","","2009","연립다세대","중개거래","서울 은평구"
"2026","11680","강남구","11200","자곡동","1","대지","0619","0000","강남자곡 힐스테이트","20260107","116500","51.96","0.000000","1","","","2015","아파트","중개거래","서울 강남구, 서울 서초구"
"2026","11620","관악구","10200","신림동","1","대지","0414","0011","황제12(414-11)","20260107","18000","19.36","11.000000","3","","","1992","연립다세대","중개거래","서울 강북구, 서울 영등포구"
"2026","11200","성동구","10100","상왕십리동","1","대지","0750","0000","노블리안","20260107","15200","25.74","32.460000","12","","","2003","오피스텔","중개거래","서울 성동구"
"2026","11710","송파구","10100","잠실동","1","대지","0317","0008","가희주택","20260107","42000","34.02","18.000000","2","","","2003","연립다세대","중개거래","서울 송파구"
"2026","11500","강서구","10300","화곡동","1","대지","0353","0053","남광빌라(353-53)","20260107","27000","67.86","37.000000","4","","20260126","2004","연립다세대","중개거래","서울 강서구"
"2026","11230","동대문구","11000","이문동","","","","","","20260107","89800","153.48","93.000000","","","","1990","단독다가구","중개거래","서울 동대문구"
"2026","11410","서대문구","10300","합동","1","대지","0116","0000","SK리쳄블","20260107","28450","41.08","56.200000","5","","","2005","오피스텔","중개거래","서울 서대문구"
"2026","11500","강서구","10100","염창동","1","대지","0268","0000","관음삼성","20260107","97000","59.96","0.000000","20","","","1997","아파트","중개거래","서울 강서구"
"2026","11440","마포구","10200","공덕동","1","대지","0476","0000","공덕파크자이","20260107","263000","84.996","0.000000","17","","","2015","아파트","중개거래","서울 마포구"
"2026","11380","은평구","10300","불광동","","","","","","20260107","37500","77.82","99.000000","","","","1974","단독다가구","중개거래","서울 은평구"
"2026","11440","마포구","10200","공덕동","1","대지","0475","0000","공덕푸르지오시티","20260107","32000","38.15","48.848000","15","","","2013","오피스텔","중개거래","서울 마포구"
"2026","11740","강동구","11000","강일동","1","대지","0707","0000","고덕리엔파크1단지","20260107","122000","84.98","0.000000","7","","","2011","아파트","중개거래","경기 하남시, 서울 강동구"
"2026","11260","중랑구","10500","망우동","1","대지","0521","0035","THEM","20260107","37000","40.72","32.000000","2","","","null","연립다세대","중개거래","서울 중랑구"
"2026","11620","관악구","10200","신림동","1","대지","1735","0001","관악산휴먼시아1단지","20260107","59500","59.96","0.000000","1","","","2008","아파트","중개거래","서울 관악구"
"2026","11620","관악구","10100","봉천동","1","대지","1712","0000","관악드림(동아)","20260107","97000","60","0.000000","2","","","2003","아파트","중개거래","서울 관악구"
"2026","11500","강서구","10300","화곡동","1","대지","1091","0000","화곡푸르지오","20260107","106500","84.914","0.000000","2","","","2002","아파트","중개거래","서울 강서구"
"2026","11200","성동구","10400","도선동","1","대지","0046","0000","W에비뉴타워","20260107","24000","23.32","23.320000","7","","","2018","오피스텔","중개거래","서울 성동구"
"2026","11500","강서구","10900","방화동","1","대지","0612","0002","경동화인시티","20260107","8700","19.44","27.530000","7","","","2010","오피스텔","직거래",""
"2026","11320","도봉구","10700","창동","1","대지","0650","0013","현대빌리지","20260106","33900","46.99","23.000000","4","","","2019","연립다세대","중개거래","서울 도봉구"
"2026","11470","양천구","10200","목동","1","대지","0804","0020","다원슈슈빌(804-20)","20260106","19000","33.62","13.000000","5","","","2012","연립다세대","중개거래","서울 양천구"
"2026","11140","중구","14500","광희동1가","1","대지","0089","0001","광희동금호트윈 오피스텔","20260106","10000","22.14","31.380000","10","","","1999","오피스텔","중개거래","서울 중구"
"2026","11740","강동구","10500","길동","1","대지","0342","0007","나무아빌","20260106","24500","40.85","22.000000","3","","","2011","연립다세대","직거래",""
"2026","11440","마포구","12200","합정동","1","대지","0438","0001","홍익솔루체","20260106","55800","37.77","24.000000","6","","","2019","연립다세대","중개거래","서울 마포구"
"2026","11410","서대문구","11000","북아현동","1","대지","0001","0574","힐스타빌리지","20260106","65000","59.355","43.000000","2","","","2017","연립다세대","중개거래","서울 서대문구"
"2026","11650","서초구","10800","서초동","1","대지","1303","0006","현대썬앤빌 강남 더 인피닛","20260106","20900","17.95","31.330000","4","","","2018","오피스텔","중개거래","서울 서초구"
"2026","11530","구로구","10200","구로동","1","대지","1265","0000","구로두산","20260106","60000","51.84","0.000000","14","","","1998","아파트","중개거래","서울 구로구"
"2026","11740","강동구","10500","길동","1","대지","0342","0007","나무아빌","20260106","24400","41.11","23.000000","2","","","2011","연립다세대","직거래",""
"2026","11590","동작구","10700","사당동","1","대지","0169","0008","대림(169-8)","20260106","184000","125.4","0.000000","10","","","1990","아파트","중개거래","서울 동작구"
"2026","11215","광진구","10400","광장동","1","대지","0102","0000","현대골든텔","20260106","50000","61.56","87.550000","2","","","1991","오피스텔","중개거래","서울 광진구"
"2026","11620","관악구","10100","봉천동","1","대지","1712","0000","관악드림(동아)","20260106","105000","102","0.000000","1","","","2003","아파트","중개거래","서울 관악구"
"2026","11545","금천구","10100","가산동","1","대지","0776","0000","가산대명벨리온","20260106","10000","16.61","25.800000","7","","","2017","오피스텔","중개거래","서울 금천구"
"2026","11710","송파구","11300","거여동","1","대지","0696","0000","e편한세상송파파크센트럴","20260106","191500","84.96","0.000000","24","","","2021","아파트","중개거래","서울 송파구"
"2026","11530","구로구","10100","신도림동","1","대지","0641","0000","현대홈타운아파트","20260106","94900","59.73","0.000000","8","","","1999","아파트","중개거래","서울 구로구"
"2026","11500","강서구","10300","화곡동","1","대지","0980","0021","강서아이파크","20260106","71000","83.077","0.000000","4","","","2005","아파트","중개거래","서울 강서구"
"2026","11500","강서구","10400","가양동","1","대지","1485","0000","가양6단지","20260106","82500","39.6","0.000000","10","","","1992","아파트","중개거래","서울 강서구"
"2026","11620","관악구","10200","신림동","","","","","","20260106","77000","128.4","83.000000","","","","1991","단독다가구","중개거래","서울 관악구"
"2026","11620","관악구","10200","신림동","1","대지","1735","0001","관악산휴먼시아1단지","20260106","57000","59.99","0.000000","2","","","2008","아파트","중개거래","서울 관악구"
"2026","11410","서대문구","12000","남가좌동","1","대지","0385","0000","DMC파크뷰자이3단지","20260106","127000","59.981","0.000000","14","","","2015","아파트","중개거래","서울 서대문구"
"2026","11200","성동구","10700","행당동","","","","","","20260106","138000","193.62","136.000000","","","","1988","단독다가구","중개거래","경기 용인시 수지구, 서울 성동구"
"2026","11500","강서구","10300","화곡동","1","대지","0105","0100","다담빌(105-100)","20260106","25500","47.45","29.000000","4","","","2012","연립다세대","중개거래","서울 강서구"
"2026","11500","강서구","10200","등촌동","1","대지","0694","0000","대림","20260106","117500","123.72","0.000000","1","","","1995","아파트","중개거래","서울 강서구"
"2026","11530","구로구","10600","고척동","","","","","","20260106","70000","230.85","163.000000","","","","1989","단독다가구","중개거래","서울 구로구"
"2026","11410","서대문구","11000","북아현동","1","대지","1010","0000","경남102동","20260106","100000","59.97","0.000000","2","","","2008","아파트","직거래",""
"2026","11470","양천구","10200","목동","1","대지","0907","0010","현대파리지앙","20260106","22900","37.78","48.230000","9","","","2004","오피스텔","중개거래","서울 양천구"
"2026","11560","영등포구","13300","대림동","1","대지","0608","0001","현대3차","20260106","109500","84.89","0.000000","12","","","1997","아파트","중개거래","서울 영등포구"
"2026","11530","구로구","10200","구로동","1","대지","1259","0000","구일우성","20260106","55000","59.44","0.000000","12","","","1998","아파트","중개거래","서울 구로구"
"2026","11290","성북구","13800","장위동","","","","","","20260106","71800","74.38","119.000000","","","","1989","단독다가구","중개거래","서울 성북구"
"2026","11380","은평구","10200","녹번동","1","대지","0276","0000","대림아파트(276)","20260106","74500","84.68","0.000000","9","","","1993","아파트","중개거래","서울 은평구"
"2026","11440","마포구","11400","창전동","1","대지","0006","0270","홍익빌라B","20260106","32000","49.46","18.000000","2","","","2004","연립다세대","중개거래","서울 마포구"
"2026","11545","금천구","10100","가산동","1","대지","0776","0000","가산대명벨리온","20260106","10000","16.61","25.800000","7","","","2017","오피스텔","중개거래","서울 금천구"
"2026","11650","서초구","10100","방배동","","","","","","20260106","399000","226.2","162.000000","","","","1985","단독다가구","중개거래","서울 서초구"
"2026","11545","금천구","10200","독산동","1","대지","1155","0000","금천롯데캐슬골드파크3차","20260106","95000","59.968","0.000000","36","","","2018","아파트","중개거래","서울 금천구, 서울 영등포구"
"2026","11410","서대문구","12000","남가좌동","1","대지","0385","0000","DMC파크뷰자이1단지","20260106","161000","84.971","0.000000","4","","","2015","아파트","중개거래","서울 서대문구"
"2026","11440","마포구","12200","합정동","1","대지","0391","0013","그린빌","20260106","21300","16.55","11.000000","2","","","2011","연립다세대","중개거래","서울 마포구"
"2026","11545","금천구","10200","독산동","1","대지","1150","0000","금천롯데캐슬골드파크2차201동202동","20260106","88800","59.27","0.000000","9","","","2017","아파트","중개거래","서울 금천구"
"2026","11500","강서구","10500","마곡동","1","대지","0797","0014","힐스테이트에코마곡","20260106","18000","24.46","24.460000","13","","","2016","오피스텔","중개거래","서울 강서구"
"2026","11440","마포구","12100","동교동","1","대지","0165","0008","LG팰리스빌딩","20260106","23100","43.58","54.810000","6","","","1999","오피스텔","중개거래","서울 마포구"
"2026","11110","종로구","14800","계동","","","","","","20260106","24900","13.09","16.000000","","","","1911","단독다가구","중개거래","서울 종로구"
"2026","11740","강동구","10100","명일동","1","대지","0047","0002","고덕역 갑을명가시티 오피스텔","20260106","14400","17.86","28.940000","13","","","2018","오피스텔","중개거래","서울 강동구"
"2026","11680","강남구","11200","자곡동","1","대지","0686","0000","강남한양수자인(4단지)","20260106","220000","114.46","0.000000","4","","","2014","아파트","중개거래","서울 강남구"
"2026","11410","서대문구","11700","연희동","","","","","","20260106","300000","164.06","324.000000","","","","1974","단독다가구","중개거래","서울 강남구"
"2026","11620","관악구","10200","신림동","1","대지","0753","0001","대도빌라나동","20260106","20000","47.62","27.000000","1","","","1989","연립다세대","중개거래","서울 관악구"
"2026","11110","종로구","11500","사직동","1","대지","0009","0000","광화문스페이스본(101동~105동)","20260106","220000","158.99","0.000000","12","","","2008","아파트","중개거래","서울 종로구"
"2026","11350","노원구","10300","공릉동","1","대지","0517","0002","희래하이츠","20260106","35500","56.4","34.000000","2","","","2013","연립다세대","중개거래","서울 노원구"
"2026","11170","용산구","10100","후암동","1","대지","0252","0001","금강프라임빌","20260106","69500","41.46","23.000000","3","","","2012","연립다세대","중개거래","서울 용산구"
"2026","11530","구로구","10700","개봉동","1","대지","0489","0000","개봉동현대아이파크","20260106","87800","84.98","0.000000","4","","","2006","아파트","중개거래","서울 구로구"
"2026","11230","동대문구","10500","답십리동","1","대지","1015","0000","답십리엘림퍼스트","20260106","74700","52.698","0.000000","7","","","2020","아파트","중개거래","서울 동대문구"
"2026","11410","서대문구","12000","남가좌동","1","대지","0388","0000","DMC센트럴아이파크","20260106","144500","103.19","0.000000","11","","","2018","아파트","중개거래","서울 서대문구"
"2026","11530","구로구","10800","오류동","1","대지","0356","0000","다청림(356)","20260106","26500","36.01","0.000000","4","","","2013","아파트","중개거래","서울 구로구"
"2026","11680","강남구","10100","역삼동","1","대지","0708","0016","능현오피스텔","20260106","22500","29.65","40.920000","14","","","2004","오피스텔","중개거래","서울 강남구"
"2026","11650","서초구","10200","양재동","1","대지","0266","0012","호성빌라","20260106","94000","70.38","52.000000","2","","","1989","연립다세대","중개거래","서울 서초구"
"2026","11680","강남구","10100","역삼동","1","대지","0703","0006","K타워 오피스텔","20260106","16500","21.26","30.470000","10","","","2014","오피스텔","중개거래","서울 강남구"
"2026","11140","중구","16200","신당동","1","대지","0304","0244","광일빌라","20260106","41000","83.65","33.000000","5","","","2005","연립다세대","직거래",""
"2026","11215","광진구","10300","구의동","1","대지","0033","0083","가람과뫼","20260106","62000","47.53","37.000000","2","","","2011","연립다세대","중개거래","서울 광진구"
"2026","11590","동작구","10900","신대방동","1","대지","0725","0000","휴마레","20260106","58050","49.23","0.000000","12","분양권","","0","아파트","중개거래","서울 영등포구"
"2026","11650","서초구","10200","양재동","1","대지","0336","0001","궁전하이츠빌라","20260106","102500","91.53","41.000000","4","","","1994","연립다세대","직거래",""
"2026","11740","강동구","11000","강일동","1","대지","0114","0000","강동리버스트4단지","20260106","88200","49.82","0.000000","20","","","2020","아파트","중개거래","서울 강동구"
"2026","11215","광진구","10300","구의동","1","대지","0035","0048","금화빌라","20260106","38000","38.18","24.000000","-1","","","1997","연립다세대","중개거래","서울 광진구"
"2026","11410","서대문구","12000","남가좌동","1","대지","0385","0000","DMC파크뷰자이1단지","20260106","139000","84.971","0.000000","14","","","2015","아파트","중개거래","서울 서대문구"
"2026","11350","노원구","10200","월계동","1","대지","0013","0000","삼호3","20260106","97500","59.22","0.000000","13","","","1986","아파트","중개거래","서울 노원구"
"2026","11305","강북구","10100","미아동","1","대지","1357","0000","삼각산아이원","20260106","71000","84.705","0.000000","1","","","2003","아파트","중개거래","서울 강북구"
"2026","11650","서초구","11100","신원동","1","대지","0579","0000","서초포레스타5단지","20260106","178000","59.93","0.000000","5","","","2014","아파트","중개거래","서울 서초구"
"2026","11350","노원구","10200","월계동","1","대지","0085","0007","서울원 아이파크","20260106","143200","84.661","0.000000","22","분양권","","0","아파트","중개거래","서울 동대문구"
"2026","11305","강북구","10100","미아동","1","대지","1357","0000","삼각산아이원","20260106","66300","59.758","0.000000","14","","","2003","아파트","중개거래","서울 강북구, 서울 성북구"
"2026","11350","노원구","10300","공릉동","1","대지","0670","0006","미라쉘","20260106","14500","16.69","0.000000","19","","","2018","아파트","중개거래","서울 노원구"
"2026","11620","관악구","10100","봉천동","1","대지","1721","0000","브라운스톤관악","20260106","81000","59.67","0.000000","15","","","2005","아파트","중개거래","서울 관악구"
"2026","11590","동작구","10700","사당동","1","대지","0419","0085","삼성상아빌라","20260106","46800","51.16","34.000000","3","","","1991","연립다세대","중개거래","경기 의왕시, 서울 동작구"
"2026","11740","강동구","10100","명일동","1","대지","0015","0000","삼익그린2차","20260106","150000","54.81","0.000000","3","","","1983","아파트","중개거래","서울 강동구"
"2026","11680","강남구","10100","역삼동","1","대지","0832","0033","성우스타우스오피스텔","20260106","22000","32.03","41.120000","9","","","2004","오피스텔","중개거래","서울 강남구"
"2026","11320","도봉구","10800","도봉동","1","대지","0641","0000","서원","20260106","35100","49.77","0.000000","1","","","1996","아파트","중개거래","서울 도봉구"
"2026","11560","영등포구","12400","문래동6가","1","대지","0008","0000","문래임광그대가","20260106","63700","85.26","106.940000","3","","","2005","오피스텔","중개거래","서울 영등포구"
"2026","11380","은평구","10700","응암동","1","대지","0759","0000","백련산힐스테이트1차","20260106","71000","59.63","0.000000","1","","","2011","아파트","중개거래","서울 은평구"
"2026","11620","관악구","10200","신림동","1","대지","0463","0006","보람맨션","20260106","45000","84.21","50.000000","3","","","1998","연립다세대","중개거래","서울 관악구"
"2026","11500","강서구","10800","공항동","1","대지","0060","0077","미래스타빌60-77","20260106","26000","28.04","18.000000","3","","","2022","연립다세대","직거래",""
"2026","11350","노원구","10500","상계동","1","대지","0172","0000","상계대림","20260106","63500","84.91","0.000000","15","","","1989","아파트","중개거래","서울 노원구"
"2026","11440","마포구","11400","창전동","1","대지","0442","0000","서강오벨리스크스위트","20260106","162500","116.51","0.000000","9","","","2007","아파트","중개거래","서울 마포구"
"2026","11320","도봉구","10600","방학동","1","대지","0275","0000","벽산아파트1","20260106","52000","84.9","0.000000","13","","","1991","아파트","중개거래","서울 도봉구"
"2026","11560","영등포구","13200","신길동","1","대지","4934","0000","삼성래미안","20260106","113000","114.87","0.000000","10","","","2001","아파트","중개거래","서울 영등포구"
"2026","11380","은평구","10300","불광동","1","대지","0645","0000","불광롯데캐슬","20260106","109000","84.98","0.000000","16","","","2018","아파트","중개거래","서울 은평구"
"2026","11320","도봉구","10800","도봉동","1","대지","0643","0000","서광","20260106","45000","59.58","0.000000","10","","","1999","아파트","중개거래","서울 도봉구"
"2026","11305","강북구","10100","미아동","1","대지","0812","0000","삼성래미안트리베라2단지","20260106","92000","84.29","0.000000","14","","","2010","아파트","중개거래","서울 강북구, 서울 동대문구"
"2026","11215","광진구","10900","군자동","1","대지","0016","0000","미리내","20260106","63500","46.05","34.000000","3","","","2015","연립다세대","중개거래","서울 광진구"
"2026","11350","노원구","10200","월계동","1","대지","0085","0007","서울원 아이파크","20260106","146000","84.661","0.000000","33","분양권","","0","아파트","중개거래","서울 동대문구"
"2026","11440","마포구","12500","성산동","1","대지","0591","0005","상암 스위트포레","20260106","13300","18.55","26.934000","9","","","2016","오피스텔","중개거래","서울 마포구"
"2026","11380","은평구","10400","갈현동","1","대지","0268","0006","삼성쉐르빌(3동)","20260106","15200","37.38","18.000000","4","","","2003","연립다세대","중개거래","서울 은평구"
"2026","11350","노원구","10200","월계동","1","대지","0013","0000","미성","20260106","62000","33.28","0.000000","5","","","1986","아파트","중개거래","서울 노원구"
"2026","11710","송파구","10800","문정동","1","대지","0020","0012","문정지오빌","20260106","35900","51.49","29.000000","3","","","2008","연립다세대","중개거래","서울 송파구"
"2026","11740","강동구","10900","천호동","1","대지","0040","0027","베네치아A동","20260106","29000","33.74","23.000000","3","","","2016","연립다세대","중개거래","서울 강동구"
"2026","11350","노원구","10500","상계동","1","대지","0172","0000","상계대림","20260106","45000","59.67","0.000000","15","","","1989","아파트","중개거래","서울 노원구"
"2026","11290","성북구","11300","삼선동3가","1","대지","0116","0000","삼선에스케이뷰","20260106","158000","122.44","0.000000","7","","","2012","아파트","중개거래","서울 성북구"
"2026","11350","노원구","10200","월계동","1","대지","0085","0007","서울원 아이파크","20260106","142890","84.317","0.000000","40","분양권","","0","아파트","중개거래","서울 동대문구"
"2026","11680","강남구","10500","삼성동","1","대지","0140","0003","선릉대림아크로텔","20260106","35500","35.69","44.430000","5","","","2004","오피스텔","중개거래","서울 강남구"
"2026","11470","양천구","10200","목동","1","대지","0785","0007","삼보하이츠2","20260106","20000","32.76","18.000000","4","","","2002","연립다세대","직거래",""
"2026","11410","서대문구","11800","홍은동","1","대지","0467","0000","북한산두산위브","20260106","77500","59.54","0.000000","3","","","2020","아파트","중개거래","서울 서대문구, 서울 서초구"
"2026","11590","동작구","10200","상도동","1","대지","0244","0166","미소가A동(244-166)","20260106","74000","52.1","31.000000","2","","","2017","연립다세대","중개거래","서울 동작구"
"2026","11380","은평구","10700","응암동","1","대지","0766","0000","백련산파크자이","20260106","88000","59.905","0.000000","16","","","2021","아파트","중개거래","서울 은평구"
"2026","11410","서대문구","11800","홍은동","1","대지","0010","0310","미소지움105동","20260106","27000","21.2","16.000000","4","","","2019","연립다세대","직거래",""
"2026","11410","서대문구","11800","홍은동","1","대지","0467","0000","북한산두산위브","20260106","75000","59.96","0.000000","3","","","2020","아파트","중개거래","서울 서대문구"
"2026","11305","강북구","10100","미아동","1","대지","0791","3346","미건주택(B동)","20260106","12200","59.49","27.000000","-1","","","1998","연립다세대","중개거래","서울 구로구"
"2026","11170","용산구","11900","효창동","1","대지","0005","0068","선진골든빌","20260106","80000","64.24","35.000000","4","","","2003","연립다세대","중개거래","서울 용산구"
"2026","11305","강북구","10100","미아동","1","대지","1357","0000","삼각산아이원","20260106","71000","84.705","0.000000","1","","","2003","아파트","중개거래","서울 강북구, 서울 성북구"
"2026","11380","은평구","10700","응암동","1","대지","0768","0000","백련산해모로","20260106","74900","50.74","0.000000","9","","","2020","아파트","중개거래","서울 은평구"
"2026","11350","노원구","10300","공릉동","1","대지","0737","0000","삼익포레스트아파트","20260106","47200","51.03","0.000000","9","","","1995","아파트","중개거래","서울 노원구"
"2026","11470","양천구","10200","목동","1","대지","0902","0000","목동신시가지2","20260106","236000","65.25","0.000000","5","","","1986","아파트","중개거래","서울 양천구"
"2026","11500","강서구","10500","마곡동","1","대지","0429","0000","벽산","20260106","81900","59.98","0.000000","17","","","1999","아파트","중개거래","서울 강서구"
"2026","11410","서대문구","11800","홍은동","1","대지","0011","0111","서대문 센트럴 아이파크","20260106","85300","59.99","0.000000","13","입주권","","0","아파트","중개거래","서울 서대문구"
"2026","11740","강동구","10500","길동","1","대지","0413","0024","(413-24)","20260106","10800","18.755","25.505000","8","","","2016","오피스텔","중개거래","서울 강동구"
"2026","11560","영등포구","11800","도림동","1","대지","0126","0001","(126-1)","20260106","60000","36.79","21.000000","5","","","2015","연립다세대","중개거래","서울 영등포구"
"2026","11560","영등포구","11800","도림동","1","대지","0126","0001","(126-1)","20260106","60000","36.79","21.000000","4","","","2015","연립다세대","중개거래","서울 영등포구"
"2026","11200","성동구","10900","금호동1가","1","대지","0167","0027","(167-27)","20260106","44500","35.43","13.000000","2","","","1995","연립다세대","중개거래","서울 성동구"
"2026","11110","종로구","17500","숭인동","1","대지","0181","0202","(181-202)","20260106","15000","27.73","12.000000","4","","","2015","연립다세대","중개거래","서울 종로구"
"2026","11110","종로구","17500","숭인동","1","대지","0181","0202","(181-202)","20260106","15000","28.37","13.000000","5","","","2015","연립다세대","중개거래","서울 종로구"
"2026","11710","송파구","10500","석촌동","1","대지","0218","0011","(218-11)","20260106","58000","58.97","31.000000","3","","","2005","연립다세대","중개거래","서울 송파구"
"2026","11305","강북구","10300","수유동","1","대지","0391","0026","(391-26)","20260106","22200","25.11","15.000000","2","","","2025","연립다세대","직거래",""
"2026","11305","강북구","10300","수유동","1","대지","0391","0026","(391-26)","20260106","22600","25.11","15.000000","3","","","2025","연립다세대","직거래",""
"2026","11305","강북구","10300","수유동","1","대지","0391","0026","(391-26)","20260106","21650","27.06","17.000000","4","","","2025","연립다세대","직거래",""
"2026","11305","강북구","10300","수유동","1","대지","0391","0026","(391-26)","20260106","22150","27.65","17.000000","4","","","2025","연립다세대","직거래",""
"2026","11305","강북구","10300","수유동","1","대지","0391","0026","(391-26)","20260106","23200","28.55","17.000000","3","","","2025","연립다세대","직거래",""
"2026","11305","강북구","10300","수유동","1","대지","0391","0026","(391-26)","20260106","23200","28.55","17.000000","4","","","2025","연립다세대","직거래",""
"2026","11305","강북구","10300","수유동","1","대지","0391","0026","(391-26)","20260106","22900","28.55","17.000000","5","","","2025","연립다세대","직거래",""
"2026","11305","강북구","10300","수유동","1","대지","0391","0026","(391-26)","20260106","22800","28.55","17.000000","2","","","2025","연립다세대","직거래",""
"2026","11305","강북구","10300","수유동","1","대지","0391","0026","(391-26)","20260106","24450","28.77","18.000000","2","","","2025","연립다세대","직거래",""
"2026","11305","강북구","10300","수유동","1","대지","0391","0026","(391-26)","20260106","24850","28.77","18.000000","3","","","2025","연립다세대","직거래",""
"2026","11305","강북구","10300","수유동","1","대지","0391","0026","(391-26)","20260106","23050","28.77","18.000000","4","","","2025","연립다세대","직거래",""
"2026","11305","강북구","10300","수유동","1","대지","0391","0026","(391-26)","20260106","24800","29.45","18.000000","3","","","2025","연립다세대","직거래",""
"2026","11305","강북구","10300","수유동","1","대지","0391","0026","(391-26)","20260106","24450","29.45","18.000000","2","","","2025","연립다세대","직거래",""
"2026","11305","강북구","10300","수유동","1","대지","0391","0026","(391-26)","20260106","24150","29.86","18.000000","4","","","2025","연립다세대","직거래",""
"2026","11305","강북구","10300","수유동","1","대지","0391","0026","(391-26)","20260106","23750","29.86","18.000000","2","","","2025","연립다세대","직거래",""
"2026","11305","강북구","10300","수유동","1","대지","0391","0026","(391-26)","20260106","24150","29.86","18.000000","3","","","2025","연립다세대","직거래",""
"2026","11305","강북구","10300","수유동","1","대지","0391","0026","(391-26)","20260106","23900","29.86","18.000000","5","","","2025","연립다세대","직거래",""
"2026","11305","강북구","10300","수유동","1","대지","0391","0026","(391-26)","20260106","23500","29.88","18.000000","5","","","2025","연립다세대","직거래",""
"2026","11305","강북구","10300","수유동","1","대지","0391","0026","(391-26)","20260106","31000","40.72","25.000000","5","","","2025","연립다세대","직거래",""
"2026","11740","강동구","10500","길동","1","대지","0413","0024","(413-24)","20260106","10800","18.755","25.505000","11","","","2016","오피스텔","중개거래","서울 강동구"
"2026","11740","강동구","10500","길동","1","대지","0413","0024","(413-24)","20260106","10800","18.755","25.505000","12","","","2016","오피스텔","중개거래","서울 강동구"
"2026","11440","마포구","12400","연남동","1","대지","0487","0434","(487-434)","20260106","36000","29.77","20.000000","2","","","1986","연립다세대","중개거래","서울 마포구"
"2026","11710","송파구","10400","송파동","1","대지","0088","0024","(88-24)","20260106","41000","44.055","24.000000","2","","","2017","연립다세대","중개거래","서울 송파구"
"2026","11140","중구","16300","흥인동","1","대지","0091","0000","(91)","20260106","13800","22.33","34.310000","4","","","2013","오피스텔","중개거래","서울 중구"
"2026","11710","송파구","10700","가락동","1","대지","0098","0007","(98-7)","20260106","9500","23.47","30.940000","10","","","1990","오피스텔","중개거래","서울 도봉구, 서울 송파구"
"2026","11500","강서구","10800","공항동","1","대지","0014","0203","14-203","20260106","13000","15.45","11.000000","2","","","2017","연립다세대","중개거래","서울 강서구"
"2026","11530","구로구","10700","개봉동","1","대지","0342","0010","2차한샘하이빌1동(342-10)","20260106","24000","59.57","32.000000","4","","","2002","연립다세대","중개거래","서울 구로구"
"2026","11170","용산구","11900","효창동","1","대지","0005","0313","5-313","20260106","30200","29.24","18.000000","2","","","2017","연립다세대","중개거래","서울 용산구"
"2026","11380","은평구","10700","응암동","1","대지","0091","0007","CJ드림시티","20260106","12400","24.84","34.065200","8","","","2004","오피스텔","중개거래","서울 은평구"
"2026","11410","서대문구","12000","남가좌동","1","대지","0396","0000","DMC금호리첸시아","20260106","108500","59.829","0.000000","6","","","2024","아파트","중개거래","서울 서대문구"
"2026","11410","서대문구","11900","북가좌동","1","대지","0481","0000","DMC래미안e편한세상","20260106","138000","84.92","0.000000","4","","","2012","아파트","중개거래","서울 서대문구"
"2026","11710","송파구","10100","잠실동","1","대지","0176","0000","잠실 포레디움","20260106","15500","16.701","26.707900","12","","","2019","오피스텔","중개거래","서울 송파구"
"2026","11710","송파구","10100","잠실동","1","대지","0176","0000","잠실 포레디움","20260106","15500","16.701","26.707900","12","","20260122","2019","오피스텔","중개거래","서울 송파구"
"2026","11230","동대문구","10600","장안동","1","대지","0095","0001","장안현대","20260106","72500","95.45","0.000000","3","","","1984","아파트","중개거래","서울 동대문구"
"2026","11230","동대문구","10600","장안동","1","대지","0329","0002","장안힐스테이트","20260106","112000","84.568","0.000000","6","","","2007","아파트","중개거래","서울 동대문구"
"2026","11530","구로구","10700","개봉동","1","대지","0307","0017","제니스","20260106","14500","27.42","28.000000","2","","","2013","연립다세대","중개거래","서울 구로구"
"2026","11500","강서구","10200","등촌동","1","대지","0688","0000","주공3","20260106","95000","58.14","0.000000","6","","","1995","아파트","중개거래","서울 강서구"
"2026","11500","강서구","10200","등촌동","1","대지","0688","0000","주공3","20260106","89000","58.14","0.000000","2","","","1995","아파트","중개거래","서울 강서구"
"2026","11350","노원구","10500","상계동","1","대지","1068","0000","중앙하이츠(5지역)","20260106","39200","59.99","0.000000","8","","","1996","아파트","중개거래","서울 노원구"
"2026","11410","서대문구","12000","남가좌동","1","대지","0105","0001","창덕에버빌","20260106","99000","120.5","0.000000","16","","","1998","아파트","중개거래","서울 서대문구"
"2026","11320","도봉구","10700","창동","1","대지","0812","0000","창동현대타운","20260106","41000","57.93","0.000000","2","","","1999","아파트","중개거래","서울 도봉구"
"2026","11140","중구","16500","황학동","1","대지","1153","0000","청계아델리아 II","20260106","47000","44.18","70.800000","4","","","null","오피스텔","중개거래","서울 강북구"
"2026","11350","노원구","10600","중계동","1","대지","0366","0000","청구(366)","20260106","133500","115.47","0.000000","9","","","1993","아파트","중개거래","경기 성남시 분당구, 서울 노원구"
"2026","11350","노원구","10200","월계동","1","대지","0780","0000","청백3","20260106","36700","49.77","0.000000","7","","","1998","아파트","중개거래","서울 노원구"
"2026","11500","강서구","10600","내발산동","1","대지","0674","0012","청솔리더스빌","20260106","24000","54.14","24.000000","1","","","2002","연립다세대","중개거래","서울 강서구"
"2026","11545","금천구","10200","독산동","1","대지","0887","0005","청호센트레빌","20260106","40000","72.36","0.000000","2","","","2003","아파트","중개거래","서울 금천구"
"2026","11470","양천구","10300","신월동","1","대지","1058","0000","코아루2단지","20260106","58800","84.95","0.000000","5","","","2010","아파트","중개거래","경기 광명시, 서울 양천구"
"2026","11650","서초구","10100","방배동","1","대지","0931","0007","클레버빌","20260106","119500","129.14","59.000000","5","","","2002","연립다세대","중개거래","서울 서초구"
"2026","11350","노원구","10300","공릉동","1","대지","0758","0000","태릉해링턴플레이스","20260106","104000","74.95","0.000000","24","","","2022","아파트","중개거래","서울 노원구"
"2026","11320","도봉구","10700","창동","1","대지","0819","0000","태영데시앙","20260106","81200","84.995","0.000000","19","","","2003","아파트","중개거래","서울 도봉구"
"2026","11380","은평구","10900","신사동","1","대지","0287","0001","파크빌(A동)","20260106","19800","27.98","16.000000","4","","","2017","연립다세대","중개거래","서울 은평구"
"2026","11710","송파구","10800","문정동","1","대지","0618","0000","파크하비오","20260106","43000","48.93","62.010000","4","","","null","오피스텔","중개거래","서울 송파구"
"2026","11710","송파구","10800","문정동","1","대지","0618","0000","파크하비오","20260106","48100","51.16","64.840000","4","","","null","오피스텔","중개거래","서울 송파구"
"2026","11440","마포구","10300","신공덕동","1","대지","0172","0000","펜트라우스","20260106","44000","42.94","59.744000","5","","","2011","오피스텔","중개거래","서울 마포구"
"2026","11290","성북구","13800","장위동","1","대지","0025","0055","푸르지오 라디우스 파크","20260106","107219","59.93","0.000000","14","분양권","","0","아파트","중개거래","서울 동대문구"
"2026","11545","금천구","10200","독산동","1","대지","0921","0002","프라우드21","20260106","24500","28.14","18.000000","3","","","2021","연립다세대","중개거래","서울 금천구"
"2026","11170","용산구","12900","이촌동","1","대지","0415","0000","한강(대우)","20260106","337400","135.5","0.000000","11","","","2000","아파트","중개거래","서울 용산구"
"2026","11170","용산구","12800","한강로3가","1","대지","0065","0230","한강대우트럼프월드3","20260106","106000","48.53","67.720000","26","","","2004","오피스텔","중개거래","서울 용산구"
"2026","11260","중랑구","10100","면목동","1","대지","1204","0001","한라빌라트","20260106","23000","49.88","26.000000","4","","","1994","연립다세대","중개거래","서울 중랑구"
"2026","11680","강남구","10600","대치동","1","대지","0511","0000","한보미도맨션1","20260106","390000","128.01","0.000000","9","","","1983","아파트","직거래",""
"2026","11620","관악구","10300","남현동","1","대지","0602","0203","한솔빌라트","20260106","50300","79.18","42.000000","4","","","1996","연립다세대","중개거래","서울 관악구"
"2026","11530","구로구","10200","구로동","1","대지","1280","0000","한신휴플러스(1280-0)","20260106","77000","58.03","0.000000","18","","","2007","아파트","중개거래","서울 구로구"
"2026","11560","영등포구","10900","영등포동8가","1","대지","0042","0001","한양아이클래스 오피스텔","20260106","13500","19.86","28.980900","7","","","2014","오피스텔","중개거래","서울 영등포구"
"2026","11230","동대문구","10500","답십리동","1","대지","0494","0001","한일노벨리아","20260106","12900","19.05","27.530000","8","","","2016","오피스텔","중개거래","서울 동대문구"
"2026","11350","노원구","10200","월계동","1","대지","0018","0000","한진한화그랑빌","20260106","105500","114.97","0.000000","9","","","2002","아파트","중개거래","서울 노원구, 서울 성북구"
"2026","11140","중구","16200","신당동","1","대지","0845","0000","한진해모로","20260106","110000","59.76","0.000000","10","","","2001","아파트","중개거래","서울 성동구"
"2026","11710","송파구","10500","석촌동","1","대지","0229","0002","해오름빌(229-2)","20260106","43000","28.97","21.000000","5","","","2012","연립다세대","중개거래","서울 송파구"
"2026","11560","영등포구","12700","양평동3가","1","대지","0079","0004","현대2차","20260106","149000","80.92","0.000000","12","","","1990","아파트","중개거래","서울 강서구, 서울 영등포구"
"2026","11440","마포구","10400","도화동","1","대지","0564","0000","마포동원베네스트","20260106","134000","58.65","0.000000","12","","","2010","아파트","중개거래","서울 마포구"
"2026","11680","강남구","10600","대치동","1","대지","0888","0000","대치아이파크","20260106","392000","84.95","0.000000","20","","","2008","아파트","중개거래","서울 강남구"
"2026","11680","강남구","10600","대치동","1","대지","0893","0000","롯데캐슬","20260106","343000","135.73","0.000000","11","","","2002","아파트","중개거래","서울 강남구"
"2026","11650","서초구","10200","양재동","1","대지","0392","0008","마이빌","20260106","41000","29.44","16.000000","5","","","2017","연립다세대","중개거래","서울 서초구"
"2026","11380","은평구","10200","녹번동","1","대지","0283","0000","래미안베라힐즈","20260106","132500","84.95","0.000000","3","","","2019","아파트","중개거래","경남 창원시 성산구, 서울 은평구"
"2026","11440","마포구","10800","대흥동","1","대지","0660","0000","대흥동태영아파트","20260106","215000","84.77","0.000000","11","","","1999","아파트","중개거래","서울 마포구"
"2026","11680","강남구","10600","대치동","1","대지","0891","0063","대치트레비스타 102동","20260106","26000","18.45","32.390000","9","","","2020","오피스텔","중개거래","서울 강남구, 서울 송파구"
"2026","11500","강서구","10500","마곡동","1","대지","0767","0004","롯데캐슬 르웨스트","20260106","163800","83.523","88.349100","10","","","2024","오피스텔","직거래",""
"2026","11410","서대문구","11800","홍은동","1","대지","0456","0000","두산","20260106","68500","84.84","0.000000","4","","","1997","아파트","중개거래","서울 서대문구"
"2026","11500","강서구","10500","마곡동","1","대지","0767","0004","롯데캐슬 르웨스트","20260106","130600","69.843","74.862300","5","","","2024","오피스텔","직거래",""
"2026","11500","강서구","10300","화곡동","1","대지","0407","0013","롯데팰리스","20260106","21240","37.21","21.000000","5","","","2016","연립다세대","직거래",""
"2026","11470","양천구","10300","신월동","1","대지","1063","0000","롯데캐슬","20260106","105000","84.984","0.000000","2","","","2014","아파트","중개거래","서울 양천구"
"2026","11380","은평구","10900","신사동","1","대지","0028","0002","더클래스","20260106","28900","29.94","18.000000","3","","20260123","2023","연립다세대","중개거래","서울 서대문구, 서울 은평구"
"2026","11590","동작구","10200","상도동","1","대지","0530","0000","롯데캐슬비엔","20260106","116000","100.52","0.000000","4","","","2010","아파트","중개거래","서울 동작구"
"2026","11260","중랑구","10300","중화동","1","대지","0320","0085","모두&토토","20260106","31000","29.76","19.000000","2","","","2018","연립다세대","중개거래","서울 중랑구"
"2026","11680","강남구","10800","논현동","1","대지","0170","0004","로얄캐슬","20260106","36000","24.39","16.000000","3","","","2016","연립다세대","중개거래","서울 강남구"
"2026","11560","영등포구","13000","양평동6가","1","대지","0007","0000","더하우스Ⅰ","20260106","11500","16.32","8.000000","5","","","2011","연립다세대","중개거래","서울 영등포구"
"2026","11530","구로구","10700","개봉동","1","대지","0472","0000","두산","20260106","60000","84.96","0.000000","2","","","1997","아파트","중개거래","서울 구로구"
"2026","11500","강서구","10300","화곡동","1","대지","0409","0110","동우빌라","20260106","8950","37.24","25.000000","-1","","","1990","연립다세대","중개거래","서울 강서구"
"2026","11170","용산구","10100","후암동","1","대지","0268","0000","로뎀빌","20260106","93000","53.88","28.000000","4","","","2003","연립다세대","중개거래","서울 용산구"
"2026","11380","은평구","10800","역촌동","1","대지","0049","0013","모던하임(49-13)","20260106","26700","34.51","26.000000","2","","","2015","연립다세대","중개거래","서울 은평구"
"2026","11590","동작구","10700","사당동","1","대지","0044","0179","디에스리브1단지","20260106","37000","27.76","21.000000","4","","","2021","연립다세대","중개거래","서울 서초구"
"2026","11500","강서구","10300","화곡동","1","대지","0473","0004","명지해드는터","20260106","60000","84.39","0.000000","2","","","2005","아파트","직거래",""
"2026","11410","서대문구","12000","남가좌동","1","대지","0387","0000","디엠씨엘가","20260106","20400","17.23","0.000000","11","","","2017","아파트","중개거래","서울 서대문구"
"2026","11470","양천구","10200","목동","1","대지","0324","0100","명성아트빌A동","20260106","24000","57.48","27.000000","4","","","2002","연립다세대","중개거래","서울 양천구"
"2026","11110","종로구","12100","신문로2가","1","대지","0171","0000","디팰리스","20260106","475000","148.111","0.000000","13","","","2020","아파트","중개거래","서울 강남구"
"2026","11290","성북구","10300","돈암동","1","대지","0603","0000","돈암동더샵아파트","20260106","79500","84.817","0.000000","6","","","2006","아파트","중개거래","서울 성북구"
"2026","11440","마포구","10300","신공덕동","1","대지","0167","0000","대우메트로디오빌","20260106","34750","29.11","0.000000","27","","","2005","아파트","중개거래","서울 마포구"
"2026","11350","노원구","10500","상계동","1","대지","1285","0000","동아불암","20260106","68900","114.24","0.000000","2","","","1999","아파트","중개거래","서울 노원구"
"2026","11350","노원구","10500","상계동","1","대지","1285","0000","동아불암","20260106","50000","59.4","0.000000","7","","","1999","아파트","중개거래","서울 노원구"
"2026","11230","동대문구","10500","답십리동","1","대지","0990","0000","두산","20260106","100000","114.97","0.000000","8","","","2000","아파트","중개거래","서울 동대문구"
"2026","11320","도봉구","10700","창동","1","대지","0581","0014","대원파크빌","20260106","22000","59.7","28.000000","3","","","2013","연립다세대","중개거래","서울 도봉구"
"2026","11500","강서구","10100","염창동","1","대지","0292","0000","동아","20260106","113700","84.95","0.000000","13","","","1998","아파트","중개거래","서울 강서구"
"2026","11650","서초구","10700","반포동","1","대지","0732","0014","메종슈에뜨732","20260106","80000","36.29","23.000000","2","","","2022","연립다세대","중개거래","서울 서초구"
"2026","11500","강서구","10500","마곡동","1","대지","0748","0000","마곡13단지힐스테이트마스터","20260106","167000","84.98","0.000000","10","","","2017","아파트","중개거래","서울 강서구"
"2026","11500","강서구","10100","염창동","1","대지","0292","0000","동아","20260106","88500","59.97","0.000000","11","","","1998","아파트","중개거래","서울 강서구"
"2026","11230","동대문구","10500","답십리동","1","대지","0042","0000","동답한신","20260106","40000","35.45","0.000000","15","","","1992","아파트","중개거래","서울 동대문구"
"2026","11650","서초구","10600","잠원동","1","대지","0157","0000","동아","20260106","365000","84.91","0.000000","14","","","2002","아파트","중개거래","서울 서초구"
"2026","11470","양천구","10100","신정동","1","대지","0324","0010","동문굿모닝탑","20260106","163000","153.39","0.000000","19","","","2003","아파트","중개거래","서울 양천구"
"2026","11650","서초구","10200","양재동","1","대지","0007","0019","더베스트","20260106","44000","27.28","18.000000","4","","","2016","연립다세대","중개거래","서울 서초구"
"2026","11560","영등포구","11000","여의도동","1","대지","0013","0021","맨하탄21리빙텔","20260106","20000","41.58","41.580000","4","","","2001","오피스텔","중개거래","서울 영등포구"
"2026","11470","양천구","10100","신정동","1","대지","0311","0000","목동신시가지10","20260106","183000","53.82","0.000000","11","","","1987","아파트","중개거래","서울 양천구"
"2026","11290","성북구","10300","돈암동","1","대지","0636","0000","이수브라운스톤돈암","20260106","80000","59.99","0.000000","16","","","2004","아파트","중개거래","서울 성북구"
"2026","11710","송파구","10800","문정동","1","대지","0622","0000","송파한화오벨리스크","20260106","18900","24.66","31.746000","15","","","2013","오피스텔","중개거래","서울 송파구"
"2026","11710","송파구","10800","문정동","1","대지","0620","0000","송파푸르지오시티","20260106","24000","29.97","39.070000","3","","","2013","오피스텔","중개거래","서울 송파구"
"2026","11350","노원구","10600","중계동","1","대지","0445","0000","염광","20260106","81000","84.5","0.000000","15","","","1996","아파트","중개거래","서울 노원구"
"2026","11320","도봉구","10600","방학동","1","대지","0271","0001","신동아아파트1","20260106","42000","62.22","0.000000","6","","","1986","아파트","중개거래","서울 도봉구, 서울 성북구"
"2026","11560","영등포구","11300","당산동3가","1","대지","0559","0000","쌍용예가클래식","20260106","144000","95.2","0.000000","8","","","2010","아파트","중개거래","서울 영등포구"
"2026","11470","양천구","10100","신정동","1","대지","1290","0004","신정동대우미래사랑5차","20260106","42700","71.53","86.320000","14","","","2004","오피스텔","중개거래","서울 양천구"
"2026","11230","동대문구","11000","이문동","1","대지","0425","0000","이문삼성래미안아파트","20260106","92000","114.988","0.000000","5","","","2001","아파트","중개거래","서울 동대문구"
"2026","11560","영등포구","13200","신길동","1","대지","0276","0081","이에스하임","20260106","69000","29.32","18.000000","2","","","2020","연립다세대","중개거래","서울 강남구"
"2026","11590","동작구","10100","노량진동","1","대지","0325","0000","신동아리버파크","20260106","150000","84.88","0.000000","20","","","2001","아파트","중개거래","서울 동작구"
"2026","11320","도봉구","10600","방학동","1","대지","0650","0038","신성아트빌","20260106","14500","42.56","22.000000","5","","","2003","연립다세대","중개거래","서울 강북구, 서울 도봉구"
"2026","11650","서초구","10700","반포동","1","대지","0701","0031","써니힐","20260106","110000","76.83","0.000000","2","","","2003","아파트","중개거래","서울 서초구"
"2026","11440","마포구","10400","도화동","1","대지","0556","0000","에스케이허브그린","20260106","36500","46.99","61.720000","8","","20260108","2005","오피스텔","중개거래","서울 마포구"
"2026","11290","성북구","13600","하월곡동","1","대지","0222","0000","월곡두산위브","20260106","87500","84.992","0.000000","5","","","2003","아파트","중개거래","서울 성북구"
"2026","11500","강서구","10600","내발산동","1","대지","0699","0002","우성쉐르빌","20260106","20000","37.26","21.000000","3","","","2011","연립다세대","중개거래","서울 강서구"
"2026","11320","도봉구","10600","방학동","1","대지","0271","0001","신동아아파트1","20260106","30000","51.27","0.000000","1","","","1986","아파트","중개거래","서울 도봉구"
"2026","11380","은평구","11400","진관동","1","대지","0066","0000","은평뉴타운꿈에그린","20260106","70000","59.92","0.000000","7","","","2018","아파트","중개거래","서울 은평구"
"2026","11110","종로구","17500","숭인동","1","대지","1368","0000","숭인한성아펠시티","20260106","28500","22.28","32.090000","13","","","2021","오피스텔","중개거래","서울 동대문구"
"2026","11440","마포구","12500","성산동","1","대지","0242","0013","이안휴빌","20260106","44800","54.4","32.000000","3","","","2014","연립다세대","중개거래","서울 마포구"
"2026","11740","강동구","10900","천호동","1","대지","0301","0033","아우르미","20260106","30500","29.26","19.000000","2","","","2023","연립다세대","직거래",""
"2026","11560","영등포구","13300","대림동","1","대지","0717","0000","쌍용플래티넘S","20260106","9500","18.24","0.000000","3","","","2013","아파트","중개거래","서울 영등포구"
"2026","11500","강서구","10600","내발산동","1","대지","0734","0000","우장산월드메르디앙","20260106","83750","84.447","0.000000","6","","","2005","아파트","중개거래","서울 강서구"
"2026","11560","영등포구","10500","영등포동4가","1","대지","0443","0000","영등포 센트럴 푸르지오 시티","20260106","20700","29.75","41.850000","4","","","2013","오피스텔","중개거래","서울 영등포구"
"2026","11440","마포구","11100","신수동","1","대지","0190","0000","신수동성원","20260106","125000","59.76","0.000000","9","","","1998","아파트","중개거래","서울 마포구"
"2026","11440","마포구","12300","망원동","1","대지","0486","0034","소이연빌리지(486-34)","20260106","25500","40.63","24.000000","5","","","2008","연립다세대","직거래",""
"2026","11470","양천구","10100","신정동","1","대지","0964","0013","시온타운","20260106","42000","45.34","25.000000","3","","","2009","연립다세대","중개거래","서울 양천구"
"2026","11470","양천구","10100","신정동","1","대지","0919","0009","시온주택","20260106","23000","48.94","20.000000","4","","","2001","연립다세대","중개거래","서울 양천구"
"2026","11380","은평구","11400","진관동","1","대지","0060","0000","은평뉴타운솔하임","20260106","9800","18.717","29.344000","11","","20260108","2017","오피스텔","중개거래","서울 은평구"
"2026","11350","노원구","10300","공릉동","1","대지","0715","0000","시영3차(라이프)아파트","20260106","30750","34.44","0.000000","15","","","1994","아파트","중개거래","서울 노원구"
"2026","11410","서대문구","11200","대현동","1","대지","0090","0044","이대프리젠#2","20260106","17000","15.6","22.910000","6","","","2017","오피스텔","중개거래","서울 서대문구"
"2026","11380","은평구","11400","진관동","1","대지","0060","0000","은평뉴타운솔하임","20260106","10800","18.717","29.344000","11","","","2017","오피스텔","중개거래","서울 은평구"
"2026","11410","서대문구","11900","북가좌동","1","대지","0279","0001","신우벨라체(279-1)","20260106","25500","40.6","24.000000","2","","","2016","연립다세대","중개거래","경기 부천시 소사구"
"2026","11320","도봉구","10700","창동","1","대지","0731","0121","엘리시안","20260106","23000","29.67","12.000000","4","","","2020","연립다세대","직거래",""
"2026","11545","금천구","10300","시흥동","1","대지","1011","0000","우방","20260106","41400","59.91","0.000000","1","","","2002","아파트","중개거래","서울 관악구, 서울 금천구"
"2026","11470","양천구","10300","신월동","1","대지","0480","0004","예지보금자리74차","20260106","31100","55.69","0.000000","2","","","2014","아파트","중개거래","서울 양천구"
"2026","11590","동작구","10600","동작동","1","대지","0333","0000","이수힐스테이트","20260106","222000","84.981","0.000000","9","","","2013","아파트","중개거래","서울 동작구"
"2026","11140","중구","13400","인현동2가","1","대지","0240","0000","세운푸르지오헤리시티","20260106","88000","42.234","0.000000","5","","","2023","아파트","중개거래","서울 중구"
"2026","11620","관악구","10200","신림동","1","대지","1421","0029","에스케이허브그린","20260105","16300","26.62","36.970000","14","","","2004","오피스텔","중개거래","서울 관악구"
"2026","11500","강서구","10500","마곡동","1","대지","0012","0002","세종보타닉1차","20260105","24000","23.69","9.000000","13","","","2020","연립다세대","중개거래","서울 강서구"
"2026","11590","동작구","10900","신대방동","1","대지","0687","0013","소노트리지움","20260105","42000","40.86","25.000000","6","","","2019","연립다세대","중개거래","서울 관악구"
"2026","11710","송파구","11300","거여동","1","대지","0697","0000","송파시그니처롯데캐슬","20260105","178000","59.98","0.000000","24","","","2021","아파트","중개거래","서울 송파구"
"2026","11710","송파구","10900","장지동","1","대지","0855","0000","송파파인타운12단지","20260105","190000","84.9","0.000000","15","","","2011","아파트","중개거래","서울 강남구, 서울 송파구"
"2026","11710","송파구","10800","문정동","1","대지","0620","0000","송파푸르지오시티","20260105","22900","30","39.110000","12","","","2013","오피스텔","중개거래","서울 송파구"
"2026","11350","노원구","10500","상계동","1","대지","1117","0019","수락윈디하이츠","20260105","17500","49.95","60.070000","4","","","2012","오피스텔","중개거래","서울 노원구"
"2026","11620","관악구","10100","봉천동","1","대지","1718","0005","슈프림더하이움","20260105","57372","57.17","23.000000","7","","","2025","연립다세대","중개거래","경기 양주시"
"2026","11620","관악구","10100","봉천동","1","대지","1718","0005","슈프림더하이움","20260105","57697","57.17","23.000000","10","","","2025","연립다세대","중개거래","경기 양주시"
"2026","11620","관악구","10100","봉천동","1","대지","1718","0005","슈프림더하이움","20260105","57697","57.17","23.000000","9","","","2025","연립다세대","중개거래","경기 양주시"
"2026","11620","관악구","10100","봉천동","1","대지","1718","0005","슈프림더하이움","20260105","57522","57.17","23.000000","8","","","2025","연립다세대","중개거래","경기 양주시"
"2026","11620","관악구","10100","봉천동","1","대지","1718","0005","슈프림더하이움","20260105","58719","58.94","24.000000","7","","","2025","연립다세대","중개거래","경기 양주시"
"2026","11620","관악구","10100","봉천동","1","대지","1718","0005","슈프림더하이움","20260105","58869","58.94","24.000000","8","","","2025","연립다세대","중개거래","경기 양주시"
"2026","11620","관악구","10100","봉천동","1","대지","1718","0005","슈프림더하이움","20260105","59069","58.94","24.000000","9","","","2025","연립다세대","중개거래","경기 양주시"
"2026","11620","관악구","10100","봉천동","1","대지","1718","0005","슈프림더하이움","20260105","59069","58.94","24.000000","10","","","2025","연립다세대","중개거래","경기 양주시"
"2026","11620","관악구","10100","봉천동","1","대지","1718","0005","슈프림더하이움","20260105","55607","59.3","24.000000","10","","","2025","연립다세대","중개거래","경기 양주시"
"2026","11620","관악구","10100","봉천동","1","대지","1718","0005","슈프림더하이움","20260105","57842","59.49","24.000000","6","","","2025","연립다세대","중개거래","경기 양주시"
"2026","11620","관악구","10100","봉천동","1","대지","1718","0005","슈프림더하이움","20260105","58342","59.49","24.000000","10","","","2025","연립다세대","중개거래","경기 양주시"
"2026","11620","관악구","10100","봉천동","1","대지","1718","0005","슈프림더하이움","20260105","58367","59.49","24.000000","7","","","2025","연립다세대","중개거래","경기 양주시"
"2026","11620","관악구","10100","봉천동","1","대지","1718","0005","슈프림더하이움","20260105","58342","59.49","24.000000","9","","","2025","연립다세대","중개거래","경기 양주시"
"2026","11620","관악구","10100","봉천동","1","대지","1718","0005","슈프림더하이움","20260105","58692","59.49","24.000000","9","","","2025","연립다세대","중개거래","경기 양주시"
"2026","11620","관악구","10100","봉천동","1","대지","1718","0005","슈프림더하이움","20260105","58167","59.49","24.000000","8","","","2025","연립다세대","중개거래","경기 양주시"
"2026","11620","관악구","10100","봉천동","1","대지","1718","0005","슈프림더하이움","20260105","58517","59.49","24.000000","8","","","2025","연립다세대","중개거래","경기 양주시"
"2026","11620","관악구","10100","봉천동","1","대지","1718","0005","슈프림더하이움","20260105","58017","59.49","24.000000","7","","","2025","연립다세대","중개거래","경기 양주시"
"2026","11620","관악구","10100","봉천동","1","대지","1718","0005","슈프림더하이움","20260105","62213","78.62","95.730000","2","","","2025","오피스텔","중개거래","경기 양주시"
"2026","11620","관악구","10100","봉천동","1","대지","1718","0005","슈프림더하이움","20260105","62895","78.62","95.730000","4","","","2025","오피스텔","중개거래","경기 양주시"
"2026","11620","관악구","10100","봉천동","1","대지","1718","0005","슈프림더하이움","20260105","63263","78.62","95.730000","5","","","2025","오피스텔","중개거래","경기 양주시"
"2026","11620","관악구","10100","봉천동","1","대지","1718","0005","슈프림더하이움","20260105","62895","78.62","95.730000","2","","","2025","오피스텔","중개거래","경기 양주시"
"2026","11620","관악구","10100","봉천동","1","대지","1718","0005","슈프림더하이움","20260105","64313","78.62","95.730000","6","","","2025","오피스텔","중개거래","경기 양주시"
"2026","11620","관악구","10100","봉천동","1","대지","1718","0005","슈프림더하이움","20260105","63578","78.62","95.730000","4","","","2025","오피스텔","중개거래","경기 양주시"
"2026","11620","관악구","10100","봉천동","1","대지","1718","0005","슈프림더하이움","20260105","63998","78.62","95.730000","5","","","2025","오피스텔","중개거래","경기 양주시"
"2026","11620","관악구","10100","봉천동","1","대지","1718","0005","슈프림더하이움","20260105","63263","78.62","95.730000","3","","","2025","오피스텔","중개거래","경기 양주시"
"2026","11620","관악구","10100","봉천동","1","대지","1718","0005","슈프림더하이움","20260105","62580","78.62","95.730000","3","","","2025","오피스텔","중개거래","경기 양주시"
"2026","11620","관악구","10100","봉천동","1","대지","1718","0005","슈프림더하이움","20260105","64313","80.54","98.220000","2","","","2025","오피스텔","중개거래","경기 양주시"
"2026","11620","관악구","10100","봉천동","1","대지","1718","0005","슈프림더하이움","20260105","65730","80.54","98.220000","6","","","2025","오피스텔","중개거래","경기 양주시"
"2026","11620","관악구","10100","봉천동","1","대지","1718","0005","슈프림더하이움","20260105","65363","80.54","98.220000","5","","","2025","오피스텔","중개거래","경기 양주시"
"2026","11620","관악구","10100","봉천동","1","대지","1718","0005","슈프림더하이움","20260105","64995","80.54","98.220000","4","","","2025","오피스텔","중개거래","경기 양주시"
"2026","11620","관악구","10100","봉천동","1","대지","1718","0005","슈프림더하이움","20260105","64680","80.54","98.220000","3","","","2025","오피스텔","중개거래","경기 양주시"
"2026","11620","관악구","10100","봉천동","1","대지","1718","0005","슈프림더하이움","20260105","64260","81.3","99.000000","2","","","2025","오피스텔","중개거래","경기 양주시"
"2026","11620","관악구","10100","봉천동","1","대지","1718","0005","슈프림더하이움","20260105","65625","81.3","99.000000","6","","","2025","오피스텔","중개거래","경기 양주시"
"2026","11620","관악구","10100","봉천동","1","대지","1718","0005","슈프림더하이움","20260105","64943","81.3","99.000000","4","","","2025","오피스텔","중개거래","경기 양주시"
"2026","11620","관악구","10100","봉천동","1","대지","1718","0005","슈프림더하이움","20260105","65310","81.3","99.000000","5","","","2025","오피스텔","중개거래","경기 양주시"
"2026","11620","관악구","10100","봉천동","1","대지","1718","0005","슈프림더하이움","20260105","64628","81.3","99.000000","3","","","2025","오피스텔","중개거래","경기 양주시"
"2026","11290","성북구","13900","석관동","1","대지","0340","0244","스타캐슬","20260105","31000","41.26","31.000000","2","","","2019","연립다세대","중개거래","서울 성북구"
"2026","11410","서대문구","11700","연희동","1","대지","0078","0004","시아루비움","20260105","45000","65.87","27.000000","4","","","2004","연립다세대","중개거래","서울 서대문구, 서울 영등포구"
"2026","11350","노원구","10300","공릉동","1","대지","0707","0000","시영2단지(라이프)아파트","20260105","34300","39.6","0.000000","8","","","1994","아파트","중개거래","서울 노원구"
"2026","11260","중랑구","10600","신내동","1","대지","0661","0000","신내11대명","20260105","50500","59.76","0.000000","5","","","1996","아파트","중개거래","서울 강남구"
"2026","11680","강남구","11500","수서동","1","대지","0736","0000","신동아","20260105","185000","39.51","0.000000","4","","","1992","아파트","중개거래","서울 강남구"
"2026","11500","강서구","10900","방화동","1","대지","0796","0000","신동아","20260105","74500","84.81","0.000000","10","","","1995","아파트","중개거래","서울 강서구"
"2026","11710","송파구","10300","풍납동","1","대지","0220","0002","신동아파밀리에","20260105","70000","59.36","0.000000","8","","","1993","아파트","중개거래","서울 송파구"
"2026","11710","송파구","11400","마천동","1","대지","0026","0015","신여명(가,나동)","20260105","21000","29.9","26.000000","4","","","2013","연립다세대","중개거래","서울 송파구"
"2026","11710","송파구","10300","풍납동","1","대지","0401","0001","쌍용","20260105","120000","84.86","0.000000","6","","","1994","아파트","중개거래","서울 송파구"
"2026","11560","영등포구","13300","대림동","1","대지","0717","0000","쌍용플래티넘S","20260105","10000","18.24","0.000000","3","","","2013","아파트","중개거래","서울 영등포구"
"2026","11590","동작구","10700","사당동","1","대지","0044","0107","썬캐슬","20260105","57500","52.68","32.000000","2","","","2023","연립다세대","중개거래","서울 동작구"
"2026","11620","관악구","10100","봉천동","1","대지","1515","0004","아크로팰리스","20260105","32800","28.24","18.000000","4","","","2020","연립다세대","중개거래","서울 관악구"
"2026","11305","강북구","10300","수유동","1","대지","0092","0008","어반빌리움 수유","20260105","11641","17.01","28.470000","5","","","2021","오피스텔","직거래",""
"2026","11710","송파구","10800","문정동","1","대지","0105","0013","에스비펠리채","20260105","42900","41.06","24.000000","2","","","2019","연립다세대","중개거래","서울 송파구"
"2026","11305","강북구","10100","미아동","1","대지","1353","0000","에스케이북한산시티","20260105","66000","84.71","0.000000","18","","","2004","아파트","중개거래","서울 강북구"
"2026","11230","동대문구","10600","장안동","1","대지","0390","0012","에이원빌리지3단지","20260105","42000","55.5","31.000000","3","","","2017","연립다세대","중개거래","서울 동대문구"
"2026","11560","영등포구","11000","여의도동","1","대지","0017","0000","여의도 the？ 아일랜드 파크","20260105","153000","151.76","194.430000","9","","","2006","오피스텔","중개거래","서울 영등포구"
"2026","11560","영등포구","11000","여의도동","1","대지","0017","0000","여의도 the？ 아일랜드 파크","20260105","153000","151.76","194.430000","9","","20260120","2006","오피스텔","중개거래","서울 영등포구"
"2026","11560","영등포구","11800","도림동","1","대지","0821","0000","영등포아트자이","20260105","151000","84.974","0.000000","16","","","2014","아파트","중개거래","서울 영등포구"
"2026","11560","영등포구","13200","신길동","1","대지","0089","0119","영모던빌","20260105","40000","30","19.000000","5","","","2017","연립다세대","직거래",""
"2026","11710","송파구","11100","방이동","1","대지","0089","0000","올림픽선수기자촌2단지","20260105","330000","100.31","0.000000","13","","","1988","아파트","중개거래","서울 강동구, 서울 송파구"
"2026","11710","송파구","11100","방이동","1","대지","0089","0000","올림픽선수기자촌2단지","20260105","330000","100.82","0.000000","9","","","1988","아파트","중개거래","서울 송파구"
"2026","11380","은평구","11400","진관동","1","대지","0088","0000","우물골2단지두산위브(209~222동)BL2-8","20260105","87900","84.51","0.000000","8","","","2009","아파트","중개거래","서울 은평구"
"2026","11530","구로구","10100","신도림동","1","대지","0639","0000","우성2","20260105","103000","84.82","0.000000","4","","","1996","아파트","중개거래","서울 강서구, 서울 구로구"
"2026","11500","강서구","10600","내발산동","1","대지","0657","0000","우장산힐스테이트","20260105","120000","59.98","0.000000","1","","","2005","아파트","중개거래","서울 강서구"
"2026","11350","노원구","10500","상계동","1","대지","1255","0000","은빛1단지","20260105","41500","49.77","0.000000","12","","","1998","아파트","중개거래","서울 노원구"
"2026","11350","노원구","10500","상계동","1","대지","1256","0000","은빛2단지","20260105","53800","59.95","0.000000","9","","","1998","아파트","중개거래","서울 노원구"
"2026","11215","광진구","10200","능동","1","대지","0165","0000","(165-0)","20260105","42000","45.78","36.000000","3","","","2006","연립다세대","중개거래","서울 광진구"
"2026","11230","동대문구","10600","장안동","1","대지","0289","0008","카라하우스","20260105","43600","53.41","33.000000","4","","","2015","연립다세대","중개거래","서울 동대문구"
"2026","11215","광진구","10500","자양동","1","대지","0788","0000","자양7차현대홈타운","20260105","154000","59.94","0.000000","7","","","2001","아파트","중개거래","서울 광진구"
"2026","11590","동작구","10200","상도동","1","대지","0415","0000","중앙하이츠빌","20260105","147000","123.602","0.000000","12","","","2003","아파트","중개거래","서울 동작구, 서울 성동구"
"2026","11410","서대문구","11800","홍은동","1","대지","0453","0002","풍림2","20260105","57000","58.5","0.000000","2","","","1990","아파트","중개거래","서울 강남구, 서울 서대문구"
"2026","11410","서대문구","10200","충정로3가","1","대지","0477","0000","충림예하임","20260105","85000","84.6","0.000000","5","","","2010","아파트","중개거래","서울 서대문구"
"2026","11545","금천구","10200","독산동","1","대지","0936","0003","해비치빌(936-3)","20260105","35000","55.12","33.000000","3","","","2014","연립다세대","중개거래","서울 금천구"
"2026","11500","강서구","10200","등촌동","1","대지","0642","0000","제일(코오롱)","20260105","86000","84.83","0.000000","3","","","1999","아파트","중개거래","서울 강서구"
"2026","11500","강서구","10100","염창동","1","대지","0270","0001","태영","20260105","80000","59.97","0.000000","15","","","1999","아파트","중개거래","서울 강서구"
"2026","11740","강동구","10900","천호동","1","대지","0289","0043","지에스하우징허브","20260105","39000","26.31","17.000000","3","","","2016","연립다세대","중개거래","경기 안양시 동안구, 서울 강동구"
"2026","11650","서초구","10200","양재동","1","대지","0398","0000","지니하우스2","20260105","78200","45.09","24.000000","5","","","2020","연립다세대","중개거래","서울 서초구"
"2026","11230","동대문구","10400","전농동","1","대지","0127","0134","태성골드빌(127-134)","20260105","73500","36.15","32.000000","2","","","2019","연립다세대","중개거래","서울 동대문구"
"2026","11470","양천구","10100","신정동","1","대지","0319","0026","젠트리빌 업무복합시설","20260105","82600","59.24","81.550000","13","","","2023","오피스텔","직거래",""
"2026","11710","송파구","10100","잠실동","1","대지","0311","0025","(311-25)","20260105","36000","20.9","10.000000","3","","","2002","연립다세대","중개거래","서울 송파구"
"2026","11290","성북구","10300","돈암동","1","대지","0609","0001","한진(609-1)","20260105","103000","152.25","0.000000","14","","","1998","아파트","중개거래","서울 성북구"
"2026","11710","송파구","10100","잠실동","1","대지","0226","0004","(226-4)","20260105","59990","29.43","18.000000","4","","","2019","연립다세대","중개거래","서울 송파구"
"2026","11710","송파구","10800","문정동","1","대지","0028","0002","청송하이츠빌(A동)","20260105","48000","76.44","34.000000","2","","","2002","연립다세대","직거래",""
"2026","11215","광진구","10100","중곡동","1","대지","0074","0002","해피팰리스","20260105","41500","49.84","33.000000","2","","","2015","연립다세대","중개거래","서울 광진구"
"2026","11380","은평구","10100","수색동","1","대지","0418","0000","DMCSKVIEW","20260105","134500","59.986","0.000000","7","","","2023","아파트","중개거래","서울 은평구"
"2026","11200","성동구","10700","행당동","1","대지","0346","0000","행당한진타운","20260105","189000","114.62","0.000000","4","","","2000","아파트","중개거래","서울 성동구"
"2026","11170","용산구","11200","원효로1가","1","대지","0012","0010","청하펠리스","20260105","79700","12.23","8.000000","4","","","2013","연립다세대","중개거래","서울 용산구"
"2026","11320","도봉구","10700","창동","1","대지","0746","0031","플로렌스빌","20260105","24000","42.57","21.000000","3","","","2016","연립다세대","중개거래","서울 도봉구"
"2026","11470","양천구","10100","신정동","1","대지","1293","0000","학마을1단지","20260105","53900","49.98","0.000000","6","","","2000","아파트","중개거래","서울 양천구"
"2026","11545","금천구","10300","시흥동","1","대지","0169","0045","프라우드빌","20260105","28000","37.96","30.000000","4","","","2018","연립다세대","직거래",""
"2026","11620","관악구","10100","봉천동","1","대지","0041","0123","퍼스트프리미엄","20260105","22800","26.13","18.000000","5","","","2017","연립다세대","직거래",""
"2026","11170","용산구","10200","용산동2가","1","대지","0001","0336","(1-336)","20260105","58000","25.92","17.000000","2","","","1997","연립다세대","중개거래","서울 용산구"
"2026","11710","송파구","10800","문정동","1","대지","0618","0000","파크하비오","20260105","70000","46.58","58.860000","10","","","null","오피스텔","중개거래","서울 송파구"
"2026","11470","양천구","10200","목동","1","대지","0794","0006","(794-6)","20260105","27000","53.25","25.000000","4","","","2002","연립다세대","중개거래","서울 강서구, 서울 양천구"
"2026","11740","강동구","10900","천호동","1","대지","0055","0004","천호롯데아파트","20260105","80000","84.51","0.000000","12","","","1999","아파트","중개거래","서울 강동구"
"2026","11440","마포구","11400","창전동","1","대지","0006","0119","청구빌라","20260105","21000","39.12","19.000000","2","","","1994","연립다세대","중개거래","서울 마포구"
"2026","11530","구로구","10600","고척동","1","대지","0326","0000","청구","20260105","57500","59.94","0.000000","12","","","1999","아파트","중개거래","서울 구로구"
"2026","11740","강동구","10900","천호동","1","대지","0528","0000","천호동삼성아파트","20260105","87000","59.86","0.000000","1","","","1997","아파트","중개거래","서울 강동구"
"2026","11530","구로구","10200","구로동","1","대지","0792","0002","(792-2)","20260105","29000","53.82","0.000000","3","","","1996","아파트","중개거래","서울 구로구"
"2026","11680","강남구","10100","역삼동","1","대지","0777","0030","한빛위너스","20260105","52500","29.09","18.000000","4","","","2016","연립다세대","중개거래","서울 강남구"
"2026","11350","노원구","10600","중계동","1","대지","0360","0002","청구3","20260105","141000","84.77","0.000000","9","","","1996","아파트","중개거래","서울 노원구"
"2026","11470","양천구","10300","신월동","1","대지","0513","0009","하은빌리지","20260105","14000","27.24","16.000000","6","","","2018","연립다세대","직거래",""
"2026","11560","영등포구","11000","여의도동","1","대지","0061","0003","(61-3)","20260105","46500","58.59","79.000000","10","","","1991","오피스텔","중개거래","서울 영등포구"
"2026","11680","강남구","10400","청담동","1","대지","0127","0031","청담현대3차아파트","20260105","450000","109.53","0.000000","13","","","1999","아파트","중개거래","서울 강남구, 서울 용산구"
"2026","11560","영등포구","13300","대림동","1","대지","0785","0001","현대1","20260105","79000","84.75","0.000000","3","","","1992","아파트","중개거래","서울 영등포구"
"2026","11710","송파구","10100","잠실동","1","대지","0035","0000","트리지움","20260105","317000","84.95","0.000000","15","","","2007","아파트","중개거래","서울 송파구"
"2026","11710","송파구","10100","잠실동","1","대지","0035","0000","트리지움","20260105","321000","84.83","0.000000","17","","","2007","아파트","중개거래","서울 송파구"
"2026","11500","강서구","10300","화곡동","1","대지","0918","0025","AndPra레지던스","20260105","9500","15.26","0.000000","11","","","2013","아파트","중개거래","서울 강서구"
"2026","11500","강서구","10300","화곡동","1","대지","0409","0155","(409-155)","20260105","14000","43.44","34.000000","2","","","1986","연립다세대","직거래",""
"2026","11170","용산구","10100","후암동","1","대지","0400","0048","(400-48)","20260105","50000","45.04","21.000000","1","","","2000","연립다세대","중개거래","서울 용산구"
"2026","11260","중랑구","10300","중화동","1","대지","0450","0000","한신아파트상가동유치원동(103~109)","20260105","71200","59.76","0.000000","15","","","1997","아파트","중개거래","서울 중랑구"
"2026","11320","도봉구","10700","창동","1","대지","0347","0000","창동주공3단지(해등마을)","20260105","65000","58.01","0.000000","7","","","1990","아파트","중개거래","서울 도봉구"
"2026","11230","동대문구","10500","답십리동","1","대지","1002","0000","청계한신휴플러스","20260105","137000","73.96","0.000000","12","","","2010","아파트","중개거래","서울 동대문구"
"2026","11350","노원구","10600","중계동","1","대지","0068","0001","한신월드","20260105","45000","82.21","0.000000","6","","","2005","아파트","직거래",""
"2026","11560","영등포구","13200","신길동","1","대지","0039","0001","(39-1)","20260105","65000","32.07","21.000000","-1","","","1993","연립다세대","중개거래","서울 영등포구"
"2026","11710","송파구","10700","가락동","1","대지","0166","0006","테라펠리체송파","20260105","65800","33.947","0.000000","14","","","2021","아파트","중개거래","서울 송파구"
"2026","11380","은평구","10500","구산동","1","대지","0368","0039","(368-39)","20260105","10900","27","19.000000","4","","","2011","연립다세대","중개거래","서울 은평구"
"2026","11710","송파구","11300","거여동","1","대지","0294","0000","거여5단지","20260105","83000","59.74","0.000000","11","","","1997","아파트","중개거래","서울 송파구"
"2026","11680","강남구","10400","청담동","","","","","","20260105","539250","243.32","129.000000","","","","1992","단독다가구","중개거래","서울 강남구"
"2026","11530","구로구","10200","구로동","1","대지","0611","0026","구로동복합건물OPUS1","20260105","14000","31.2","40.590000","7","","","2004","오피스텔","중개거래","서울 구로구"
"2026","11680","강남구","10400","청담동","1","대지","0005","0000","경원오피스텔","20260105","27500","22.77","31.660000","12","","","1991","오피스텔","중개거래","서울 강남구"
"2026","11590","동작구","10700","사당동","1","대지","1135","0000","경남아너스빌2차","20260105","94500","84.96","0.000000","5","","","1998","아파트","중개거래","서울 동작구, 서울 은평구"
"2026","11410","서대문구","11800","홍은동","1","대지","0454","0000","극동","20260105","50000","84.92","0.000000","5","","","1995","아파트","중개거래","서울 서대문구"
"2026","11200","성동구","10800","응봉동","1","대지","0100","0000","대림(1차)","20260105","240000","113.71","0.000000","8","","","1986","아파트","중개거래","서울 성동구, 서울 용산구"
"2026","11710","송파구","10400","송파동","1","대지","0033","0000","호수임광","20260105","148000","84.87","0.000000","7","","","1995","아파트","중개거래","서울 송파구"
"2026","11350","노원구","10600","중계동","1","대지","0583","0000","금호타운(583)","20260105","75500","84.98","0.000000","12","","","1997","아파트","중개거래","서울 노원구"
"2026","11530","구로구","10700","개봉동","1","대지","0489","0000","개봉동현대아이파크","20260105","73000","59.99","0.000000","2","","20260116","2006","아파트","중개거래","서울 구로구"
"2026","11290","성북구","13200","보문동3가","1","대지","0002","0000","현대I-PARK","20260105","125000","114.55","0.000000","2","","","2003","아파트","중개거래","서울 성북구"
"2026","11530","구로구","10700","개봉동","1","대지","0489","0000","개봉동현대아이파크","20260105","73000","59.99","0.000000","2","","","2006","아파트","중개거래","서울 구로구"
"2026","11740","강동구","11000","강일동","1","대지","0695","0000","강일리버파크10단지","20260105","140000","114.81","0.000000","15","","","2009","아파트","중개거래","서울 강동구"
"2026","11350","노원구","10300","공릉동","1","대지","0753","0000","길성그랑프리텔아파트","20260105","61500","81.108","0.000000","10","","","2003","아파트","중개거래","서울 노원구"
"2026","11410","서대문구","12000","남가좌동","1","대지","0388","0000","DMC센트럴아이파크","20260105","131300","84.95","0.000000","18","","","2018","아파트","중개거래","서울 서대문구"
"2026","11170","용산구","11800","원효로4가","1","대지","0178","0000","강변삼성스위트","20260105","139300","59.94","0.000000","2","","","1999","아파트","중개거래","서울 용산구"
"2026","11560","영등포구","11700","당산동","1","대지","0376","0000","강변래미안","20260105","159000","78.9","0.000000","4","","","2002","아파트","중개거래","서울 영등포구"
"2026","11680","강남구","11200","자곡동","1","대지","0602","0000","강남자곡아이파크","20260105","165000","74.97","0.000000","10","","","2014","아파트","중개거래","서울 강남구"
"2026","11560","영등포구","11700","당산동","1","대지","0121","0003","나온타워","20260105","8200","13.73","5.000000","3","","","2013","연립다세대","중개거래","서울 영등포구"
"2026","11650","서초구","10100","방배동","1","대지","0528","0000","대성가든빌라","20260105","50000","45.48","33.000000","-1","","","1991","연립다세대","중개거래","서울 서초구"
"2026","11710","송파구","11100","방이동","1","대지","0043","0000","대명벨리온","20260105","15900","16.61","27.885000","5","","","null","오피스텔","중개거래","서울 송파구"
"2026","11545","금천구","10300","시흥동","1","대지","0992","0002","남서울건영아파트","20260105","55000","77.02","0.000000","3","","","1982","아파트","중개거래","서울 금천구"
"2026","11590","동작구","10800","대방동","1","대지","0501","0000","대림아파트","20260105","140000","59.84","0.000000","16","","","1993","아파트","중개거래","서울 동작구"
"2026","11650","서초구","11100","신원동","1","대지","0557","0000","힐스테이트서초젠트리스","20260105","237000","114.9","0.000000","7","","","2014","아파트","중개거래","서울 서초구"
"2026","11560","영등포구","13300","대림동","1","대지","0608","0001","현대3차","20260105","72000","43.92","0.000000","25","","","1997","아파트","중개거래","서울 영등포구"
"2026","11410","서대문구","11000","북아현동","1","대지","1017","0000","힐스테이트신촌","20260105","200000","84.604","0.000000","10","","","2020","아파트","중개거래","서울 서대문구"
"2026","11200","성동구","10100","상왕십리동","1","대지","0750","0000","노블리안","20260105","19000","30.81","38.830000","15","","","2003","오피스텔","중개거래","서울 성동구"
"2026","11380","은평구","10700","응암동","1","대지","0769","0000","녹번역e편한세상캐슬","20260105","129000","59.97","0.000000","7","","","2021","아파트","중개거래","서울 은평구"
"2026","11350","노원구","10200","월계동","1","대지","0950","0000","녹천역두산위브아파트","20260105","73000","84.934","0.000000","6","","","2017","아파트","중개거래","서울 도봉구"
"2026","11680","강남구","10800","논현동","1","대지","0225","0006","논현 아이파크","20260105","42000","27.56","40.187900","15","","","2020","오피스텔","직거래",""
"2026","11680","강남구","10800","논현동","1","대지","0105","0003","논현한가람빌라트","20260105","180000","84.95","0.000000","4","","","2002","아파트","중개거래","서울 강남구"
"2026","11710","송파구","10700","가락동","1","대지","0138","0000","가락미륭아파트","20260105","190000","83.58","0.000000","5","","","1986","아파트","중개거래","서울 송파구"
"2026","11380","은평구","10700","응암동","1","대지","0402","0120","뉴월드(402-120)","20260105","42500","84.43","0.000000","5","","","2005","아파트","중개거래","서울 은평구"
"2026","11230","동대문구","10600","장안동","1","대지","0373","0003","현대썬앤빌601","20260105","10400","18.35","0.000000","5","","","2015","아파트","중개거래","서울 동대문구"
"2026","11530","구로구","10200","구로동","1","대지","0650","0004","SK 허브수 ","20260105","21200","37.53","46.400000","12","","","2005","오피스텔","중개거래","서울 구로구"
"2026","11230","동대문구","10500","답십리동","1","대지","0111","0000","답십리대우","20260105","100000","84.99","0.000000","2","","","2002","아파트","중개거래","서울 동대문구"
"2026","11620","관악구","10200","신림동","1","대지","1703","0001","LIG대학마을(건영아파트3차)","20260105","58800","69.17","0.000000","3","","","1996","아파트","중개거래","서울 관악구"
"2026","11710","송파구","11100","방이동","1","대지","0043","0000","대명벨리온","20260105","28500","27.2","44.028000","17","","","null","오피스텔","중개거래","서울 송파구"
"2026","11230","동대문구","10700","청량리동","","","","","","20260105","93500","57.86","69.000000","","","","1960","단독다가구","중개거래","서울 동대문구"
"2026","11710","송파구","10300","풍납동","1","대지","0261","0000","현대리버빌2지구","20260105","64000","40.95","0.000000","10","","","1999","아파트","중개거래","서울 송파구"
"2026","11620","관악구","10100","봉천동","1","대지","1712","0000","관악드림(삼성)","20260105","118200","84.96","0.000000","7","","","2003","아파트","중개거래","서울 관악구"
"2026","11620","관악구","10100","봉천동","1","대지","1712","0000","관악드림(동아)","20260105","96000","59.85","0.000000","10","","","2003","아파트","중개거래","서울 관악구"
"2026","11350","노원구","10300","공릉동","1","대지","0743","0000","공릉동한보에센시티아파트","20260105","64000","84.93","0.000000","1","","","2000","아파트","중개거래","서울 노원구"
"2026","11620","관악구","10100","봉천동","1","대지","1717","0000","관악푸르지오","20260105","100000","59.58","0.000000","17","","","2004","아파트","중개거래","서울 관악구"
"2026","11230","동대문구","10500","답십리동","1","대지","0468","0005","서니빌","20260105","44000","32.56","21.000000","3","","","2013","연립다세대","중개거래","서울 성동구"
"2026","11470","양천구","10300","신월동","1","대지","1056","0000","삼익4차플라주","20260105","61300","83.935","0.000000","10","","","2008","아파트","중개거래","서울 양천구"
"2026","11530","구로구","10200","구로동","1","대지","0044","0008","비즈트위트 오렌지","20260105","11000","17.74","26.802400","11","","","2013","오피스텔","중개거래","서울 구로구, 서울 영등포구"
"2026","11620","관악구","10100","봉천동","1","대지","0180","0099","빛고을하우스","20260105","32000","40.7","25.000000","3","","","2013","연립다세대","중개거래","서울 관악구"
"2026","11530","구로구","10600","고척동","1","대지","0141","0001","서울가든","20260105","69000","84.99","0.000000","10","","","1989","아파트","중개거래","서울 구로구"
"2026","11320","도봉구","10700","창동","1","대지","0662","0033","새울센스빌","20260105","31800","70.47","23.000000","3","","","2001","연립다세대","중개거래","서울 도봉구"
"2026","11350","노원구","10500","상계동","1","대지","1273","0000","북부현대","20260105","40200","59.24","0.000000","5","","","1996","아파트","중개거래","서울 노원구"
"2026","11530","구로구","10200","구로동","1","대지","0415","0005","미라벨","20260105","25000","27.32","17.000000","2","","","2018","연립다세대","직거래",""
"2026","11470","양천구","10300","신월동","1","대지","0465","0007","문성빌라","20260105","30500","68.71","35.000000","1","","","1995","연립다세대","중개거래","서울 양천구"
"2026","11380","은평구","10700","응암동","1","대지","0768","0000","백련산해모로","20260105","84000","59.93","0.000000","5","","","2020","아파트","중개거래","서울 서대문구, 서울 은평구"
"2026","11350","노원구","10500","상계동","1","대지","1380","0009","성산빌라","20260105","35300","58.72","34.000000","3","","","1998","연립다세대","중개거래","서울 노원구"
"2026","11440","마포구","12700","상암동","1","대지","1748","0000","상암 오벨리스크 2차","20260105","14000","24.2","31.490000","5","","","2014","오피스텔","중개거래","서울 마포구, 서울 은평구"
"2026","11350","노원구","10200","월계동","1","대지","0085","0007","서울원 아이파크","20260105","145000","84.661","0.000000","31","분양권","","0","아파트","중개거래","서울 동대문구"
"2026","11200","성동구","11500","성수동2가","1","대지","0277","0037","성원상떼뷰오피스텔","20260105","15700","24.84","32.950000","7","","","2003","오피스텔","중개거래","서울 성동구"
"2026","11350","노원구","10500","상계동","1","대지","1293","0000","불암현대","20260105","65000","84.9","0.000000","9","","","1999","아파트","중개거래","서울 노원구"
"2026","11650","서초구","10100","방배동","1","대지","0866","0020","방배대우디오빌","20260105","29000","29.6","0.000000","6","","","2005","아파트","중개거래","서울 서초구"
"2026","11230","동대문구","10500","답십리동","1","대지","0468","0005","서니빌","20260105","45000","34.11","22.000000","2","","","2013","연립다세대","중개거래","서울 동대문구"
"2026","11350","노원구","10200","월계동","1","대지","0085","0007","서울원 아이파크","20260105","185971","112.398","0.000000","22","분양권","","0","아파트","중개거래","서울 동대문구"
"2026","11650","서초구","10100","방배동","1","대지","3286","0000","방배센트레빌인더포레","20260105","161500","64.19","48.000000","6","","","2024","연립다세대","중개거래","서울 서초구"
"2026","11320","도봉구","10700","창동","1","대지","0715","0003","미소애","20260105","34000","45.466","0.000000","2","","","2005","아파트","중개거래","서울 도봉구"
"2026","11530","구로구","10800","오류동","1","대지","0019","0147","백운빌라(가)","20260105","27300","64.56","37.000000","3","","","1998","연립다세대","중개거래","서울 구로구"
"2026","11350","노원구","10200","월계동","1","대지","0085","0007","서울원 아이파크","20260105","142990","84.317","0.000000","39","분양권","","0","아파트","중개거래","서울 동대문구"
"2026","11500","강서구","10500","마곡동","1","대지","0429","0000","벽산","20260105","78000","59.98","0.000000","9","","","1999","아파트","중개거래","서울 강서구"
"2026","11500","강서구","10500","마곡동","1","대지","0740","0000","마곡엠밸리5단지","20260105","174000","114.98","0.000000","5","","","2014","아파트","중개거래","서울 강서구"
"2026","11110","종로구","18200","구기동","1","대지","0105","0002","대승자연드림","20260105","48000","63.51","63.000000","3","","","2020","연립다세대","중개거래","서울 종로구"
"2026","11530","구로구","10700","개봉동","1","대지","0472","0000","두산","20260105","55000","59.69","0.000000","25","","","1997","아파트","중개거래","서울 구로구"
"2026","11290","성북구","13600","하월곡동","1","대지","0225","0000","래미안월곡","20260105","100500","84.589","0.000000","8","","","2006","아파트","중개거래","서울 성북구"
"2026","11560","영등포구","13200","신길동","1","대지","0040","0006","리치빌","20260105","54000","12.12","15.000000","3","","","2011","연립다세대","중개거래","서울 영등포구"
"2026","11500","강서구","10800","공항동","1","대지","1398","0000","더트루엘마곡HQ","20260105","64600","48.329","0.000000","10","","","2024","아파트","직거래",""
"2026","11500","강서구","10500","마곡동","1","대지","0767","0004","롯데캐슬 르웨스트","20260105","85300","46.239","49.347900","6","","","2024","오피스텔","직거래",""
"2026","11470","양천구","10200","목동","1","대지","0318","0048","더클래식A동","20260105","34500","36.35","26.000000","3","","","2019","연립다세대","중개거래","서울 양천구"
"2026","11470","양천구","10100","신정동","1","대지","0325","0000","목동신시가지11","20260105","159500","51.48","0.000000","3","","","1988","아파트","중개거래","서울 양천구"
"2026","11440","마포구","10400","도화동","1","대지","0357","0000","도화동현대","20260105","166250","128.26","0.000000","2","","","1996","아파트","중개거래","서울 마포구"
"2026","11290","성북구","13600","하월곡동","1","대지","0225","0000","래미안월곡","20260105","88500","59.754","0.000000","5","","","2006","아파트","중개거래","서울 성북구"
"2026","11545","금천구","10200","독산동","1","대지","0993","0055","리치힐","20260105","29500","39.88","31.000000","5","","","2016","연립다세대","중개거래","서울 금천구"
"2026","11230","동대문구","10200","용두동","1","대지","0790","0000","롯데캐슬피렌체","20260105","39500","30.4","0.000000","4","","","2009","아파트","중개거래","서울 동대문구"
"2026","11440","마포구","10800","대흥동","1","대지","0660","0000","대흥동태영아파트","20260105","199700","84.77","0.000000","3","","","1999","아파트","중개거래","서울 마포구"
"2026","11710","송파구","10100","잠실동","1","대지","0022","0000","리센츠","20260105","140000","27.68","0.000000","2","","","2008","아파트","중개거래","서울 송파구"
"2026","11500","강서구","10300","화곡동","1","대지","0155","0005","대성탑스빌(155-5)","20260105","17400","36.43","20.000000","3","","","2010","연립다세대","중개거래","서울 강서구"
"2026","11200","성동구","11400","성수동1가","1","대지","0656","0322","동부주택","20260105","120000","58.23","53.000000","2","","","1989","연립다세대","중개거래","서울 성동구"
"2026","11380","은평구","10600","대조동","1","대지","0031","0004","대영빌라","20260105","24000","43.14","21.000000","3","","","1994","연립다세대","중개거래","서울 은평구"
"2026","11620","관악구","10100","봉천동","1","대지","0647","0112","뜨레비앙3차","20260105","40000","58.32","33.000000","2","","","2008","연립다세대","중개거래","서울 관악구"
"2026","11290","성북구","13600","하월곡동","1","대지","0225","0000","래미안월곡","20260105","98500","84.589","0.000000","13","","","2006","아파트","중개거래","서울 성북구"
"2026","11305","강북구","10100","미아동","1","대지","0811","0000","두산위브트레지움","20260105","89000","84.97","0.000000","8","","","2011","아파트","중개거래","서울 강북구"
"2026","11500","강서구","10900","방화동","1","대지","0498","0004","라테라스","20260105","29700","28.09","10.000000","12","","","2020","연립다세대","중개거래","서울 강서구"
"2026","11470","양천구","10300","신월동","1","대지","1078","0000","목동센트럴아이파크위브4단지","20260105","126500","84.97","0.000000","18","","","2020","아파트","중개거래","서울 양천구"
"2026","11710","송파구","11400","마천동","1","대지","0283","0056","동구빌라","20260105","96000","42.55","25.000000","2","","","1997","연립다세대","중개거래","서울 송파구"
"2026","11215","광진구","10300","구의동","1","대지","0243","0013","리버 비스타 구의","20260105","23900","18.46","29.230000","13","","","2019","오피스텔","중개거래","서울 광진구"
"2026","11440","마포구","10100","아현동","1","대지","0275","0002","마포푸르지오더센트럴","20260105","84500","38.79","0.000000","15","","","2023","아파트","중개거래","서울 마포구"
"2026","11470","양천구","10100","신정동","1","대지","1308","0000","동원로데오","20260105","95000","84.2","0.000000","8","","","2006","아파트","중개거래","서울 양천구"
"2026","11350","노원구","10500","상계동","1","대지","1016","0003","드림타운(1016-3)","20260105","23300","42.65","26.000000","4","","","2012","연립다세대","중개거래","서울 노원구"
"2026","11440","마포구","12500","성산동","1","대지","0003","0038","동양하우징","20260105","49000","29.5","16.000000","2","","","2017","연립다세대","중개거래","서울 마포구"
"2026","11710","송파구","10400","송파동","1","대지","0243","0000","래미안송파파인탑","20260105","210000","64.66","0.000000","1","","","2012","아파트","중개거래","서울 송파구"
"2026","11560","영등포구","12800","양평동4가","1","대지","0169","0000","리버캐슬","20260105","14500","19.34","10.000000","3","","","2011","연립다세대","중개거래","서울 영등포구"
"2026","11260","중랑구","10100","면목동","1","대지","1522","0000","두산4","20260105","79500","84.87","0.000000","3","","","2000","아파트","중개거래","서울 중랑구"
"2026","11380","은평구","10800","역촌동","1","대지","0047","0048","명진하이빌","20260105","29000","29.97","19.000000","3","","","2023","연립다세대","직거래",""
"2026","11260","중랑구","10300","중화동","1","대지","0320","0085","모두&토토","20260105","31000","29.76","19.000000","3","","","2018","연립다세대","중개거래","서울 중랑구"
"2026","11290","성북구","13500","종암동","1","대지","0003","0952","로얄팰리스","20260105","26000","26.82","17.000000","2","","","2017","연립다세대","중개거래","서울 동대문구"
"2026","11470","양천구","10200","목동","1","대지","0953","0000","목동두산위브","20260105","107500","112.209","0.000000","1","","","2005","아파트","중개거래","서울 양천구"
"2026","11230","동대문구","10600","장안동","1","대지","0587","0000","동대문더퍼스트데시앙","20260105","87000","59.807","0.000000","2","","","2019","아파트","중개거래","서울 동대문구"
"2026","11260","중랑구","10400","묵동","1","대지","0238","0048","레몬트리지움","20260105","21500","29.925","19.000000","3","","","2012","연립다세대","중개거래","서울 중랑구"
"2026","11545","금천구","10300","시흥동","1","대지","0789","0006","리브가","20260105","37000","45.07","17.000000","6","","","2021","연립다세대","중개거래","서울 금천구"
"2026","11230","동대문구","10200","용두동","1","대지","0792","0000","래미안 허브리츠","20260104","169000","114.98","0.000000","19","","","2011","아파트","중개거래","경기 성남시 분당구, 서울 동대문구"
"2026","11380","은평구","10900","신사동","1","대지","0200","0014","로얄펠리스","20260104","43900","53.07","25.000000","2","","","2017","연립다세대","중개거래","서울 은평구"
"2026","11500","강서구","10500","마곡동","1","대지","0760","0000","마곡나루역보타닉푸르지오시티","20260104","22000","22.2","31.650000","4","","","2017","오피스텔","중개거래","서울 강서구"
"2026","11230","동대문구","10600","장안동","1","대지","0439","0022","르시엘","20260104","60000","46.7","27.000000","3","","","2025","연립다세대","직거래",""
"2026","11710","송파구","10200","신천동","1","대지","0011","0008","더？스타리버","20260104","61000","54.57","77.617000","4","","","2006","오피스텔","중개거래","서울 송파구"
"2026","11380","은평구","10900","신사동","1","대지","0281","0001","두성빌라(281-1)","20260104","16150","37.47","15.000000","3","","","1991","연립다세대","중개거래","서울 은평구"
"2026","11170","용산구","13300","서빙고동","","","","","","20260104","600000","188.1","119.000000","","","","1990","단독다가구","중개거래","서울 용산구"
"2026","11740","강동구","10900","천호동","","","","","","20260104","72000","148.75","100.000000","","","","1994","단독다가구","중개거래","서울 강동구"
"2026","11410","서대문구","11800","홍은동","1","대지","0469","0000","e편한세상홍제가든플라츠","20260104","114000","59.991","0.000000","13","","","2023","아파트","중개거래","서울 서대문구"
"2026","11560","영등포구","10900","영등포동8가","1","대지","0086","0000","당산역 리버리치 오피스텔","20260104","42000","39.98","58.950000","10","","","2016","오피스텔","중개거래","서울 영등포구"
"2026","11560","영등포구","11700","당산동","1","대지","0376","0000","강변래미안","20260104","162500","79.43","0.000000","8","","","2002","아파트","중개거래","서울 영등포구"
"2026","11260","중랑구","10500","망우동","1","대지","0506","0022","아스테르아파트","20260104","45000","37.6","0.000000","16","","","2024","아파트","직거래",""
"2026","11320","도봉구","10500","쌍문동","1","대지","0309","0000","시나래","20260104","24500","54.99","33.000000","5","","","2013","연립다세대","중개거래","서울 도봉구"
"2026","11680","강남구","10100","역삼동","1","대지","0790","0009","스톤엘리시온역삼","20260104","41000","18.51","7.000000","8","","20260119","2021","연립다세대","중개거래","서울 서대문구"
"2026","11290","성북구","13300","정릉동","1","대지","1016","0000","우방","20260104","54000","84.92","0.000000","15","","","1999","아파트","중개거래","서울 성북구"
"2026","11230","동대문구","10500","답십리동","1","대지","0542","0006","어반스테이","20260104","37000","27.02","15.000000","7","","","2023","연립다세대","직거래",""
"2026","11140","중구","17100","중림동","1","대지","0363","0000","쌍용 더 플래티넘 서울역","20260104","27750","17.93","30.004000","21","","","2023","오피스텔","중개거래","서울 마포구"
"2026","11560","영등포구","10800","영등포동7가","1","대지","0094","0095","에이치플러스429","20260104","32000","27.94","11.000000","8","","","2018","연립다세대","중개거래","서울 강서구"
"2026","11650","서초구","10800","서초동","1","대지","1588","0001","(1588-1)","20260104","12500","24.59","33.770000","6","","","1991","오피스텔","중개거래","서울 서초구"
"2026","11290","성북구","13300","정릉동","1","대지","1014","0000","정릉스카이쌍용아파트","20260104","74900","84.19","0.000000","14","","","1999","아파트","중개거래","서울 성북구"
"2026","11710","송파구","10800","문정동","1","대지","0618","0000","파크하비오","20260104","49000","51.16","64.840000","3","","","null","오피스텔","중개거래","서울 송파구"
"2026","11470","양천구","10200","목동","1","대지","0318","0246","청운빌라","20260104","35000","94.02","39.000000","4","","","1993","연립다세대","중개거래","서울 양천구"
"2026","11305","강북구","10100","미아동","1","대지","0705","0001","한화포레나미아","20260104","67500","53.987","0.000000","5","분양권","","0","아파트","중개거래","서울 강북구"
"2026","11470","양천구","10100","신정동","1","대지","0319","0026","젠트리빌 업무복합시설","20260104","88600","59.71","82.350000","14","","","2023","오피스텔","직거래",""
"2026","11350","노원구","10300","공릉동","1","대지","0090","0000","청솔아파트9","20260104","83000","84.9","0.000000","4","","","2000","아파트","중개거래","서울 노원구"
"2026","11305","강북구","10300","수유동","1","대지","0130","0079","태인로민빌(130-79)","20260104","48000","52.66","30.000000","4","","","2021","연립다세대","직거래",""
"2026","11170","용산구","10800","서계동","1","대지","0240","0030","(240-30)","20260104","76500","49.52","16.000000","1","","","1998","연립다세대","중개거래","서울 용산구"
"2026","11290","성북구","13300","정릉동","1","대지","1014","0000","정릉스카이쌍용아파트","20260104","60000","59.9","0.000000","11","","","1999","아파트","중개거래","서울 성북구"
"2026","11500","강서구","10900","방화동","1","대지","0546","0001","방화3차우림필유","20260104","67500","83.35","0.000000","2","","","2005","아파트","중개거래","서울 강서구"
"2026","11740","강동구","10800","성내동","1","대지","0590","0000","성내동삼성아파트","20260104","127000","59.88","0.000000","9","","","1999","아파트","중개거래","서울 송파구"
"2026","11260","중랑구","10600","신내동","1","대지","0437","0000","벽산","20260104","51500","59.783","0.000000","20","","","2000","아파트","중개거래","서울 중랑구"
"2026","11590","동작구","10400","본동","1","대지","0492","0000","삼성래미안","20260104","148500","84.226","0.000000","11","","","2004","아파트","중개거래","서울 동작구"
"2026","11710","송파구","11200","오금동","1","대지","0165","0000","상아2차아파트","20260104","120000","45.77","0.000000","6","","","1988","아파트","중개거래","서울 송파구"
"2026","11350","노원구","10500","상계동","1","대지","0730","0002","상계주공3(고층)","20260104","69000","59.2","0.000000","14","","","1987","아파트","중개거래","서울 노원구"
"2026","11500","강서구","10900","방화동","1","대지","0546","0001","방화3차우림필유","20260104","67500","83.35","0.000000","2","","20260116","2005","아파트","중개거래","서울 강서구"
"2026","11500","강서구","10100","염창동","1","대지","0290","0000","벽산늘푸른","20260104","70800","59.97","0.000000","13","","","1998","아파트","중개거래","서울 강서구"
"2026","11215","광진구","10300","구의동","1","대지","0021","0022","베데스다빌","20260104","38000","53.31","29.000000","2","","","2015","연립다세대","중개거래","서울 광진구"
"2026","11440","마포구","12700","상암동","1","대지","1637","0000","상암월드컵파크2단지","20260104","110000","59.92","0.000000","2","","","2003","아파트","중개거래","서울 은평구"
"2026","11350","노원구","10500","상계동","1","대지","0765","0000","상계주공1(고층)","20260104","59500","58.01","0.000000","13","","","1988","아파트","중개거래","서울 노원구, 서울 도봉구"
"2026","11530","구로구","10700","개봉동","1","대지","0470","0000","삼환","20260103","55000","59.4","0.000000","4","","","1995","아파트","중개거래","서울 구로구"
"2026","11320","도봉구","10700","창동","1","대지","0045","0000","삼성래미안","20260103","79000","73.92","0.000000","9","","","1992","아파트","중개거래","서울 도봉구"
"2026","11590","동작구","10700","사당동","1","대지","1133","0000","삼성래미안","20260103","146000","84.967","0.000000","19","","","2003","아파트","중개거래","서울 동작구"
"2026","11140","중구","16900","의주로1가","1","대지","0025","0010","바비엥-2","20260103","30900","44.48","65.220000","16","","","2005","오피스텔","중개거래","서울 중구"
"2026","11320","도봉구","10700","창동","1","대지","0825","0000","북한산아이파크5차","20260103","90000","84.451","0.000000","20","","","2004","아파트","중개거래","서울 도봉구"
"2026","11290","성북구","13900","석관동","1","대지","0407","0000","석관래미안","20260103","96700","84.84","0.000000","6","","","2009","아파트","중개거래","서울 성북구"
"2026","11470","양천구","10200","목동","1","대지","0903","0000","목동신시가지3","20260103","232000","64.98","0.000000","11","","","1986","아파트","중개거래","서울 양천구"
"2026","11710","송파구","10800","문정동","1","대지","0001","0000","문정래미안","20260103","220000","133.29","0.000000","10","","","2004","아파트","중개거래","서울 송파구"
"2026","11530","구로구","10200","구로동","1","대지","0044","0008","비즈트위트 오렌지","20260103","10300","17.74","26.802400","16","","","2013","오피스텔","중개거래","서울 구로구"
"2026","11500","강서구","10200","등촌동","1","대지","0653","0015","삼성(653-15)","20260103","41500","81.57","42.000000","1","","","1997","연립다세대","중개거래","서울 강서구, 서울 양천구"
"2026","11740","강동구","10800","성내동","1","대지","0137","0000","성내2차e-편한세상","20260103","108000","84.79","0.000000","10","","","2004","아파트","중개거래","서울 강동구"
"2026","11710","송파구","11200","오금동","1","대지","0160","0000","삼성","20260103","114500","73.59","0.000000","1","","","1989","아파트","중개거래","서울 송파구"
"2026","11620","관악구","10100","봉천동","1","대지","1568","0001","서울대입구 한양아이클래스","20260103","18500","20.74","33.460000","6","","","null","오피스텔","중개거래","서울 관악구"
"2026","11500","강서구","10200","등촌동","1","대지","0691","0003","부영","20260103","97000","80.64","0.000000","4","","","1994","아파트","중개거래","서울 강서구"
"2026","11305","강북구","10100","미아동","1","대지","1357","0000","삼각산아이원","20260103","77500","84.705","0.000000","12","","","2003","아파트","중개거래","서울 강북구"
"2026","11470","양천구","10200","목동","1","대지","0908","0028","부영2","20260103","165000","79.69","0.000000","7","","","2000","아파트","중개거래","서울 양천구"
"2026","11740","강동구","10100","명일동","1","대지","0270","0000","삼익가든","20260103","139000","72.55","0.000000","6","","","1984","아파트","중개거래","서울 강동구"
"2026","11620","관악구","10200","신림동","1","대지","0415","0046","산마루빌","20260103","30000","22.78","23.000000","3","","","2017","연립다세대","중개거래","서울 관악구"
"2026","11560","영등포구","11300","당산동3가","1","대지","0394","0000","삼익","20260103","115000","82.65","0.000000","4","","","1979","아파트","중개거래","서울 영등포구"
"2026","11590","동작구","10700","사당동","1","대지","0419","0037","선영아트빌","20260103","104000","68.22","38.000000","2","","","2002","연립다세대","중개거래","서울 동작구"
"2026","11710","송파구","10300","풍납동","1","대지","0254","0000","미랜드퀸","20260103","81000","84.89","0.000000","5","","","2008","아파트","중개거래","서울 송파구"
"2026","11590","동작구","10700","사당동","1","대지","1154","0000","사당휴먼시아","20260103","90000","59.96","0.000000","12","","","2009","아파트","중개거래","서울 동작구"
"2026","11380","은평구","10300","불광동","1","대지","0645","0000","불광롯데캐슬","20260103","98000","59.99","0.000000","14","","","2018","아파트","중개거래","서울 강남구, 서울 은평구"
"2026","11470","양천구","10200","목동","1","대지","0917","0000","목동파라곤","20260103","154000","82.69","97.310000","7","","","2004","오피스텔","중개거래","서울 양천구"
"2026","11380","은평구","10300","불광동","1","대지","0641","0000","북한산현대힐스테이트3차아파트","20260103","78000","59.96","0.000000","1","","","2010","아파트","중개거래","서울 은평구"
"2026","11740","강동구","10500","길동","1","대지","0053","0000","삼익파크맨션","20260103","115000","63.32","0.000000","9","","","1982","아파트","중개거래","서울 강동구"
"2026","11470","양천구","10200","목동","1","대지","0709","0002","성원2","20260103","82600","77.17","0.000000","5","","","2000","아파트","중개거래","서울 양천구"
"2026","11260","중랑구","10100","면목동","1","대지","0194","0003","삼성제이드아파트","20260103","29500","36.75","0.000000","8","","","2015","아파트","중개거래","서울 중랑구"
"2026","11740","강동구","10700","암사동","1","대지","0509","0000","선사현대아파트","20260103","148500","72.85","0.000000","20","","","2000","아파트","중개거래","서울 강동구"
"2026","11590","동작구","10700","사당동","1","대지","1160","0000","사당롯데캐슬골든포레","20260103","150000","59.977","0.000000","11","","","2021","아파트","중개거래","서울 동작구"
"2026","11350","노원구","10600","중계동","1","대지","0580","0000","성원1","20260103","79000","59.75","0.000000","13","","","1996","아파트","중개거래","서울 노원구"
"2026","11620","관악구","10100","봉천동","1","대지","0662","0113","백상빌라","20260103","29900","44.9","23.000000","3","","","2002","연립다세대","중개거래","서울 관악구"
"2026","11320","도봉구","10700","창동","1","대지","0826","0000","북한산한신휴플러스","20260103","89500","114.553","0.000000","5","","","2007","아파트","중개거래","서울 도봉구"
"2026","11530","구로구","10100","신도림동","1","대지","0290","0000","미성","20260103","70500","52.45","0.000000","12","","","1987","아파트","중개거래","서울 구로구"
"2026","11290","성북구","13000","보문동1가","1","대지","0196","0011","보문 센트럴 아이파크","20260103","132367","76.16","0.000000","26","분양권","","0","아파트","중개거래","서울 성북구"
"2026","11305","강북구","10100","미아동","1","대지","0812","0000","삼성래미안트리베라2단지","20260103","114000","113.89","0.000000","13","","","2010","아파트","중개거래","서울 강북구"
"2026","11305","강북구","10100","미아동","1","대지","0812","0000","삼성래미안트리베라2단지","20260103","82000","59.33","0.000000","2","","","2010","아파트","중개거래","서울 강북구"
"2026","11500","강서구","10300","화곡동","1","대지","0815","0008","서울빌라","20260103","25000","59.94","36.000000","3","","","2002","연립다세대","중개거래","서울 강서구"
"2026","11560","영등포구","13200","신길동","1","대지","4934","0000","삼성래미안","20260103","111000","84.91","0.000000","13","","","2001","아파트","중개거래","서울 영등포구"
"2026","11230","동대문구","10600","장안동","1","대지","0093","0030","보성디아이빌","20260103","31000","43.82","26.000000","3","","","2014","연립다세대","중개거래","서울 동대문구"
"2026","11260","중랑구","10500","망우동","1","대지","0598","0000","신내역힐데스하임참좋은아파트","20260103","85500","84.93","0.000000","5","","","2021","아파트","중개거래","서울 중랑구"
"2026","11440","마포구","10800","대흥동","1","대지","0012","0027","이대역 푸르지오 시티","20260103","25300","29.14","40.070000","4","","","2013","오피스텔","중개거래","서울 마포구, 서울 서대문구"
"2026","11260","중랑구","10600","신내동","1","대지","0650","0000","신내6대주","20260103","51700","49.77","0.000000","9","","","1996","아파트","중개거래","서울 중랑구"
"2026","11530","구로구","10600","고척동","1","대지","0076","0055","우성,현대아파트","20260103","65000","79.32","0.000000","1","","","1987","아파트","중개거래","서울 구로구"
"2026","11260","중랑구","10400","묵동","1","대지","0013","0000","신내","20260103","47000","49.77","0.000000","10","","","1996","아파트","중개거래","서울 중랑구"
"2026","11440","마포구","10800","대흥동","1","대지","0012","0027","이대역 푸르지오 시티","20260103","26100","28.8","39.600000","10","","","2013","오피스텔","중개거래","서울 마포구"
"2026","11710","송파구","11100","방이동","1","대지","0089","0000","올림픽선수기자촌1단지","20260103","330000","100.82","0.000000","10","","","1988","아파트","중개거래","서울 송파구"
"2026","11380","은평구","11400","진관동","1","대지","0088","0000","우물골2단지두산위브(209~222동)BL2-8","20260103","92000","101.53","0.000000","3","","","2009","아파트","중개거래","서울 은평구"
"2026","11680","강남구","10800","논현동","1","대지","0270","0035","아이리스논현","20260103","40000","29.06","18.000000","4","","","2017","연립다세대","중개거래","서울 강남구"
"2026","11500","강서구","10300","화곡동","1","대지","0105","0189","아이비타운(105-189)","20260103","29500","66.98","37.000000","3","","","2007","연립다세대","중개거래","서울 강서구"
"2026","11560","영등포구","11800","도림동","1","대지","0820","0000","쌍용플래티넘시티1단지","20260103","57100","62.42","75.420000","8","","","2006","오피스텔","중개거래","서울 영등포구"
"2026","11590","동작구","10700","사당동","1","대지","1048","0041","에덴-3","20260103","41500","39.6","19.000000","4","","","2017","연립다세대","중개거래","서울 강남구, 서울 동작구"
"2026","11470","양천구","10100","신정동","1","대지","1277","0000","신트리4","20260103","63000","48.96","0.000000","8","","","2000","아파트","중개거래","서울 양천구"
"2026","11440","마포구","12000","서교동","1","대지","0458","0006","에덴지우","20260103","80500","84.24","0.000000","4","","","2011","아파트","중개거래","서울 마포구"
"2026","11710","송파구","10900","장지동","1","대지","0845","0000","송파파인타운5단지","20260103","178000","84.93","0.000000","10","","","2008","아파트","중개거래","서울 송파구"
"2026","11710","송파구","10900","장지동","1","대지","0843","0000","송파파인타운9단지","20260103","164000","59.95","0.000000","15","","","2007","아파트","중개거래","서울 송파구"
"2026","11410","서대문구","11700","연희동","1","대지","0218","0001","연희체스트빌","20260103","11500","16.83","21.935000","8","","","2005","오피스텔","중개거래","서울 서대문구"
"2026","11590","동작구","10100","노량진동","1","대지","0323","0000","우성","20260103","141000","84.96","0.000000","13","","","1997","아파트","중개거래","서울 동작구"
"2026","11710","송파구","10800","문정동","1","대지","0622","0000","송파한화오벨리스크","20260103","21800","29.99","38.607000","8","","","2013","오피스텔","중개거래","서울 송파구"
"2026","11350","노원구","10200","월계동","1","대지","0951","0000","월계센트럴아이파크","20260103","110000","84.99","0.000000","11","","","2020","아파트","중개거래","서울 노원구"
"2026","11170","용산구","12400","한강로1가","1","대지","0050","0001","용산파크자이","20260103","263500","123.12","0.000000","26","","","2005","아파트","중개거래","서울 용산구"
"2026","11710","송파구","11100","방이동","1","대지","0166","0013","에스엔에스사이언스빌","20260103","74000","86.25","40.000000","3","","","2003","연립다세대","중개거래","서울 송파구"
"2026","11500","강서구","10600","내발산동","1","대지","0657","0000","우장산힐스테이트","20260103","134000","59.98","0.000000","17","","","2005","아파트","중개거래","서울 강서구"
"2026","11215","광진구","10300","구의동","1","대지","0043","0017","월드팰리스","20260103","51000","29.96","27.000000","2","","","2019","연립다세대","중개거래","서울 광진구"
"2026","11620","관악구","10200","신림동","1","대지","1694","0000","신림현대","20260103","86500","105.36","0.000000","9","","","1993","아파트","중개거래","서울 관악구"
"2026","11140","중구","16200","신당동","1","대지","0842","0000","약수하이츠","20260103","150000","57.63","0.000000","6","","","1999","아파트","중개거래","서울 중구"
"2026","11740","강동구","10600","둔촌동","1","대지","0555","0000","신동아파밀리에","20260103","115000","58.87","0.000000","5","","","2002","아파트","중개거래","서울 강동구"
"2026","11710","송파구","10800","문정동","1","대지","0643","0001","엠스테이트","20260103","22800","26.15","35.610000","16","","","null","오피스텔","중개거래","서울 송파구"
"2026","11530","구로구","10600","고척동","1","대지","0076","0055","우성,현대아파트","20260103","64500","79.32","0.000000","3","","","1987","아파트","중개거래","서울 구로구"
"2026","11650","서초구","10200","양재동","1","대지","0003","0014","이스타빌","20260103","98500","72.44","91.592000","13","","","2005","오피스텔","중개거래","서울 서초구"
"2026","11620","관악구","10100","봉천동","1","대지","0196","0310","에이원빌","20260103","38000","37.48","22.000000","5","","","2016","연립다세대","중개거래","서울 관악구"
"2026","11215","광진구","10100","중곡동","1","대지","0150","0233","스퀘어빌리지","20260103","32700","29.64","19.000000","3","","","2020","연립다세대","중개거래","서울 광진구"
"2026","11620","관악구","10200","신림동","1","대지","1430","0041","예광빌라트","20260103","45000","82.75","39.000000","2","","","2002","연립다세대","중개거래","서울 관악구"
"2026","11590","동작구","10400","본동","1","대지","0481","0000","신동아","20260103","137000","84.46","0.000000","10","","","1993","아파트","중개거래","서울 동작구"
"2026","11560","영등포구","12500","양평동1가","1","대지","0020","0000","신동아","20260103","98500","50.81","0.000000","6","","","1982","아파트","중개거래","서울 영등포구"
"2026","11200","성동구","10200","하왕십리동","1","대지","1002","0000","왕십리KCC스위첸","20260103","158000","84.897","0.000000","14","","","2016","아파트","중개거래","서울 성동구"
"2026","11530","구로구","10200","구로동","1","대지","0026","0000","신도림포스빌","20260103","17000","31.23","65.140000","7","","","2004","오피스텔","중개거래","서울 구로구"
"2026","11740","강동구","10800","성내동","1","대지","0174","0023","엘림하우스","20260103","29140","19.01","16.000000","4","","","2015","연립다세대","중개거래","서울 강동구"
"2026","11230","동대문구","10500","답십리동","1","대지","0645","0008","신답경남","20260103","66000","72.32","0.000000","8","","","1991","아파트","중개거래","서울 동대문구"
"2026","11650","서초구","10100","방배동","1","대지","0906","0011","드림빌(906-11)","20260103","70000","62.33","30.000000","4","","","2002","연립다세대","중개거래","서울 서초구"
"2026","11440","마포구","12500","성산동","1","대지","0214","0011","더플레이스","20260103","49000","24.41","18.000000","3","","","2019","연립다세대","중개거래","서울 마포구"
"2026","11560","영등포구","11000","여의도동","1","대지","0043","0004","롯데캐슬아이비","20260103","224500","137.09","0.000000","21","","","2005","아파트","중개거래","서울 영등포구"
"2026","11350","노원구","10500","상계동","1","대지","1110","0000","두산","20260103","49500","59.97","0.000000","6","","","1994","아파트","중개거래","서울 노원구"
"2026","11290","성북구","13900","석관동","1","대지","0010","0000","두산","20260103","62000","59.97","0.000000","6","","","1998","아파트","직거래",""
"2026","11215","광진구","10300","구의동","1","대지","0035","0014","모아빌라","20260103","50500","57.04","26.000000","1","","","1992","연립다세대","중개거래","서울 광진구"
"2026","11320","도봉구","10700","창동","1","대지","0814","0000","대우그린","20260103","60500","59.97","0.000000","7","","","2000","아파트","중개거래","서울 도봉구"
"2026","11500","강서구","10200","등촌동","1","대지","0687","0000","등촌1,2단지주공아파트","20260103","69000","41.85","0.000000","11","","","1994","아파트","중개거래","서울 강서구"
"2026","11680","강남구","11400","일원동","1","대지","0743","0000","디에이치자이개포","20260103","447000","103.86","0.000000","5","","","2021","아파트","중개거래","서울 강남구"
"2026","11650","서초구","10100","방배동","1","대지","0927","0016","라빌레","20260103","68000","29.94","22.000000","2","","","2023","연립다세대","중개거래","서울 서초구"
"2026","11620","관악구","10100","봉천동","1","대지","0856","0005","대우디오슈페리움1단지","20260103","53000","71.45","92.840000","15","","","2007","오피스텔","중개거래","서울 양천구"
"2026","11260","중랑구","10100","면목동","1","대지","0193","0001","면목한신","20260103","41000","45.44","0.000000","13","","","1987","아파트","중개거래","경기 남양주시, 서울 동대문구"
"2026","11350","노원구","10500","상계동","1","대지","1285","0000","동아불암","20260103","52500","84.9","0.000000","1","","","1999","아파트","중개거래","서울 노원구"
"2026","11170","용산구","12500","한강로2가","1","대지","0422","0000","래미안 용산 더 센트럴","20260103","77500","49.81","68.068600","6","","","null","오피스텔","중개거래","서울 용산구"
"2026","11380","은평구","10200","녹번동","1","대지","0283","0000","래미안베라힐즈","20260103","113000","59.99","0.000000","19","","","2019","아파트","중개거래","서울 은평구"
"2026","11590","동작구","10200","상도동","1","대지","0431","0000","래미안상도3차","20260103","171000","84.96","0.000000","13","","","2004","아파트","중개거래","서울 동작구"
"2026","11290","성북구","13500","종암동","1","대지","0133","0000","래미안세레니티","20260103","113000","84.98","0.000000","18","","","2009","아파트","중개거래","서울 성북구"
"2026","11740","강동구","10600","둔촌동","1","대지","0630","0000","둔촌푸르지오","20260103","158000","84.92","0.000000","17","","","2010","아파트","중개거래","서울 강동구, 서울 노원구"
"2026","11230","동대문구","10500","답십리동","1","대지","1000","0000","래미안엘파인아파트","20260103","94000","84.9","0.000000","13","","","2011","아파트","중개거래","서울 동대문구"
"2026","11620","관악구","10200","신림동","1","대지","1695","0000","동부","20260103","104500","114.71","0.000000","4","","","1993","아파트","중개거래","서울 관악구"
"2026","11230","동대문구","10200","용두동","1","대지","0104","0003","동대문 푸르지오시티","20260103","18500","23.47","31.870000","22","","","null","오피스텔","중개거래","서울 동대문구"
"2026","11290","성북구","13800","장위동","1","대지","0320","0000","래미안장위퍼스트하이","20260103","132500","101.72","0.000000","4","","","2020","아파트","중개거래","서울 성북구"
"2026","11305","강북구","10300","수유동","1","대지","0461","0083","더샵팰리스","20260103","54000","71.35","39.000000","5","","","2022","연립다세대","직거래",""
"2026","11230","동대문구","10400","전농동","1","대지","0690","0000","래미안크레시티","20260103","169500","84.96","0.000000","13","","","2014","아파트","중개거래","서울 동대문구"
"2026","11215","광진구","10200","능동","1","대지","0239","0042","로뎀하우스","20260103","15500","14.78","9.000000","4","","","2009","연립다세대","중개거래","서울 광진구"
"2026","11380","은평구","10400","갈현동","1","대지","0488","0007","더클래스","20260103","45000","56.89","36.000000","2","","","2015","연립다세대","중개거래","서울 은평구"
"2026","11140","중구","16200","신당동","1","대지","0401","0003","노블레스빌","20260103","33500","28.31","17.000000","4","","","2013","연립다세대","중개거래","서울 중구"
"2026","11560","영등포구","13300","대림동","1","대지","1101","0007","G밸리소홈","20260103","13000","20.21","30.738900","5","","","2018","오피스텔","중개거래","서울 구로구"
"2026","11410","서대문구","11000","북아현동","1","대지","0001","0080","그린빌리지","20260103","132000","73.14","35.000000","3","","","2004","연립다세대","중개거래","서울 서대문구"
"2026","11500","강서구","10100","염창동","1","대지","0240","0032","금호타운","20260103","87000","59.88","0.000000","15","","","1999","아파트","중개거래","서울 강서구"
"2026","11560","영등포구","13200","신길동","1","대지","0067","0001","경남","20260103","94000","59.96","0.000000","4","","","1999","아파트","중개거래","서울 영등포구"
"2026","11380","은평구","10700","응암동","1","대지","0770","0000","힐스테이트녹번역","20260103","136000","84.99","0.000000","12","","","2022","아파트","중개거래","서울 은평구"
"2026","11680","강남구","10300","개포동","1","대지","0185","0000","개포주공6단지","20260103","389500","83.21","0.000000","15","","","1983","아파트","중개거래","서울 강남구"
"2026","11410","서대문구","11100","홍제동","1","대지","0459","0000","홍제원현대(459-0)","20260103","120000","114.72","0.000000","13","","","2000","아파트","중개거래","서울 서대문구"
"2026","11545","금천구","10300","시흥동","","","","","","20260103","30000","167.7","107.000000","","","","1991","단독다가구","중개거래","서울 금천구"
"2026","11530","구로구","10200","구로동","1","대지","1278","0000","구로두산위브","20260103","51500","36.88","0.000000","11","","","2006","아파트","중개거래","서울 구로구"
"2026","11305","강북구","10100","미아동","1","대지","0373","0037","대광맨션(373-37)","20260103","39500","53.69","31.000000","4","","","2016","연립다세대","중개거래","서울 강북구"
"2026","11545","금천구","10200","독산동","1","대지","1150","0000","금천롯데캐슬골드파크2차201동202동","20260103","90000","59.98","0.000000","31","","","2017","아파트","중개거래","서울 금천구"
"2026","11545","금천구","10200","독산동","1","대지","1150","0000","금천롯데캐슬골드파크2차201동202동","20260103","92500","59.98","0.000000","12","","","2017","아파트","중개거래","서울 금천구"
"2026","11545","금천구","10200","독산동","1","대지","1055","0001","H휴먼홈(1055-1)","20260103","37800","55.56","29.000000","3","","","2014","연립다세대","중개거래","서울 금천구"
"2026","11200","성동구","11300","옥수동","1","대지","0428","0000","극동","20260103","167000","68.58","0.000000","2","","","1986","아파트","중개거래","서울 성동구, 서울 영등포구"
"2026","11305","강북구","10100","미아동","","","","","","20260103","68000","47.93","76.000000","","","","1967","단독다가구","중개거래","서울 강북구"
"2026","11410","서대문구","11100","홍제동","1","대지","0459","0000","홍제원현대(459-0)","20260103","85000","59.93","0.000000","15","","","2000","아파트","중개거래","서울 서대문구"
"2026","11380","은평구","10400","갈현동","1","대지","0550","0000","대경아르체","20260103","80500","65.89","0.000000","14","","","2024","아파트","직거래",""
"2026","11200","성동구","10500","마장동","1","대지","0564","0014","뉴센트빌5차","20260103","36000","36.99","24.000000","3","","","2016","연립다세대","중개거래","서울 성동구"
"2026","11560","영등포구","11400","당산동4가","1","대지","0030","0001","당산현대5차","20260103","159000","59.37","0.000000","15","","","2000","아파트","중개거래","서울 영등포구"
"2026","11740","강동구","10300","상일동","1","대지","0521","0000","고덕자이","20260103","170000","59.939","0.000000","22","","","2021","아파트","중개거래","서울 강동구"
"2026","11380","은평구","10700","응암동","1","대지","0094","0021","거장노블레스","20260103","29300","40.85","26.000000","3","","","2016","연립다세대","중개거래","서울 은평구"
"2026","11590","동작구","10100","노량진동","","","","","","20260103","304000","242.19","162.000000","","","","1989","단독다가구","중개거래","서울 동작구"
"2026","11140","중구","16200","신당동","1","대지","0844","0000","남산타운","20260103","170000","114.88","0.000000","2","","","2002","아파트","중개거래","서울 중구"
"2026","11680","강남구","11200","자곡동","1","대지","0619","0000","강남자곡 힐스테이트","20260103","144500","59.93","0.000000","10","","","2015","아파트","중개거래","서울 강남구"
"2026","11560","영등포구","11100","당산동1가","1","대지","0256","0202","당산쉐르빌","20260103","31000","29.65","22.000000","2","","","2016","연립다세대","중개거래","서울 영등포구"
"2026","11320","도봉구","10600","방학동","1","대지","0714","0001","금광포란재아파트","20260103","51700","59.611","0.000000","4","","","2005","아파트","중개거래","서울 도봉구"
"2026","11230","동대문구","10700","청량리동","1","대지","0235","0006","힐스테이트 청량리역","20260103","23000","21.199","29.238300","8","","","2023","오피스텔","중개거래","서울 동대문구"
"2026","11680","강남구","11200","자곡동","1","대지","0618","0000","강남브리즈힐","20260103","122000","74.04","0.000000","10","","","2014","아파트","중개거래","서울 강남구"
"2026","11620","관악구","10200","신림동","1","대지","0567","0011","늘푸른빌(567-11)","20260103","42500","67.98","38.000000","4","","","2009","연립다세대","중개거래","서울 관악구"
"2026","11140","중구","16200","신당동","1","대지","0844","0000","남산타운","20260103","167800","84.88","0.000000","11","","","2002","아파트","중개거래","서울 중구"
"2026","11305","강북구","10100","미아동","1","대지","1369","0000","꿈의숲해링턴플레이스","20260103","83000","59.36","0.000000","3","","","2019","아파트","중개거래","서울 강북구"
"2026","11560","영등포구","12800","양평동4가","1","대지","0022","0001","구산드림타워","20260103","73500","85.71","109.650000","5","","","2007","오피스텔","중개거래","서울 영등포구"
"2026","11380","은평구","11000","증산동","1","대지","0258","0000","DMC센트럴자이(2단지)","20260103","143000","59.97","0.000000","13","","","2023","아파트","중개거래","서울 은평구"
"2026","11560","영등포구","13200","신길동","1","대지","4969","0000","힐스테이트클래시안","20260103","161000","59.91","0.000000","4","","","2020","아파트","중개거래","서울 영등포구"
"2026","11110","종로구","11800","내수동","1","대지","0072","0000","경희궁의 아침 3단지","20260103","32700","37.5","48.950000","15","","","2004","오피스텔","중개거래","서울 종로구"
"2026","11410","서대문구","11100","홍제동","1","대지","0459","0000","홍제원현대(459-0)","20260103","105000","84.9","0.000000","11","","","2000","아파트","중개거래","서울 강남구, 서울 서대문구"
"2026","11200","성동구","10400","도선동","1","대지","0022","0001","다남매타워","20260103","29000","40.42","57.160000","10","","","2009","오피스텔","중개거래","서울 성동구"
"2026","11380","은평구","10600","대조동","1","대지","0088","0000","힐스테이트 메디알레","20260103","136283","84.74","0.000000","8","입주권","","0","아파트","중개거래","서울 은평구"
"2026","11305","강북구","10100","미아동","1","대지","0004","0000","꿈의숲롯데캐슬","20260103","92800","84.98","0.000000","11","","","2017","아파트","중개거래","서울 강북구, 서울 도봉구"
"2026","11500","강서구","10300","화곡동","1","대지","0467","0008","다대빌리지","20260103","18000","42.69","24.000000","3","","","2002","연립다세대","중개거래","서울 강서구"
"2026","11290","성북구","11900","동선동4가","1","대지","0111","0001","골든타워","20260103","18300","24.46","33.100000","11","","","2005","오피스텔","중개거래","서울 성북구"
"2026","11215","광진구","10300","구의동","1","대지","0667","0000","강변에스케이뷰","20260103","169200","84.69","0.000000","22","","","2017","아파트","중개거래","서울 광진구"
"2026","11545","금천구","10300","시흥동","1","대지","1013","0000","관악산벽산타운5","20260103","44000","59.34","0.000000","15","","","2004","아파트","중개거래","서울 금천구"
"2026","11500","강서구","10100","염창동","1","대지","0240","0001","강변월드메르디앙","20260103","133500","103.019","0.000000","8","","","2010","아파트","중개거래","서울 강서구"
"2026","11350","노원구","10500","상계동","1","대지","0695","0000","대림","20260103","82700","93.75","0.000000","1","","","1988","아파트","중개거래","서울 노원구"
"2026","11410","서대문구","11100","홍제동","1","대지","0312","0132","경일빌라B동","20260103","35000","32.49","16.000000","1","","","1993","연립다세대","중개거래","서울 서대문구"
"2026","11500","강서구","10500","마곡동","1","대지","0773","0003","힐스테이트에코동익","20260103","20400","24.57","35.004000","10","","","2017","오피스텔","중개거래","서울 강서구"
"2026","11290","성북구","13400","길음동","1","대지","1285","0000","길음뉴타운7단지(두산위브)","20260103","129500","84.99","0.000000","13","","","2010","아파트","중개거래","서울 성북구"
"2026","11620","관악구","10100","봉천동","1","대지","1730","0000","e편한세상서울대입구1단지","20260103","147000","84.97","0.000000","8","","","2019","아파트","중개거래","서울 관악구"
"2026","11545","금천구","10200","독산동","1","대지","1054","0002","골드마운틴(1054-2)","20260103","33000","29.75","13.000000","4","","","2022","연립다세대","중개거래","서울 관악구"
"2026","11260","중랑구","10500","망우동","1","대지","0363","0009","다세대주택(피렌체)","20260103","20000","29.25","19.000000","4","","","2015","연립다세대","중개거래","서울 중랑구"
"2026","11500","강서구","10500","마곡동","1","대지","0797","0014","힐스테이트에코마곡","20260103","17000","23.74","23.740000","14","","","2016","오피스텔","중개거래","서울 강서구"
"2026","11680","강남구","11100","세곡동","1","대지","0525","0000","강남데시앙파크","20260103","179000","114.69","0.000000","5","","","2011","아파트","중개거래","서울 강남구"
"2026","11290","성북구","13400","길음동","1","대지","1283","0000","길음뉴타운6단지(래미안)","20260103","147000","113.226","0.000000","17","","","2007","아파트","중개거래","서울 성북구"
"2026","11200","성동구","10400","도선동","1","대지","0046","0000","W에비뉴타워","20260103","24000","23.32","23.320000","9","","","2018","오피스텔","중개거래","서울 성동구"
"2026","11650","서초구","10100","방배동","1","대지","0920","0004","URBANTREE","20260103","119500","68.38","32.000000","4","","","2016","연립다세대","중개거래","서울 서초구"
"2026","11305","강북구","10100","미아동","1","대지","0004","0000","꿈의숲롯데캐슬","20260103","90000","84.98","0.000000","2","","","2017","아파트","중개거래","서울 강북구"
"2026","11380","은평구","10400","갈현동","1","대지","0492","0035","경원에이스빌","20260103","39000","84.94","47.000000","3","","","2007","연립다세대","중개거래","서울 은평구"
"2026","11740","강동구","10900","천호동","1","대지","0144","0036","그랜드빌","20260103","48000","44.78","27.000000","2","","","2016","연립다세대","중개거래","서울 강동구"
"2026","11590","동작구","10400","본동","1","대지","0484","0000","경동윈츠리버","20260103","123500","56.68","0.000000","9","","","2004","아파트","중개거래","서울 동작구"
"2026","11305","강북구","10100","미아동","1","대지","0004","0000","꿈의숲롯데캐슬","20260103","91000","84.98","0.000000","2","","","2017","아파트","중개거래","서울 강북구"
"2026","11470","양천구","10100","신정동","","","","","","20260103","129000","122.98","127.000000","","","","1979","단독다가구","중개거래","경기 김포시, 서울 양천구"
"2026","11305","강북구","10100","미아동","1","대지","0004","0000","꿈의숲롯데캐슬","20260103","87000","84.98","0.000000","2","","","2017","아파트","중개거래","서울 강북구"
"2026","11260","중랑구","10100","면목동","1","대지","1529","0000","경남아너스빌","20260103","79700","84.961","0.000000","2","","","2006","아파트","중개거래","서울 중랑구"
"2026","11740","강동구","10900","천호동","1","대지","0442","0034","대동피렌체리버","20260103","15700","32.67","44.590000","4","","","2004","오피스텔","중개거래","서울 강동구"
"2026","11620","관악구","10100","봉천동","","","","","","20260103","54000","114.58","89.000000","","","","1971","단독다가구","중개거래","서울 관악구"
"2026","11650","서초구","10200","양재동","1","대지","0286","0001","구룡빌라","20260103","66000","47.65","40.000000","2","","","1989","연립다세대","중개거래","서울 서초구"
"2026","11710","송파구","10700","가락동","1","대지","0070","0019","대림","20260103","130000","59.24","0.000000","11","","","1988","아파트","중개거래","서울 송파구"
"2026","11110","종로구","18400","부암동","","","","","","20260103","340000","345.66","416.000000","","","","2017","단독다가구","중개거래","서울 종로구"
"2026","11410","서대문구","10200","충정로3가","","","","","","20260103","130000","125.62","106.000000","","","","1978","단독다가구","중개거래","서울 서대문구"
"2026","11380","은평구","11000","증산동","1","대지","0258","0000","DMC센트럴자이(2단지)","20260103","143000","59.97","0.000000","13","","20260115","2023","아파트","중개거래","서울 은평구"
"2026","11740","강동구","11000","강일동","1","대지","0675","0001","강일타워","20260103","12500","28.84","37.940000","8","","","2011","오피스텔","중개거래","서울 강동구"
"2026","11740","강동구","10900","천호동","1","대지","0027","0041","형인허브빌","20260103","64500","75.81","0.000000","4","","","2008","아파트","중개거래","서울 강동구"
"2026","11530","구로구","10200","구로동","1","대지","1265","0000","구로두산","20260103","53000","44.64","0.000000","18","","","1998","아파트","중개거래","서울 구로구"
"2026","11290","성북구","13800","장위동","1","대지","0317","0000","꿈의숲대명루첸아파트","20260103","86000","59.988","0.000000","6","","","2008","아파트","중개거래","서울 성북구"
"2026","11500","강서구","10500","마곡동","1","대지","0773","0003","힐스테이트에코동익","20260103","19500","30.69","43.723000","15","","","2017","오피스텔","중개거래","서울 강서구"
"2026","11530","구로구","10700","개봉동","1","대지","0489","0000","개봉동현대아이파크","20260103","80800","59.99","0.000000","6","","","2006","아파트","중개거래","서울 구로구"
"2026","11500","강서구","10900","방화동","1","대지","0841","0000","장미","20260103","44500","39.96","0.000000","8","","","1994","아파트","중개거래","서울 강서구"
"2026","11410","서대문구","11100","홍제동","1","대지","0460","0000","인왕산현대","20260103","99800","84.9","0.000000","13","","","2000","아파트","중개거래","서울 서대문구"
"2026","11410","서대문구","11100","홍제동","1","대지","0460","0000","인왕산현대","20260103","83000","59.93","0.000000","9","","","2000","아파트","중개거래","서울 서대문구"
"2026","11740","강동구","10500","길동","1","대지","0477","0000","이편한세상강동에코포레","20260103","119000","59.97","0.000000","19","","","2020","아파트","중개거래","서울 강동구"
"2026","11110","종로구","18700","무악동","1","대지","0060","0000","인왕산아이파크","20260103","134000","84.858","0.000000","4","","","2008","아파트","중개거래","서울 서대문구, 서울 종로구"
"2026","11230","동대문구","10200","용두동","1","대지","0795","0000","이편한세상청계센트럴포레","20260103","191000","109.97","0.000000","6","","","2021","아파트","중개거래","서울 성동구"
"2026","11260","중랑구","10400","묵동","1","대지","0396","0000","이편한세상화랑대","20260103","89000","59.953","0.000000","5","","","2017","아파트","중개거래","서울 중랑구"
"2026","11740","강동구","10900","천호동","1","대지","0052","0006","천호2차이룸아파트","20260103","73500","83.81","0.000000","4","","","2004","아파트","중개거래","서울 강동구"
"2026","11680","강남구","10400","청담동","1","대지","0030","0033","청담대림이-편한세상","20260103","280000","98.47","0.000000","6","","","2002","아파트","중개거래","서울 강남구"
"2026","11230","동대문구","10400","전농동","1","대지","0620","0047","청량리역 롯데캐슬 Sky-L65","20260103","38000","29.736","50.203000","40","","","2023","오피스텔","중개거래","서울 동대문구"
"2026","11350","노원구","10500","상계동","1","대지","1276","0000","청암2단지","20260103","43000","49.77","0.000000","15","","","2001","아파트","중개거래","서울 노원구"
"2026","11710","송파구","10700","가락동","1","대지","0913","0000","헬리오시티","20260103","182500","39.1","0.000000","21","","","2018","아파트","중개거래","서울 송파구, 서울 영등포구"
"2026","11500","강서구","10300","화곡동","1","대지","0354","0010","행운빌라(354-10)","20260103","26000","69.18","39.000000","2","","","1997","연립다세대","중개거래","서울 강서구"
"2026","11380","은평구","10200","녹번동","1","대지","0035","0032","해피하우스(35-32)","20260103","22300","27.17","17.000000","3","","","2014","연립다세대","중개거래","서울 은평구"
"2026","11710","송파구","11300","거여동","1","대지","0044","0000","현대2차","20260103","108000","82.96","0.000000","7","","","1992","아파트","중개거래","서울 강남구, 서울 송파구"
"2026","11170","용산구","11900","효창동","1","대지","0005","0421","카이벨로체시그니처","20260103","60000","26.95","16.000000","-1","","","2025","연립다세대","중개거래","서울 용산구"
"2026","11305","강북구","10100","미아동","1","대지","0705","0001","한화포레나미아","20260103","91700","74.967","0.000000","19","분양권","","0","아파트","중개거래","서울 강북구"
"2026","11290","성북구","13800","장위동","1","대지","0231","0161","(231-161)","20260103","32000","29.46","20.000000","-1","","","1990","연립다세대","중개거래","서울 성북구"
"2026","11350","노원구","10600","중계동","1","대지","0359","0001","주공5","20260103","99000","76.51","0.000000","15","","","1992","아파트","중개거래","서울 노원구"
"2026","11350","노원구","10200","월계동","1","대지","0018","0000","한진한화그랑빌","20260103","87500","59.94","0.000000","26","","","2002","아파트","중개거래","서울 성북구"
"2026","11350","노원구","10600","중계동","1","대지","0369","0000","주공2","20260103","36000","44.52","0.000000","3","","","1992","아파트","중개거래","서울 노원구"
"2026","11350","노원구","10600","중계동","1","대지","0369","0000","주공2","20260103","34700","44.52","0.000000","15","","","1992","아파트","중개거래","서울 노원구"
"2026","11440","마포구","12300","망원동","1","대지","0338","0048","한울타리빌라","20260103","29900","38.52","22.000000","2","","","2002","연립다세대","중개거래","서울 마포구"
"2026","11500","강서구","10300","화곡동","1","대지","1065","0004","한울에이치밸리움A동","20260103","26500","20.92","0.000000","10","","","2019","아파트","중개거래","서울 강남구, 서울 강서구"
"2026","11260","중랑구","10600","신내동","1","대지","0492","0005","조호그레이스","20260103","34600","84.13","0.000000","3","","","2004","아파트","중개거래","서울 중랑구"
"2026","11350","노원구","10300","공릉동","1","대지","0254","0000","태릉우성아파트","20260103","85000","84.97","0.000000","4","","","1985","아파트","중개거래","서울 노원구"
"2026","11260","중랑구","10100","면목동","1","대지","1543","0000","한양수자인사가정파크","20260103","97500","74.939","0.000000","14","","","2019","아파트","중개거래","서울 중랑구"
"2026","11170","용산구","10100","후암동","1","대지","0345","0007","(345-7)","20260103","75000","42.76","30.000000","5","","","2021","연립다세대","직거래",""
"2026","11710","송파구","10600","삼전동","1","대지","0036","0017","(36-17)","20260103","63000","43.15","24.000000","3","","","2002","연립다세대","중개거래","서울 송파구"
"2026","11710","송파구","10100","잠실동","1","대지","0233","0007","태양아트빌라(233-7)","20260103","60000","50.28","28.000000","1","","","1991","연립다세대","중개거래","서울 송파구"
"2026","11260","중랑구","10300","중화동","1","대지","0450","0000","한신아파트상가동유치원동(103~109)","20260103","83000","84.03","0.000000","7","","","1997","아파트","중개거래","서울 중랑구"
"2026","11500","강서구","10500","마곡동","1","대지","0716","0000","한솔솔파크","20260103","113500","84.87","0.000000","9","","","2005","아파트","중개거래","서울 강서구"
"2026","11530","구로구","11000","온수동","1","대지","0093","0000","정산하이츠빌라","20260103","12300","41.64","29.000000","2","","","1995","연립다세대","중개거래","서울 구로구"
"2026","11710","송파구","10200","신천동","1","대지","0017","0000","파크리오","20260103","270000","59.64","0.000000","3","","","2008","아파트","중개거래","서울 송파구"
"2026","11620","관악구","10100","봉천동","1","대지","0635","0081","(635-81)","20260103","18300","35.19","24.000000","2","","","1986","연립다세대","중개거래","서울 관악구"
"2026","11440","마포구","12500","성산동","1","대지","0200","0265","한맥힐하우스(200-265)","20260103","35000","41.16","19.000000","5","","","2002","연립다세대","중개거래","서울 마포구, 서울 용산구"
"2026","11230","동대문구","10400","전농동","1","대지","0687","0000","전농동신성미소지움","20260103","108000","55.371","0.000000","17","","","2005","아파트","중개거래","서울 동대문구"
"2026","11710","송파구","11400","마천동","1","대지","0082","0003","(82-3)","20260103","85000","37.88","24.000000","4","","","2015","연립다세대","중개거래","서울 송파구"
"2026","11590","동작구","10100","노량진동","1","대지","0221","0002","한림빌라(221-2)","20260103","43000","35.55","22.000000","-1","","","1990","연립다세대","중개거래","서울 동작구"
"2026","11740","강동구","10900","천호동","1","대지","0566","0000","천호태영아파트","20260103","121700","84.88","0.000000","17","","","1999","아파트","중개거래","서울 강동구"
"2026","11620","관악구","10100","봉천동","1","대지","0635","0398","팰리스타운B동","20260103","28000","38.87","28.000000","1","","","2013","연립다세대","중개거래","서울 관악구"
"2026","11620","관악구","10300","남현동","1","대지","1086","0024","편백나무","20260103","29000","27.81","17.000000","4","","","2013","연립다세대","중개거래","서울 관악구"
"2026","11170","용산구","12500","한강로2가","1","대지","0002","0008","한강로벽산메가트리움","20260103","31000","32.15","47.890000","27","","","2005","오피스텔","중개거래","서울 용산구"
"2026","11170","용산구","12500","한강로2가","1","대지","0002","0008","한강로벽산메가트리움","20260103","32000","29.54","44.010000","23","","","2005","오피스텔","중개거래","서울 용산구"
"2026","11530","구로구","10800","오류동","1","대지","0051","0031","포스시티","20260103","8000","19.24","27.310000","3","","","2014","오피스텔","중개거래","서울 구로구"
"2026","11710","송파구","10100","잠실동","1","대지","0019","0000","잠실엘스","20260103","348000","84.8","0.000000","9","","","2008","아파트","중개거래","서울 송파구"
"2026","11110","종로구","17000","명륜1가","1","대지","0002","0018","포스텔","20260103","58500","84.78","46.000000","3","","","2003","연립다세대","중개거래","서울 종로구"
"2026","11260","중랑구","10200","상봉동","1","대지","0113","0001","포시티","20260103","11500","14.855","0.000000","11","","","2014","아파트","중개거래","서울 중랑구"
"2026","11290","성북구","13800","장위동","1","대지","0025","0055","푸르지오 라디우스 파크","20260103","133226","84.98","0.000000","20","분양권","","0","아파트","중개거래","서울 성북구"
"2026","11290","성북구","13800","장위동","1","대지","0025","0055","푸르지오 라디우스 파크","20260103","124087","84.98","0.000000","7","분양권","20260112","0","아파트","중개거래","서울 성북구"
"2026","11305","강북구","10100","미아동","1","대지","0160","0003","푸르지오시티","20260103","12650","18.647","0.000000","4","","","2014","아파트","중개거래","서울 강북구"
"2026","11710","송파구","10200","신천동","1","대지","0011","0004","잠실 푸르지오 월드마크","20260103","85000","55.41","76.970000","8","","","2013","오피스텔","중개거래","서울 강남구, 서울 송파구"
"2026","11710","송파구","10600","삼전동","1","대지","0013","0013","임페리얼팰리스","20260103","49000","26.32","19.000000","3","","","2016","연립다세대","중개거래","서울 송파구"
"2026","11350","노원구","10600","중계동","1","대지","0369","0000","주공2","20260102","33900","44.52","0.000000","3","","","1992","아파트","중개거래","서울 노원구"
"2026","11530","구로구","10200","구로동","1","대지","1280","0001","한신휴플러스(1280-1)","20260102","84000","84.94","0.000000","5","","","2007","아파트","중개거래","서울 구로구"
"2026","11320","도봉구","10700","창동","1","대지","0821","0000","초안산신도브래뉴","20260102","58800","78.297","0.000000","9","","","2005","아파트","중개거래","서울 강북구, 서울 도봉구"
"2026","11260","중랑구","10600","신내동","1","대지","0654","0000","진로아파트","20260102","88000","101.86","0.000000","12","","","1995","아파트","중개거래","서울 중랑구"
"2026","11710","송파구","10600","삼전동","1","대지","0054","0002","장수빌라","20260102","49000","38","18.000000","2","","","2004","연립다세대","중개거래","서울 송파구"
"2026","11470","양천구","10200","목동","1","대지","0655","0007","(655-7)","20260102","13000","38.64","33.000000","-1","","","1989","연립다세대","직거래",""
"2026","11470","양천구","10200","목동","1","대지","0533","0003","(533-3)","20260102","38800","77.39","60.000000","1","","","1983","연립다세대","중개거래","서울 양천구"
"2026","11290","성북구","13300","정릉동","1","대지","1037","0000","정릉꿈에그린","20260102","80000","59.63","0.000000","5","","","2015","아파트","중개거래","서울 성북구"
"2026","11410","서대문구","11900","북가좌동","1","대지","0481","0000","DMC래미안e편한세상","20260102","150000","84.92","0.000000","32","","","2012","아파트","중개거래","서울 서대문구"
"2026","11380","은평구","10700","응암동","1","대지","0749","0022","(749-22)","20260102","20500","48.93","42.000000","1","","","1986","연립다세대","중개거래","서울 은평구"
"2026","11740","강동구","10500","길동","1","대지","0457","0000","청광플러스원큐브2차","20260102","9900","14.495","0.000000","13","","","2013","아파트","중개거래","서울 강동구"
"2026","11230","동대문구","10600","장안동","1","대지","0374","0001","장안현대벤처빌","20260102","18700","43.42","56.030000","15","","","2004","오피스텔","중개거래","서울 동대문구"
"2026","11305","강북구","10100","미아동","1","대지","0160","0003","푸르지오시티","20260102","13000","18.647","0.000000","9","","","2014","아파트","중개거래","서울 강북구"
"2026","11380","은평구","10300","불광동","1","대지","0331","0160","정양타운","20260102","40000","53.53","25.000000","2","","","1992","연립다세대","중개거래","서울 은평구"
"2026","11740","강동구","10900","천호동","1","대지","0040","0034","천호동블루빌(40-34)","20260102","23250","29.85","20.000000","4","","","2011","연립다세대","중개거래","서울 강동구"
"2026","11410","서대문구","10200","충정로3가","1","대지","0222","0000","피어리스","20260102","67000","84.24","0.000000","12","","","1987","아파트","중개거래","서울 서대문구"
"2026","11260","중랑구","10500","망우동","1","대지","0495","0000","한일써너스빌리젠시 2단지","20260102","35900","84.14","106.620000","4","","","2008","오피스텔","중개거래","서울 중랑구"
"2026","11230","동대문구","11000","이문동","1","대지","0254","0040","주성 아우라","20260102","8550","16.827","27.019000","7","","","2013","오피스텔","중개거래","서울 동대문구"
"2026","11650","서초구","10100","방배동","1","대지","1015","0000","임광","20260102","297000","136.38","0.000000","10","","","1985","아파트","중개거래","서울 강남구"
"2026","11320","도봉구","10700","창동","1","대지","0442","0051","한원힐트리움-51","20260102","19500","29.88","13.000000","9","","","2013","연립다세대","중개거래","서울 강북구"
"2026","11710","송파구","11100","방이동","1","대지","0034","0000","집앤사잠실프리미어","20260102","55000","29.64","5.000000","15","","","2023","연립다세대","중개거래","서울 송파구"
"2026","11440","마포구","12300","망원동","1","대지","0395","0040","한강르네상스1차","20260102","35900","50.68","32.000000","5","","","2008","연립다세대","중개거래","서울 마포구"
"2026","11290","성북구","13500","종암동","1","대지","0104","0001","종암에스케이","20260102","79700","59.86","0.000000","13","","","1999","아파트","중개거래","서울 성북구"
"2026","11470","양천구","10100","신정동","1","대지","1293","0000","학마을1단지","20260102","54000","49.99","0.000000","11","","","2000","아파트","중개거래","서울 양천구"
"2026","11350","노원구","10300","공릉동","1","대지","0725","0000","풍림아파트A","20260102","83000","84.99","0.000000","14","","","2001","아파트","중개거래","서울 노원구"
"2026","11410","서대문구","11100","홍제동","1","대지","0453","0000","청구1차","20260102","107400","84.78","0.000000","11","","","1994","아파트","중개거래","서울 용산구"
"2026","11230","동대문구","11000","이문동","1","대지","0256","0222","256-222","20260102","40000","29.95","19.000000","2","","","2015","연립다세대","직거래",""
"2026","11380","은평구","10400","갈현동","1","대지","0475","0007","(475-7)","20260102","8800","40.74","30.000000","-1","","","1986","연립다세대","직거래",""
"2026","11680","강남구","11400","일원동","1","대지","0665","0004","카사펠리즈","20260102","107000","36.85","28.000000","2","","","2021","연립다세대","중개거래","서울 강남구"
"2026","11230","동대문구","10500","답십리동","1","대지","0497","0023","청계푸르지오시티","20260102","14400","18.92","0.000000","16","","","2015","아파트","중개거래","서울 동대문구"
"2026","11230","동대문구","11000","이문동","1","대지","0084","0000","중앙하이츠빌","20260102","82000","84.81","0.000000","20","","","2002","아파트","중개거래","서울 성북구"
"2026","11350","노원구","10300","공릉동","1","대지","0758","0000","태릉해링턴플레이스","20260102","104000","74.95","0.000000","15","","","2022","아파트","중개거래","서울 노원구"
"2026","11560","영등포구","10900","영등포동8가","1","대지","0042","0001","한양아이클래스 오피스텔","20260102","14000","19.86","28.980900","7","","","2014","오피스텔","중개거래","서울 영등포구"
"2026","11350","노원구","10500","상계동","1","대지","0442","0005","한신빌라트","20260102","27500","53.61","26.000000","2","","","2002","연립다세대","중개거래","서울 노원구"
"2026","11620","관악구","10200","신림동","1","대지","0409","0096","(409-96)","20260102","25000","13.62","11.000000","1","","","2013","연립다세대","중개거래","서울 관악구"
"2026","11200","성동구","10800","응봉동","1","대지","0265","0138","(265-138)","20260102","45000","57.78","32.000000","1","","","1995","연립다세대","중개거래","서울 성동구"
"2026","11590","동작구","10900","신대방동","1","대지","0707","0000","현대","20260102","110500","84.57","0.000000","8","","","1996","아파트","중개거래","서울 동작구, 서울 영등포구"
"2026","11440","마포구","12500","성산동","1","대지","0592","0002","태림센트윈Ⅱ","20260102","33800","25.65","34.770000","8","","","2021","오피스텔","중개거래","서울 마포구"
"2026","11215","광진구","10500","자양동","1","대지","0789","0000","자양8차현대홈타운","20260102","192000","80.47","0.000000","9","","","2002","아파트","중개거래","서울 광진구"
"2026","11230","동대문구","11000","이문동","1","대지","0254","0040","주성 아우라","20260102","8550","16.827","27.019000","7","","","2013","오피스텔","중개거래","서울 동대문구"
"2026","11230","동대문구","10400","전농동","1","대지","0620","0047","청량리역롯데캐슬 SKY-L65","20260102","196000","84.981","0.000000","39","","","2023","아파트","중개거래","서울 동대문구"
"2026","11500","강서구","10300","화곡동","1","대지","1084","0046","중앙파크빌","20260102","28400","55.65","30.000000","2","","","2011","연립다세대","중개거래","서울 강서구"
"2026","11305","강북구","10100","미아동","1","대지","0132","0075","청명시티빌","20260102","29000","53.62","31.000000","1","","","2003","연립다세대","중개거래","서울 강북구"
"2026","11350","노원구","10200","월계동","1","대지","0780","0000","청백3","20260102","34500","49.77","0.000000","1","","","1998","아파트","중개거래","서울 노원구"
"2026","11110","종로구","11100","옥인동","1","대지","0178","0000","인왕빌라","20260102","85500","92.56","48.000000","2","","","1998","연립다세대","중개거래","서울 종로구"
"2026","11230","동대문구","10600","장안동","1","대지","0374","0001","장안현대벤처빌","20260102","12200","32.24","41.600000","18","","","2004","오피스텔","중개거래","서울 동대문구"
"2026","11290","성북구","13500","종암동","1","대지","0008","0212","지원하우스","20260102","30300","25.57","16.000000","4","","","2016","연립다세대","중개거래","서울 성북구"
"2026","11230","동대문구","10500","답십리동","1","대지","0041","0000","동서울한양","20260102","63500","76.41","0.000000","5","","","1989","아파트","중개거래","서울 동대문구"
"2026","11260","중랑구","10100","면목동","1","대지","0552","0041","드림하이빌","20260102","35700","58.44","35.000000","4","","","2008","연립다세대","중개거래","서울 중랑구"
"2026","11200","성동구","10500","마장동","1","대지","0819","0000","마장동중앙하이츠","20260102","106500","60","0.000000","4","","","1999","아파트","중개거래","서울 성동구"
"2026","11440","마포구","10300","신공덕동","1","대지","0167","0000","메트로디오빌","20260102","25000","26.74","35.150000","4","","20260121","2005","오피스텔","직거래",""
"2026","11380","은평구","10200","녹번동","1","대지","0283","0000","래미안베라힐즈","20260102","134500","84.95","0.000000","19","","","2019","아파트","중개거래","서울 은평구"
"2026","11140","중구","16500","황학동","1","대지","2545","0000","롯데캐슬","20260102","113000","84.89","0.000000","22","","","2008","아파트","중개거래","서울 성동구, 서울 중구"
"2026","11740","강동구","10900","천호동","1","대지","0571","0000","래미안강동팰리스","20260102","168000","84.97","0.000000","14","","","2017","아파트","직거래",""
"2026","11560","영등포구","11100","당산동1가","1","대지","0256","0076","드림캐슬","20260102","42000","42.95","52.610000","4","","","2023","오피스텔","직거래",""
"2026","11260","중랑구","10300","중화동","1","대지","0320","0085","모두&토토","20260102","30500","29.76","19.000000","2","","","2018","연립다세대","중개거래","서울 중랑구"
"2026","11500","강서구","10200","등촌동","1","대지","0631","0000","등촌동두산위브센티움","20260102","15410","43.11","58.460000","5","","","2004","오피스텔","직거래",""
"2026","11650","서초구","10600","잠원동","1","대지","0042","0013","대우아이빌","20260102","67200","35.38","0.000000","8","","","2001","아파트","중개거래","서울 서초구"
"2026","11170","용산구","12100","용문동","1","대지","0001","0099","라온빌(1-99)","20260102","66000","29.38","16.000000","4","","","2016","연립다세대","중개거래","서울 용산구"
"2026","11560","영등포구","11700","당산동","1","대지","0121","0130","리버뷰","20260102","10500","15.05","0.000000","12","","","2015","아파트","중개거래","서울 영등포구"
"2026","11290","성북구","10300","돈암동","1","대지","0015","0001","돈암동삼성","20260102","88500","114.66","0.000000","12","","","1999","아파트","중개거래","서울 성북구"
"2026","11320","도봉구","10700","창동","1","대지","0808","0000","동아청솔","20260102","103000","84.97","0.000000","19","","","1997","아파트","중개거래","서울 도봉구"
"2026","11110","종로구","17500","숭인동","1","대지","0076","0000","롯데캐슬 천지인","20260102","28900","39.6","51.960000","18","","","2004","오피스텔","중개거래","서울 종로구"
"2026","11215","광진구","10500","자양동","1","대지","0637","0010","더팰리스","20260102","98000","43.225","25.000000","5","","","2014","연립다세대","중개거래","서울 광진구"
"2026","11620","관악구","10200","신림동","1","대지","1695","0000","동부","20260102","74500","60.38","0.000000","4","","","1993","아파트","중개거래","서울 관악구"
"2026","11440","마포구","10800","대흥동","1","대지","0660","0000","대흥동태영아파트","20260102","199700","84.77","0.000000","3","","20260105","1999","아파트","중개거래","서울 마포구"
"2026","11500","강서구","10300","화곡동","1","대지","0362","0023","더메르씨엘","20260102","26000","27.5","18.000000","3","","","2020","연립다세대","중개거래","서울 강서구"
"2026","11170","용산구","12500","한강로2가","1","대지","0422","0000","래미안 용산 더 센트럴","20260102","80500","47.65","65.116800","7","","","null","오피스텔","중개거래","서울 용산구"
"2026","11170","용산구","12500","한강로2가","1","대지","0422","0000","래미안 용산 더 센트럴","20260102","80500","47.65","65.116800","7","","20260109","null","오피스텔","중개거래","서울 용산구"
"2026","11350","노원구","10600","중계동","1","대지","0505","0000","롯데(505)","20260102","54500","54.48","0.000000","13","","","1989","아파트","중개거래","서울 노원구"
"2026","11470","양천구","10100","신정동","1","대지","0325","0000","목동신시가지11","20260102","160000","51.48","0.000000","2","","","1988","아파트","중개거래","서울 양천구"
"2026","11590","동작구","10900","신대방동","1","대지","0686","0048","동작협성휴포레시그니처","20260102","115000","84.986","0.000000","25","","","2022","아파트","중개거래","서울 동작구"
"2026","11380","은평구","10200","녹번동","1","대지","0283","0000","래미안베라힐즈","20260102","128500","84.95","0.000000","13","","","2019","아파트","중개거래","서울 은평구"
"2026","11110","종로구","18200","구기동","1","대지","0125","0005","마운틴뷰","20260102","50000","59.38","0.000000","5","","","2019","아파트","중개거래","서울 종로구"
"2026","11590","동작구","10900","신대방동","1","대지","0713","0000","롯데낙천대","20260102","102500","55.456","0.000000","3","","","2003","아파트","중개거래","서울 동작구"
"2026","11590","동작구","10200","상도동","1","대지","0214","0039","동하하이츠빌라","20260102","31000","39.42","23.000000","2","","","1991","연립다세대","중개거래","서울 동작구"
"2026","11740","강동구","10900","천호동","1","대지","0414","0000","두산위브센티움","20260102","15500","31.37","44.640000","12","","","2004","오피스텔","중개거래","서울 강동구"
"2026","11650","서초구","10800","서초동","1","대지","1359","0050","롯데캐슬쥬피터","20260102","255500","164.05","0.000000","6","","","2003","아파트","중개거래","서울 강남구, 서울 서초구"
"2026","11215","광진구","10500","자양동","1","대지","0227","0007","더샵스타시티","20260102","270000","139.6","0.000000","36","","","2007","아파트","중개거래","서울 광진구"
"2026","11680","강남구","10300","개포동","1","대지","1226","0009","로얄팰리체2차B동","20260102","55500","32.66","19.000000","2","","","2019","연립다세대","중개거래","서울 강남구"
"2026","11170","용산구","12100","용문동","1","대지","0038","0177","라플라메177","20260102","61000","25","17.000000","3","","","2025","연립다세대","중개거래","서울 용산구"
"2026","11290","성북구","13800","장위동","1","대지","0320","0000","래미안장위퍼스트하이","20260102","124700","84.94","0.000000","16","","","2020","아파트","중개거래","서울 동대문구, 서울 성북구"
"2026","11545","금천구","10300","시흥동","1","대지","1010","0000","벽산","20260102","60000","114.84","0.000000","9","","","2000","아파트","중개거래","서울 금천구"
"2026","11470","양천구","10100","신정동","1","대지","0314","0000","목동신시가지8","20260102","195000","54.94","0.000000","6","","","1987","아파트","중개거래","서울 양천구"
"2026","11470","양천구","10100","신정동","1","대지","1279","0000","목동현대3차","20260102","150000","71.16","0.000000","4","","","1997","아파트","중개거래","서울 양천구"
"2026","11260","중랑구","10400","묵동","1","대지","0128","0001","목화빌라","20260102","11600","40.89","27.000000","1","","","1987","연립다세대","직거래",""
"2026","11560","영등포구","12400","문래동6가","1","대지","0016","0002","문래파라곤","20260102","73500","87.85","108.730000","10","","","2005","오피스텔","중개거래","서울 영등포구"
"2026","11650","서초구","10100","방배동","1","대지","0751","0009","반포스테이2차","20260102","30000","18.51","6.000000","10","","","2019","연립다세대","중개거래","서울 서초구"
"2026","11440","마포구","11200","현석동","1","대지","0220","0000","밤섬힐스테이트","20260102","147000","59.4","0.000000","3","","","1999","아파트","중개거래","서울 마포구"
"2026","11500","강서구","10900","방화동","1","대지","0839","0000","방화그린","20260102","42000","39.76","0.000000","14","","","1993","아파트","중개거래","서울 강서구"
"2026","11500","강서구","10900","방화동","1","대지","0839","0000","방화그린","20260102","51800","49.77","0.000000","4","","","1993","아파트","중개거래","서울 강서구"
"2026","11380","은평구","10700","응암동","1","대지","0767","0000","백련산에스케이뷰아이파크","20260102","113000","84.903","0.000000","18","","","2020","아파트","중개거래","서울 마포구, 서울 은평구"
"2026","11215","광진구","10300","구의동","1","대지","0243","0002","베스트 트레드빌","20260102","14900","26.84","36.810000","7","","","2004","오피스텔","중개거래","서울 광진구"
"2026","11305","강북구","10100","미아동","1","대지","1354","0000","벽산라이브파크","20260102","68000","84.89","0.000000","23","","","2004","아파트","중개거래","서울 강북구"
"2026","11320","도봉구","10600","방학동","1","대지","0275","0000","벽산아파트1","20260102","40000","63.38","0.000000","4","","","1991","아파트","중개거래","서울 도봉구"
"2026","11650","서초구","10100","방배동","1","대지","0812","0015","보성빌라","20260102","42500","46.65","27.000000","3","","","2011","연립다세대","중개거래","서울 서초구"
"2026","11650","서초구","10100","방배동","1","대지","0812","0015","보성빌라","20260102","42500","46.65","27.000000","2","","","2011","연립다세대","중개거래","서울 서초구"
"2026","11410","서대문구","11800","홍은동","1","대지","0464","0000","북한산더샵","20260102","130000","84.85","0.000000","7","","","2017","아파트","중개거래","서울 서대문구"
"2026","11380","은평구","10200","녹번동","1","대지","0281","0000","북한산푸르지오","20260102","105000","84.99","0.000000","2","","","2015","아파트","중개거래","서울 마포구, 서울 은평구"
"2026","11560","영등포구","12500","양평동1가","1","대지","0120","0005","뷰티플하우스","20260102","49500","57.69","67.840000","6","","","2018","오피스텔","중개거래","서울 영등포구"
"2026","11305","강북구","10100","미아동","1","대지","1357","0000","삼각산아이원","20260102","75500","84.705","0.000000","17","","","2003","아파트","중개거래","서울 강북구"
"2026","11680","강남구","10600","대치동","1","대지","0918","0012","삼성그린빌A","20260102","63500","55.66","26.000000","5","","","2002","연립다세대","중개거래","서울 강남구"
"2026","11680","강남구","10600","대치동","1","대지","0918","0012","삼성그린빌A","20260102","63500","55.66","26.000000","5","","","2002","연립다세대","중개거래","서울 강남구, 서울 송파구"
"2026","11170","용산구","12000","도원동","1","대지","0023","0000","삼성래미안","20260102","180000","84.69","0.000000","20","","","2001","아파트","중개거래","서울 용산구"
"2026","11305","강북구","10300","수유동","1","대지","0252","0002","삼성하우징골드(252-2)","20260102","30500","51.39","30.000000","3","","","2017","연립다세대","중개거래","서울 강북구"
"2026","11710","송파구","11100","방이동","1","대지","0160","0001","삼우빌라","20260102","52000","34.56","23.000000","4","","","2022","연립다세대","직거래",""
"2026","11740","강동구","10100","명일동","1","대지","0270","0000","삼익가든","20260102","140500","66.87","0.000000","8","","","1984","아파트","중개거래","서울 강동구"
"2026","11710","송파구","11300","거여동","1","대지","0135","0037","삼형아트빌","20260102","34000","42","25.000000","2","","20260112","2002","연립다세대","중개거래","서울 송파구"
"2026","11350","노원구","10500","상계동","1","대지","0647","0000","상계주공12(고층)","20260102","46000","49.94","0.000000","1","","","1988","아파트","중개거래","서울 노원구"
"2026","11380","은평구","11400","진관동","1","대지","0014","0000","상림마을8단지롯데캐슬(801~809동)BL1-2","20260102","73000","59.28","0.000000","6","","","2008","아파트","중개거래","서울 은평구"
"2026","11350","노원구","10200","월계동","1","대지","0085","0007","서울원 아이파크","20260102","144490","84.317","0.000000","22","분양권","","0","아파트","중개거래","대구 중구, 서울 동대문구"
"2026","11350","노원구","10200","월계동","1","대지","0085","0007","서울원 아이파크","20260102","140000","84.317","0.000000","34","분양권","","0","아파트","직거래",""
"2026","11350","노원구","10200","월계동","1","대지","0085","0007","서울원 아이파크","20260102","146347","84.661","0.000000","33","분양권","","0","아파트","중개거래","서울 동대문구"
"2026","11320","도봉구","10800","도봉동","1","대지","0641","0000","서원","20260102","34300","49.77","0.000000","4","","","1996","아파트","중개거래","서울 도봉구"
"2026","11650","서초구","10800","서초동","1","대지","1582","0003","서초센트럴IPARK","20260102","203000","80.515","0.000000","14","","","2020","아파트","중개거래","서울 서초구"
"2026","11650","서초구","10800","서초동","1","대지","1444","0007","서초자이","20260102","285000","148.83","0.000000","15","","","2006","아파트","중개거래","서울 서초구"
"2026","11320","도봉구","10700","창동","1","대지","0700","0134","선덕그랑빌(가)","20260102","19400","51.6","28.000000","2","","","2001","연립다세대","중개거래","서울 도봉구"
"2026","11560","영등포구","11100","당산동1가","1","대지","0412","0000","선샤인팰리스","20260102","38900","29.23","12.000000","6","","","2022","연립다세대","중개거래","서울 강남구, 서울 영등포구"
"2026","11590","동작구","10800","대방동","1","대지","0500","0000","성원","20260102","118000","84.32","0.000000","1","","","1994","아파트","중개거래","서울 동작구"
"2026","11470","양천구","10200","목동","1","대지","0709","0002","성원2","20260102","98500","114.57","0.000000","13","","","2000","아파트","중개거래","서울 강서구"
"2026","11740","강동구","10900","천호동","1","대지","0564","0000","성원아파트","20260102","73000","83.15","0.000000","5","","","1998","아파트","중개거래","서울 강동구"
"2026","11470","양천구","10100","신정동","1","대지","1192","0020","성호주택(1192-20)","20260102","37000","76.2","37.000000","2","","","2002","연립다세대","직거래",""
"2026","11545","금천구","10200","독산동","1","대지","0894","0011","소원베스트빌1차","20260102","32400","59.89","45.000000","3","","","2020","연립다세대","중개거래","서울 금천구"
"2026","11215","광진구","10100","중곡동","1","대지","0157","0006","아스하임","20260102","21000","16.04","30.280000","14","","","2019","오피스텔","중개거래","서울 광진구"
"2026","11680","강남구","11800","도곡동","1","대지","0467","0010","우성리빙텔","20260102","190000","119.25","0.000000","9","","","1996","아파트","중개거래","서울 강남구"
"2026","11380","은평구","10800","역촌동","1","대지","0019","0030","아이안빌(19-30)","20260102","40000","56.4","33.000000","6","","","2015","연립다세대","중개거래","서울 은평구"
"2026","11290","성북구","13500","종암동","1","대지","0130","0000","아이파크종암동1차","20260102","119000","114.99","0.000000","15","","","2004","아파트","중개거래","서울 성북구"
"2026","11680","강남구","10100","역삼동","1","대지","0719","0024","역삼역센트럴푸르지오시티","20260102","42000","32.42","51.734700","8","","","2019","오피스텔","중개거래","서울 강남구"
"2026","11410","서대문구","11200","대현동","1","대지","0090","0060","이대 포레스트","20260102","21800","17.84","23.270000","12","","","2019","오피스텔","중개거래","서울 서대문구"
"2026","11530","구로구","10800","오류동","1","대지","0033","0033","예성 라온팰리스","20260102","49000","102.24","135.530000","15","","","2007","오피스텔","중개거래","서울 양천구"
"2026","11470","양천구","10200","목동","1","대지","0528","0000","이에스풀하임","20260102","58000","42.36","23.000000","6","","","2022","연립다세대","중개거래","서울 양천구"
"2026","11170","용산구","12200","문배동","1","대지","0011","0014","이안용산1차(101동)","20260102","127000","84.95","0.000000","3","","","2005","아파트","중개거래","서울 용산구"
"2026","11350","노원구","10500","상계동","1","대지","1312","0000","수락리버시티3단지","20260102","63000","84.69","0.000000","2","","","2009","아파트","중개거래","서울 노원구"
"2026","11410","서대문구","11100","홍제동","1","대지","0454","0000","유원하나","20260102","59500","82.35","0.000000","9","","","1996","아파트","중개거래","서울 마포구, 서울 서대문구"
"2026","11650","서초구","10800","서초동","1","대지","1599","0002","엘지서초에클라트","20260102","37049","62.845","83.435000","3","","","2004","오피스텔","직거래",""
"2026","11260","중랑구","10200","상봉동","1","대지","0484","0000","엘지,쌍용아파트","20260102","62500","68.12","0.000000","3","","","1996","아파트","중개거래","서울 중랑구"
"2026","11200","성동구","11300","옥수동","1","대지","0528","0000","옥수파크힐스101동~116동","20260102","225000","59.88","0.000000","4","","","2016","아파트","중개거래","서울 성동구"
"2026","11230","동대문구","10400","전농동","1","대지","0103","0022","세화","20260102","59000","72.04","0.000000","1","","","2002","아파트","중개거래","서울 동대문구"
"2026","11470","양천구","10200","목동","1","대지","0796","0010","올림푸스(796-10)","20260102","25800","42.11","24.000000","4","","","2011","연립다세대","중개거래","서울 양천구"
"2026","11545","금천구","10300","시흥동","1","대지","1015","0000","시흥베르빌","20260102","74700","81.16","0.000000","10","","","2004","아파트","중개거래","서울 금천구"
"2026","11260","중랑구","10600","신내동","1","대지","0650","0000","신내6대주","20260102","60000","59.76","0.000000","4","","","1996","아파트","중개거래","서울 중랑구"
"2026","11260","중랑구","10400","묵동","1","대지","0020","0000","신내두산아파트","20260102","106500","126.28","0.000000","7","","","1995","아파트","중개거래","서울 중랑구"
"2026","11170","용산구","10100","후암동","1","대지","0254","0009","에코빌","20260102","55000","17.89","13.000000","4","","","2017","연립다세대","중개거래","서울 용산구"
"2026","11530","구로구","10200","구로동","1","대지","1267","0000","신도림태영타운","20260102","126500","84.87","0.000000","18","","","2000","아파트","중개거래","경기 안양시 동안구"
"2026","11215","광진구","10100","중곡동","1","대지","0030","0003","와이엔빌라비동","20260102","23000","48.36","20.000000","-1","","","2001","연립다세대","중개거래","서울 강동구"
"2026","11200","성동구","10800","응봉동","1","대지","0275","0000","신동아","20260102","122000","59.97","0.000000","8","","","1996","아파트","중개거래","서울 성동구"
"2026","11710","송파구","11400","마천동","1","대지","0007","0001","용궁빌라","20260102","16000","36.41","27.000000","-1","","","1989","연립다세대","중개거래","서울 송파구"
"2026","11590","동작구","10200","상도동","1","대지","0322","0001","신동아","20260102","58000","63.54","43.000000","4","","","2002","연립다세대","중개거래","서울 동작구"
"2026","11230","동대문구","10200","용두동","1","대지","0794","0000","용두롯데캐슬리치","20260102","108000","59.827","0.000000","15","","","2015","아파트","중개거래","서울 동대문구"
"2026","11260","중랑구","10100","면목동","1","대지","1549","0000","용마산모아엘가파크포레","20260102","81500","83.91","0.000000","3","","","2023","아파트","중개거래","서울 중랑구"
"2026","11350","노원구","10600","중계동","1","대지","0366","0000","신동아(366)","20260102","120700","115.35","0.000000","11","","","1993","아파트","중개거래","서울 노원구"
"2026","11305","강북구","10100","미아동","1","대지","1353","0000","에스케이북한산시티","20260102","59000","59.98","0.000000","1","","","2004","아파트","중개거래","서울 강북구, 전북 전주시 완산구"
"2026","11470","양천구","10300","신월동","1","대지","0074","0004","신반도","20260102","29000","57.85","54.000000","3","","","1981","연립다세대","중개거래","서울 양천구"
"2026","11170","용산구","11200","원효로1가","1","대지","0041","0000","용산더프라임","20260102","140000","59.557","0.000000","4","","","2014","아파트","중개거래","서울 용산구"
"2026","11590","동작구","10700","사당동","1","대지","0419","0045","신영빌리지","20260102","55000","75.07","37.000000","3","","","2001","연립다세대","중개거래","서울 서초구"
"2026","11350","노원구","10200","월계동","1","대지","0951","0000","월계센트럴아이파크","20260102","106800","84.99","0.000000","5","","","2020","아파트","중개거래","서울 성북구"
"2026","11170","용산구","10700","동자동","1","대지","0045","0000","센트레빌아스테리움서울","20260102","205000","149.05","0.000000","22","","","2013","아파트","중개거래","서울 용산구"
"2026","11470","양천구","10100","신정동","1","대지","1277","0000","신트리4","20260102","63000","49.5","0.000000","15","","","2000","아파트","중개거래","서울 양천구"
"2026","11470","양천구","10100","신정동","1","대지","1277","0000","신트리4","20260102","71500","59.73","0.000000","8","","","2000","아파트","중개거래","서울 구로구, 서울 양천구"
"2026","11230","동대문구","11000","이문동","1","대지","0064","0000","쌍용","20260102","89400","59.99","0.000000","6","","","2000","아파트","중개거래","서울 동대문구"
"2026","11305","강북구","10300","수유동","1","대지","0092","0008","어반빌리움 수유","20260102","11615","17.01","28.470000","15","","","2021","오피스텔","직거래",""
"2026","11260","중랑구","10100","면목동","1","대지","1548","0000","쌍용더플래티넘용마산","20260102","100000","75.058","0.000000","4","","","2020","아파트","중개거래","서울 중랑구"
"2026","11560","영등포구","13300","대림동","1","대지","0717","0000","쌍용플래티넘S","20260102","9800","18.24","0.000000","3","","","2013","아파트","직거래",""
"2026","11380","은평구","11400","진관동","1","대지","0073","0000","웅신 미켈란의 아침","20260102","11900","19.06","32.518700","8","","","2017","오피스텔","중개거래","경기 고양시 덕양구, 서울 은평구"
"2026","11710","송파구","10800","문정동","1","대지","0036","0005","욱빈힐타움","20260102","60000","37.98","27.000000","6","","","2022","연립다세대","중개거래","서울 송파구"
"2026","11740","강동구","10600","둔촌동","1","대지","0490","0011","아름빌","20260102","95000","59.33","31.000000","4","","","2007","연립다세대","중개거래","서울 강동구"
"2026","11710","송파구","10100","잠실동","1","대지","0221","0006","아미캐슬","20260102","82000","45.63","31.000000","3","","","2022","연립다세대","중개거래","서울 송파구"
"2026","11380","은평구","10400","갈현동","1","대지","0435","0037","호안빌(435-37)","20260102","35000","44.91","26.000000","3","","","2023","연립다세대","중개거래","서울 은평구"
"2026","11290","성북구","13600","하월곡동","1","대지","0228","0000","꿈의숲푸르지오","20260102","72000","59.65","0.000000","1","","","2010","아파트","중개거래","서울 동대문구, 서울 성북구"
"2026","11620","관악구","10100","봉천동","","","","","","20260102","94500","188.88","132.000000","","","","1991","단독다가구","중개거래","서울 영등포구"
"2026","11410","서대문구","11800","홍은동","","","","","","20260102","97000","236.43","142.000000","","","","1991","단독다가구","중개거래","서울 서대문구"
"2026","11470","양천구","10200","목동","1","대지","0907","0000","현대월드타워","20260102","23500","38.22","54.780000","24","","","1999","오피스텔","직거래",""
"2026","11680","강남구","10800","논현동","1","대지","0038","0011","논현하이츠빌라","20260102","210000","209.54","117.000000","4","","","1997","연립다세대","중개거래","서울 강남구"
"2026","11350","노원구","10600","중계동","1","대지","0049","0000","현대그린","20260102","59900","84.99","0.000000","5","","","1998","아파트","중개거래","서울 노원구"
"2026","11680","강남구","11800","도곡동","1","대지","0193","0012","가동","20260102","42700","29.925","21.000000","4","","","2015","연립다세대","중개거래","서울 강남구"
"2026","11710","송파구","10100","잠실동","1","대지","0312","0023","valuevill","20260102","48500","37.28","18.000000","4","","","2002","연립다세대","중개거래","서울 송파구"
"2026","11215","광진구","10100","중곡동","1","대지","0189","0064","sky창조빌","20260102","35000","59.81","28.000000","4","","","2012","연립다세대","중개거래","서울 광진구"
"2026","11560","영등포구","10800","영등포동7가","1","대지","0064","0041","ks빌리지(64-41)","20260102","50000","56.15","32.000000","3","","","2003","연립다세대","중개거래","서울 영등포구"
"2026","11530","구로구","10700","개봉동","","","","","","20260102","64200","238.68","109.000000","","","","1996","단독다가구","중개거래","서울 구로구"
"2026","11290","성북구","13400","길음동","1","대지","1286","0000","길음뉴타운9단지(래미안)","20260102","125000","84.96","0.000000","15","","","2010","아파트","중개거래","서울 성북구"
"2026","11410","서대문구","11700","연희동","1","대지","0340","0027","현대싱그런","20260102","79000","85.25","85.250000","2","","","2007","오피스텔","중개거래","서울 서대문구"
"2026","11380","은평구","10300","불광동","1","대지","0445","0076","힐탑하이츠빌라","20260102","23200","36.12","30.000000","2","","","1991","연립다세대","중개거래","서울 은평구"
"2026","11290","성북구","13400","길음동","1","대지","1285","0000","길음뉴타운7단지(두산위브)","20260102","103300","59.98","0.000000","16","","","2010","아파트","중개거래","서울 성북구"
"2026","11500","강서구","10100","염창동","1","대지","0303","0000","강변코아루","20260102","100000","84.77","0.000000","2","","","2007","아파트","중개거래","서울 강서구"
"2026","11230","동대문구","10400","전농동","1","대지","0100","0001","다스하우스","20260102","10500","14.7","21.890000","4","","","2018","오피스텔","중개거래","서울 동대문구"
"2026","11305","강북구","10100","미아동","1","대지","0561","0002","현대성우","20260102","66500","84.92","0.000000","15","","","1998","아파트","중개거래","서울 강북구"
"2026","11140","중구","12100","회현동1가","1","대지","0206","0000","SK리더스뷰남산","20260102","202000","122.7","0.000000","20","","","2010","아파트","중개거래","서울 중구"
"2026","11560","영등포구","13300","대림동","","","","","","20260102","78000","120.32","89.000000","","","","1990","단독다가구","중개거래","서울 영등포구"
"2026","11500","강서구","10300","화곡동","1","대지","1038","0009","다울네버빌(1038-9)","20260102","37800","77.03","32.000000","2","","","2001","연립다세대","중개거래","서울 강서구"
"2026","11215","광진구","10100","중곡동","","","","","","20260102","140000","397.77","149.000000","","","","1994","단독다가구","중개거래","서울 강남구"
"2026","11740","강동구","11000","강일동","1","대지","0677","0000","강일 포디움","20260102","11800","22.265","34.055100","8","","","2016","오피스텔","중개거래","경기 하남시, 서울 강동구"
"2026","11470","양천구","10200","목동","1","대지","0917","0009","현대41타워","20260102","30000","45.51","54.810000","27","","","2001","오피스텔","중개거래","서울 양천구"
"2026","11470","양천구","10300","신월동","1","대지","0217","0046","기룡하이츠빌나동","20260102","12000","35.73","20.000000","5","","","2008","연립다세대","중개거래","서울 양천구"
"2026","11500","강서구","10100","염창동","1","대지","0240","0032","금호타운","20260102","90000","84.84","0.000000","3","","","1999","아파트","중개거래","서울 강서구"
"2026","11230","동대문구","11000","이문동","1","대지","0429","0000","대성유니드아파트","20260102","84000","84.97","0.000000","7","","","2012","아파트","중개거래","서울 동대문구"
"2026","11560","영등포구","11200","당산동2가","1","대지","0164","0000","당산2가현대홈타운","20260102","150000","82.77","0.000000","12","","","1994","아파트","중개거래","서울 영등포구"
"2026","11590","동작구","10900","신대방동","1","대지","0366","0001","대명빌라","20260102","18000","80.08","49.000000","-1","","","1998","연립다세대","직거래",""
"2026","11410","서대문구","12000","남가좌동","","","","","","20260102","96000","214.21","98.000000","","","","1994","단독다가구","중개거래","서울 서대문구"
"2026","11680","강남구","11800","도곡동","1","대지","0467","0019","현대비젼21","20260102","30000","47.04","47.040000","6","","","1999","오피스텔","직거래",""
"2026","11470","양천구","10200","목동","1","대지","0506","0013","휴먼하이빌","20260102","37000","37.99","23.000000","3","","","2013","연립다세대","중개거래","서울 양천구"
"2026","11620","관악구","10200","신림동","","","","","","20260102","99500","159.21","116.000000","","","","1973","단독다가구","중개거래","서울 관악구"
"2026","11680","강남구","10500","삼성동","1","대지","0142","0007","LG선릉에클라트","20260102","25000","36.16","45.900000","1","","","2003","오피스텔","중개거래","서울 강남구"
"2026","11470","양천구","10200","목동","1","대지","0928","0000","건영","20260102","71500","84.39","0.000000","3","","","1994","아파트","중개거래","서울 동작구, 서울 양천구"
"2026","11530","구로구","10800","오류동","1","대지","0236","0007","금강그린빌(236-7)","20260102","23300","69.19","39.000000","2","","","2002","연립다세대","중개거래","서울 구로구"
"2026","11230","동대문구","10900","휘경동","1","대지","0375","0000","휘경해모로프레스티지","20260102","96500","59.77","0.000000","6","","","2021","아파트","중개거래","서울 관악구, 서울 동대문구"
"2026","11560","영등포구","11500","당산동5가","1","대지","0012","0000","당산효성1차","20260102","148000","59.85","0.000000","1","","","1999","아파트","중개거래","서울 영등포구"
"2026","11560","영등포구","11500","당산동5가","1","대지","0013","0000","당산효성타운2차","20260102","179000","84.38","0.000000","14","","","2001","아파트","중개거래","서울 영등포구"
"2026","11560","영등포구","11500","당산동5가","1","대지","0013","0000","당산효성타운2차","20260102","180000","84.38","0.000000","2","","","2001","아파트","중개거래","서울 영등포구"
"2026","11530","구로구","10200","구로동","1","대지","1265","0000","구로두산","20260102","64500","63.33","0.000000","16","","","1998","아파트","중개거래","서울 구로구"
"2026","11350","노원구","10600","중계동","1","대지","0360","0015","건영3","20260102","125000","84.9","0.000000","6","","","1995","아파트","중개거래","서울 노원구"
"2026","11560","영등포구","13200","신길동","1","대지","0158","0011","그랜드하임","20260102","65000","29.45","17.000000","2","","","2018","연립다세대","중개거래","서울 영등포구"
"2026","11620","관악구","10100","봉천동","1","대지","1712","0000","관악드림(동아)","20260102","115000","114.75","0.000000","12","","","2003","아파트","중개거래","서울 관악구"
"2026","11560","영등포구","10600","영등포동5가","1","대지","0049","0001","현대프라자","20260102","59800","59.96","0.000000","7","","","1999","아파트","중개거래","서울 영등포구"
"2026","11500","강서구","10300","화곡동","1","대지","0367","0077","남성아트빌(367-77)","20260102","29000","43.13","27.000000","6","","","2012","연립다세대","중개거래","서울 강서구"
"2026","11590","동작구","10200","상도동","1","대지","0211","0478","현대하이츠106동","20260102","31000","53.25","34.000000","1","","","1991","연립다세대","중개거래","서울 동작구"
"2026","11590","동작구","10100","노량진동","1","대지","0016","0001","노량진 드림스퀘어 복합빌딩","20260102","17200","26.058","37.952200","16","","","2020","오피스텔","직거래",""
"2026","11590","동작구","10900","신대방동","","","","","","20260102","92000","197.21","136.000000","","","","1991","단독다가구","중개거래","서울 동작구"
"2026","11320","도봉구","10800","도봉동","1","대지","0576","0027","화림빌라(576-27)","20260101","12000","38.68","18.000000","1","","","1991","연립다세대","중개거래","서울 도봉구"
"2026","11215","광진구","10300","구의동","1","대지","0231","0060","대명캐슬2차","20260101","70000","59.26","39.000000","4","","","2022","연립다세대","직거래",""
"2026","11230","동대문구","10500","답십리동","1","대지","0111","0000","답십리대우","20260101","88000","59.76","0.000000","21","","","2002","아파트","중개거래","서울 동대문구"
"2026","11680","강남구","11500","수서동","1","대지","0746","0000","까치마을","20260101","141000","34.44","0.000000","3","","","1993","아파트","중개거래","서울 강남구"
"2026","11380","은평구","10400","갈현동","1","대지","0395","0002","효민아크로뷰","20260101","68800","47.73","0.000000","19","","","2024","아파트","직거래",""
"2026","11290","성북구","10100","성북동","1","대지","0145","0052","KoreaHouse","20260101","45000","29.545","24.000000","3","","","2022","연립다세대","중개거래","서울 성북구"
"2026","11170","용산구","10400","갈월동","","","","","","20260101","56000","130.53","77.000000","","","","1993","단독다가구","직거래",""
"2026","11230","동대문구","10900","휘경동","1","대지","0052","0000","휘경베스트빌현대","20260101","63500","59.92","0.000000","22","","","2000","아파트","중개거래","서울 동대문구"
"2026","11260","중랑구","10300","중화동","1","대지","0275","0013","성우프리티빌","20260101","26700","52.11","25.000000","1","","","2001","연립다세대","중개거래","서울 중랑구"
"2026","11260","중랑구","10100","면목동","1","대지","0033","0008","복지빌라","20260101","9750","40.89","27.000000","-1","","","1987","연립다세대","중개거래","서울 중랑구"
"2026","11680","강남구","10100","역삼동","1","대지","0832","0033","성우스타우스오피스텔","20260101","14000","32.03","41.120000","9","","","2004","오피스텔","직거래",""
"2026","11170","용산구","12000","도원동","1","대지","0023","0000","삼성래미안","20260101","172000","84.69","0.000000","6","","","2001","아파트","중개거래","서울 용산구"
"2026","11380","은평구","10300","불광동","1","대지","0638","0000","북한산래미안아파트(1단지)","20260101","96000","84.988","0.000000","3","","","2010","아파트","중개거래","서울 은평구"
"2026","11290","성북구","11300","삼선동3가","1","대지","0116","0000","삼선에스케이뷰","20260101","127000","84.95","0.000000","2","","","2012","아파트","중개거래","서울 성북구"
"2026","11305","강북구","10100","미아동","1","대지","0705","0001","한화포레나미아","20260101","114000","84.97","0.000000","14","분양권","","0","아파트","중개거래","서울 강북구"
"2026","11290","성북구","13800","장위동","1","대지","0246","0381","창신빌라(라)동","20260101","49750","32.76","27.000000","3","","","1993","연립다세대","중개거래","서울 성북구"
"2026","11320","도봉구","10700","창동","1","대지","0038","0000","주공17단지","20260101","32500","36.16","0.000000","6","","","1989","아파트","중개거래","서울 노원구, 서울 도봉구"
"2026","11500","강서구","10100","염창동","1","대지","0270","0001","태영","20260101","79000","59.97","0.000000","10","","","1999","아파트","중개거래","서울 강서구"
"2026","11620","관악구","10200","신림동","1","대지","0098","0381","태청빌라","20260101","22000","54.15","32.000000","3","","","2002","연립다세대","중개거래","서울 관악구"
"2026","11530","구로구","10700","개봉동","1","대지","0358","0008","킹스타운","20260101","22800","29.85","19.000000","2","","","2014","연립다세대","중개거래","경기 광명시, 서울 구로구"
"2026","11230","동대문구","10400","전농동","1","대지","0620","0047","청량리역롯데캐슬 SKY-L65","20260101","196000","84.993","0.000000","27","","","2023","아파트","중개거래","서울 동대문구"
"2026","11740","강동구","10600","둔촌동","1","대지","0448","0001","한승리치빌(448-1)","20260101","32000","29.47","18.000000","6","","","2021","연립다세대","중개거래","서울 강동구"
"2026","11230","동대문구","10200","용두동","1","대지","0787","0000","동의보감타워","20260101","17000","36.015","49.336000","9","","","2005","오피스텔","중개거래","서울 동대문구"
"2026","11380","은평구","10600","대조동","1","대지","0009","0019","모아아파트(103동)","20260101","41700","42.51","0.000000","12","","","2015","아파트","중개거래","서울 은평구"
"2026","11260","중랑구","10600","신내동","1","대지","0397","0000","동성1","20260101","49300","59.4","0.000000","2","","","1993","아파트","중개거래","서울 중랑구"
"2026","11710","송파구","11100","방이동","1","대지","0175","0008","동우주택","20260101","45000","43.38","33.000000","1","","","1986","연립다세대","중개거래","서울 송파구"
"2026","11410","서대문구","11200","대현동","1","대지","0037","0032","영타운 지웰 에스테이트","20260101","19000","20.37","31.785700","3","","","2017","오피스텔","중개거래","서울 마포구"
"2026","11710","송파구","10800","문정동","1","대지","0652","0000","송파법조타운푸르지오시티","20260101","17500","17.47","25.540000","4","","","2018","오피스텔","중개거래","서울 송파구"
"2026","11350","노원구","10200","월계동","1","대지","0951","0000","월계센트럴아이파크","20260101","95000","59.99","0.000000","21","","","2020","아파트","중개거래","서울 노원구, 서울 성북구"
"2026","11350","노원구","10200","월계동","1","대지","0951","0000","월계센트럴아이파크","20260101","109000","84.99","0.000000","7","","","2020","아파트","중개거래","서울 강북구, 서울 노원구"
"2026","11470","양천구","10300","신월동","1","대지","1026","0000","양천벽산블루밍1단지","20260101","62800","59.99","0.000000","4","","","2006","아파트","중개거래","서울 양천구"
"2026","11470","양천구","10300","신월동","1","대지","1026","0000","양천벽산블루밍1단지","20260101","74800","84.77","0.000000","8","","","2006","아파트","중개거래","서울 양천구"
"2026","11410","서대문구","11900","북가좌동","1","대지","0371","0001","월드컵현대","20260101","94500","84.93","0.000000","10","","","1998","아파트","중개거래","서울 서대문구"
"2026","11500","강서구","10900","방화동","1","대지","0830","0001","에어뷰21-2오피스텔","20260101","6900","26.91","31.400000","11","","","1999","오피스텔","직거래",""
"2026","11560","영등포구","11000","여의도동","1","대지","0050","0000","시범","20260101","280000","79.24","0.000000","2","","","1971","아파트","중개거래","서울 영등포구"
"2026","11380","은평구","10800","역촌동","1","대지","0008","0078","우성케이씨빌(8-78)","20251231","20500","54.61","24.000000","4","","","2002","연립다세대","중개거래","서울 은평구"
"2026","11260","중랑구","10100","면목동","1","대지","0612","0005","유진뜨레지움2차","20251231","34000","24.34","8.000000","5","","","2024","연립다세대","직거래",""
"2026","11410","서대문구","11700","연희동","1","대지","0212","0002","연희소프트빌","20251231","10300","16.2","23.840000","9","","","2001","오피스텔","중개거래","서울 서대문구"
"2026","11590","동작구","10200","상도동","1","대지","0264","0078","오성빌라트","20251231","69000","55.59","34.000000","1","","","1996","연립다세대","중개거래","서울 동작구"
"2026","11440","마포구","12200","합정동","1","대지","0382","0020","스퀘어리버뷰합정","20251231","33300","18.848","26.921000","15","","","2021","오피스텔","중개거래","서울 마포구"
"2026","11215","광진구","10300","구의동","1","대지","0043","0004","써미트빌","20251231","60000","48.09","36.000000","1","","","2017","연립다세대","중개거래","서울 광진구"
"2026","11110","종로구","11800","내수동","1","대지","0075","0000","용비어천가","20251231","23500","30.36","38.440000","2","","","2004","오피스텔","중개거래","서울 종로구"
"2026","11440","마포구","12000","서교동","1","대지","0473","0010","스위트하우스","20251231","29500","29.95","20.000000","2","","","2013","연립다세대","중개거래","서울 마포구"
"2026","11305","강북구","10100","미아동","1","대지","1353","0000","에스케이북한산시티","20251231","68500","84.76","0.000000","24","","","2004","아파트","중개거래","서울 강북구"
"2026","11710","송파구","11100","방이동","1","대지","0049","0000","오르본 인투파크 오피스텔","20251231","31000","28.999","43.174200","11","","","2018","오피스텔","중개거래","서울 송파구"
"2026","11650","서초구","10200","양재동","1","대지","0300","0004","양재동300-4공동주택(조재순)","20251231","69000","35.62","23.000000","5","","","2023","연립다세대","중개거래","서울 송파구"
"2026","11170","용산구","11900","효창동","1","대지","0286","0000","용산케이씨씨스위첸","20251231","165000","59.98","0.000000","3","","","2018","아파트","중개거래","서울 용산구"
"2026","11380","은평구","11400","진관동","1","대지","0100","0001","은평헤스티아 2차","20251231","11000","23.19","35.670000","11","","","null","오피스텔","중개거래","서울 은평구"
"2026","11440","마포구","12300","망원동","1","대지","0476","0027","신성빌라","20251231","28000","37.32","19.000000","2","","","1991","연립다세대","중개거래","서울 마포구"
"2026","11740","강동구","10900","천호동","1","대지","0019","0001","우성","20251231","105000","64.53","0.000000","3","","","1985","아파트","중개거래","서울 강동구, 서울 송파구"
"2026","11260","중랑구","10200","상봉동","1","대지","0265","0008","엠에스빌","20251231","26000","26.68","17.000000","4","","","2020","연립다세대","중개거래","서울 중랑구"
"2026","11710","송파구","10900","장지동","1","대지","0849","0000","송파파인타운3단지","20251231","170000","84.94","0.000000","9","","","2008","아파트","중개거래","서울 송파구"
"2026","11260","중랑구","10500","망우동","1","대지","0506","0022","아스테르아파트","20251231","59500","50.85","0.000000","19","","","2024","아파트","직거래",""
"2026","11680","강남구","10100","역삼동","1","대지","0766","0007","예원하이빌","20251231","78700","57.675","33.000000","5","","","2000","연립다세대","중개거래","서울 강남구"
"2026","11380","은평구","10600","대조동","1","대지","0009","0024","약수빌라","20251231","22500","36.54","18.000000","4","","","1993","연립다세대","중개거래","서울 은평구"
"2026","11740","강동구","10700","암사동","1","대지","0489","0062","암사팰리스","20251231","36500","29.45","19.000000","3","","","2019","연립다세대","중개거래","서울 강동구"
"2026","11680","강남구","10100","역삼동","1","대지","0706","0010","우림루미아트2","20251231","20000","23.9","0.000000","10","","","2003","아파트","중개거래","서울 강남구"
"2026","11680","강남구","10600","대치동","1","대지","0066","0000","쌍용대치아파트1동,2동,3동,5동,6동","20251231","373000","83.56","0.000000","2","","","1983","아파트","중개거래","서울 강남구"
"2026","11590","동작구","10700","사당동","1","대지","1050","0015","어반팰리스사당","20251231","45500","28.45","18.000000","2","","","2024","연립다세대","중개거래","서울 강남구"
"2026","11740","강동구","10800","성내동","1","대지","0174","0023","엘림하우스","20251231","21940","14.38","18.000000","3","","","2015","연립다세대","중개거래","서울 강동구"
"2026","11500","강서구","10300","화곡동","1","대지","1158","0000","우장산에스케이뷰","20251231","85000","84.97","0.000000","14","","","2006","아파트","중개거래","서울 강서구"
"2026","11320","도봉구","10500","쌍문동","1","대지","0315","0022","신건영빌리지다동","20251231","13900","32.91","13.000000","3","","","1994","연립다세대","중개거래","서울 강북구"
"2026","11740","강동구","10800","성내동","1","대지","0174","0023","엘림하우스","20251231","22000","14.4","12.000000","5","","","2015","연립다세대","중개거래","서울 강동구"
"2026","11560","영등포구","11700","당산동","1","대지","0121","0157","승리빌라(121-157)","20251231","14250","30.33","18.000000","1","","","1994","연립다세대","중개거래","서울 영등포구"
"2026","11680","강남구","10100","역삼동","1","대지","0713","0011","역삼I'PARK","20251231","92000","28.246","0.000000","14","","","2006","아파트","중개거래","서울 강남구"
"2026","11740","강동구","10800","성내동","1","대지","0174","0023","엘림하우스","20251231","24520","16.03","13.000000","4","","","2015","연립다세대","중개거래","서울 강동구"
"2026","11710","송파구","10500","석촌동","1","대지","0219","0001","욱빈힐타움","20251231","41000","27.44","17.000000","5","","","2018","연립다세대","중개거래","서울 서대문구, 서울 송파구"
"2026","11230","동대문구","10500","답십리동","1","대지","0645","0008","신답경남","20251231","76000","82.5","0.000000","7","","","1991","아파트","중개거래","서울 동대문구"
"2026","11710","송파구","11200","오금동","1","대지","0617","0000","송파레미니스2단지","20251231","171300","84.94","0.000000","19","","","2018","아파트","중개거래","서울 강남구, 서울 강서구"
"2026","11200","성동구","11500","성수동2가","1","대지","0299","0080","오페라하우스","20251231","56500","44.28","27.000000","3","","","2015","연립다세대","중개거래","서울 성동구"
"2026","11470","양천구","10100","신정동","1","대지","0915","0009","양천빌라","20251231","28000","58.18","42.000000","3","","","2000","연립다세대","중개거래","서울 양천구"
"2026","11260","중랑구","10600","신내동","1","대지","0479","0000","중앙하이츠","20251231","61800","84.97","0.000000","4","","","1996","아파트","중개거래","서울 중랑구"
"2026","11380","은평구","10200","녹번동","1","대지","0075","0032","한주빌라(75-32)","20251231","14400","51.58","25.000000","3","","","1995","연립다세대","직거래",""
"2026","11710","송파구","10800","문정동","1","대지","0618","0000","파크하비오","20251231","46500","48.96","62.050000","5","","","null","오피스텔","중개거래","서울 송파구"
"2026","11410","서대문구","10700","옥천동","1","대지","0124","0001","(124-1)","20251231","20000","50.72","26.000000","1","","","1996","연립다세대","중개거래","서울 성북구"
"2026","11710","송파구","10200","신천동","1","대지","0011","0009","한신잠실코아","20251231","145000","52.51","0.000000","2","","","1988","아파트","중개거래","서울 송파구"
"2026","11680","강남구","10800","논현동","1","대지","0174","0004","174-4","20251231","25000","16.822","13.000000","4","","","2016","연립다세대","중개거래","서울 강남구"
"2026","11320","도봉구","10700","창동","1","대지","0373","0000","창동주공4단지","20251231","47000","49.94","0.000000","2","","","1991","아파트","중개거래","서울 도봉구"
"2026","11410","서대문구","11100","홍제동","1","대지","0156","0374","한신위너스","20251231","29000","26.11","21.000000","3","","","2017","연립다세대","중개거래","서울 서대문구"
"2026","11710","송파구","10500","석촌동","1","대지","0161","0002","청호센트레빌","20251231","36000","41.67","20.000000","2","","","2002","연립다세대","중개거래","서울 송파구"
"2026","11350","노원구","10600","중계동","1","대지","0058","0036","청운그랑빌","20251231","36500","78.4","49.000000","2","","","2008","연립다세대","중개거래","서울 노원구"
"2026","11680","강남구","11800","도곡동","1","대지","0895","0008","한신엠비씨","20251231","270000","84.74","0.000000","15","","","1988","아파트","중개거래","서울 강남구"
"2026","11305","강북구","10300","수유동","1","대지","0536","0003","행운빌라","20251231","22500","65.4","35.000000","5","","","2002","연립다세대","중개거래","서울 강북구"
"2026","11710","송파구","10700","가락동","1","대지","0099","0003","제일오피스텔","20251231","15000","25.39","35.230000","16","","","1992","오피스텔","중개거래","서울 송파구"
"2026","11650","서초구","10800","서초동","1","대지","1507","0058","(1507-58)","20251231","105000","73.44","36.000000","3","","","2005","연립다세대","중개거래","서울 서초구"
"2026","11380","은평구","10300","불광동","1","대지","0171","0036","진양그린빌라","20251231","17000","39.69","17.000000","1","","","1994","연립다세대","중개거래","서울 은평구"
"2026","11680","강남구","10800","논현동","1","대지","0035","0017","폴라씨엘로","20251231","180000","103.05","60.000000","3","","","2017","연립다세대","중개거래","서울 강남구"
"2026","11380","은평구","10200","녹번동","1","대지","0126","0025","(126-25)","20251231","31500","28.13","17.000000","1","","","1996","연립다세대","중개거래","서울 은평구"
"2026","11170","용산구","10900","청파동1가","1","대지","0148","0002","(148-2)","20251231","69640","29.94","17.000000","4","","","2021","연립다세대","중개거래","서울 용산구"
"2026","11500","강서구","10300","화곡동","1","대지","0965","0017","조양시티빌","20251231","18500","51.22","25.000000","4","","","2008","연립다세대","중개거래","서울 강서구"
"2026","11170","용산구","12300","신계동","1","대지","0007","0003","DK밸리뷰시티","20251231","68000","28.86","20.000000","4","","","2019","연립다세대","중개거래","서울 용산구"
"2026","11350","노원구","10300","공릉동","1","대지","0758","0000","태릉해링턴플레이스","20251231","74000","49.98","0.000000","7","","","2022","아파트","중개거래","서울 노원구"
"2026","11350","노원구","10500","상계동","1","대지","0458","0000","한신3차","20251231","61000","84.59","0.000000","9","","","1990","아파트","중개거래","서울 노원구"
"2026","11740","강동구","10500","길동","1","대지","0404","0003","정일빌라(1동)","20251231","38000","66.49","36.000000","3","","","1992","연립다세대","중개거래","서울 강동구"
"2026","11710","송파구","10700","가락동","1","대지","0913","0000","헬리오시티","20251231","234500","49.21","0.000000","27","","","2018","아파트","중개거래","서울 송파구"
"2026","11320","도봉구","10700","창동","1","대지","0373","0000","창동주공4단지","20251231","31700","36.16","0.000000","11","","","1991","아파트","중개거래","서울 도봉구"
"2026","11170","용산구","10700","동자동","1","대지","0056","0000","트윈시티 남산","20251231","34000","27.43","44.160000","21","","","2015","오피스텔","중개거래","서울 용산구"
"2026","11530","구로구","10200","구로동","1","대지","0642","0009","한신","20251231","46700","44.78","0.000000","9","","","1988","아파트","중개거래","서울 구로구"
"2026","11710","송파구","10300","풍납동","1","대지","0514","0000","잠실올림픽공원아이파크","20251231","203000","59.97","0.000000","13","","","2019","아파트","중개거래","서울 송파구"
"2026","11440","마포구","12500","성산동","1","대지","0081","0010","한강타운A동","20251231","41000","59.54","34.000000","3","","","2008","연립다세대","중개거래","서울 마포구, 서울 성동구"
"2026","11380","은평구","10300","불광동","1","대지","0382","0010","중앙하이츠빌라","20251231","30000","44.16","18.000000","3","","","2001","연립다세대","중개거래","서울 은평구"
"2026","11230","동대문구","10700","청량리동","1","대지","0060","0000","한신","20251231","97500","114.95","0.000000","13","","","1997","아파트","중개거래","서울 동대문구"
"2026","11590","동작구","10900","신대방동","1","대지","0600","0099","(600-99)","20251231","34000","29.48","18.000000","5","","","2011","연립다세대","중개거래","서울 동작구"
"2026","11230","동대문구","10500","답십리동","1","대지","0498","0007","청계지웰에스테이트","20251231","13800","19.525","0.000000","12","","","2012","아파트","중개거래","서울 동대문구"
"2026","11230","동대문구","10500","답십리동","1","대지","0497","0023","청계 푸르지오시티","20251231","14000","23.85","31.560000","5","","","2015","오피스텔","직거래",""
"2026","11410","서대문구","11100","홍제동","1","대지","0469","0000","인왕산한신휴플러스","20251231","113000","125.256","0.000000","12","","","2009","아파트","중개거래","서울 서대문구, 서울 종로구"
"2026","11230","동대문구","10400","전농동","1","대지","0687","0000","전농동신성미소지움","20251231","130000","80.325","0.000000","12","","","2005","아파트","중개거래","서울 동대문구"
"2026","11560","영등포구","13200","신길동","1","대지","0032","0011","파라다이스빌(32-11)","20251231","76000","39.94","19.000000","4","","","2003","연립다세대","중개거래","경기 광명시, 서울 영등포구"
"2026","11230","동대문구","10600","장안동","1","대지","0363","0003","장수(363-3)","20251231","11000","35.51","24.000000","1","","","1986","연립다세대","중개거래","서울 동대문구"
"2026","11290","성북구","13800","장위동","1","대지","0231","0291","장원빌라","20251231","36000","42.26","21.000000","4","","","1993","연립다세대","중개거래","서울 성북구"
"2026","11500","강서구","10300","화곡동","1","대지","1046","0004","파랑새빌라트","20251231","38200","59.7","25.000000","3","","","2001","연립다세대","중개거래","서울 강서구"
"2026","11140","중구","16500","황학동","1","대지","1153","0000","청계아델리아 II","20251231","44500","44.18","70.800000","9","","","null","오피스텔","중개거래","서울 중구"
"2026","11230","동대문구","10200","용두동","1","대지","0255","0071","청계 다우아트리체","20251231","17000","17.23","26.540000","12","","","2019","오피스텔","중개거래","서울 동대문구"
"2026","11500","강서구","10300","화곡동","1","대지","0791","0014","이호빌","20251231","29500","33.16","19.000000","3","","","2012","연립다세대","중개거래","서울 강서구"
"2026","11530","구로구","10300","가리봉동","1","대지","0118","0019","퍼스트빌","20251231","41500","29.98","24.000000","2","","","2018","연립다세대","중개거래","서울 구로구"
"2026","11230","동대문구","10400","전농동","1","대지","0130","0128","(130-128)","20251231","52000","43.14","26.000000","2","","","2015","연립다세대","중개거래","서울 동대문구"
"2026","11260","중랑구","10100","면목동","1","대지","0126","0001","킴스아파트","20251231","32500","35.75","0.000000","8","","","2018","아파트","중개거래","서울 중랑구"
"2026","11710","송파구","10700","가락동","1","대지","0181","0001","팍스보나빌","20251231","45000","51.8","31.000000","6","","","2018","연립다세대","중개거래","서울 송파구"
"2026","11200","성동구","10800","응봉동","1","대지","0265","0312","(265-312)","20251231","30500","32.34","14.000000","2","","","1998","연립다세대","중개거래","서울 서초구, 서울 성동구"
"2026","11230","동대문구","10700","청량리동","","","","","","20251231","90000","36.3","73.000000","","","","1985","단독다가구","중개거래","서울 동대문구"
"2026","11290","성북구","10100","성북동","1","대지","0155","0019","홍익빌라트","20251231","53000","70.63","39.000000","4","","","1999","연립다세대","중개거래","서울 성북구"
"2026","11440","마포구","12200","합정동","1","대지","0438","0013","대명피렌체3","20251231","31500","29.84","19.000000","3","","","2010","연립다세대","중개거래","서울 마포구, 서울 서초구"
"2026","11530","구로구","10600","고척동","1","대지","0306","0000","경남2","20251231","53000","59.96","0.000000","5","","","1999","아파트","중개거래","서울 구로구"
"2026","11680","강남구","11100","세곡동","","","","","","20251231","395000","118.51","333.000000","","","","1981","단독다가구","중개거래","서울 강남구"
"2026","11350","노원구","10300","공릉동","1","대지","0670","0020","노원프레미어스엠코","20251231","92500","84.026","0.000000","24","","","2016","아파트","중개거래","서울 노원구"
"2026","11590","동작구","10500","흑석동","1","대지","0335","0000","흑석한강센트레빌","20251231","248000","84.91","0.000000","11","","","2011","아파트","중개거래","서울 동작구"
"2026","11620","관악구","10100","봉천동","1","대지","0457","0162","현파크빌","20251231","35000","79.43","46.000000","3","","","2004","연립다세대","중개거래","서울 관악구"
"2026","11500","강서구","10300","화곡동","1","대지","0980","0021","강서아이파크","20251231","72700","83.077","0.000000","6","","","2005","아파트","중개거래","서울 강서구"
"2026","11230","동대문구","10700","청량리동","","","","","","20251231","42100","72.72","433.000000","","","","null","단독다가구","중개거래","서울 동대문구, 인천 남동구"
"2026","11590","동작구","10200","상도동","","","","","","20251231","80000","120.17","116.000000","","","","1983","단독다가구","중개거래","서울 동작구"
"2026","11140","중구","16500","황학동","","","","","","20251231","27000","19.83","46.000000","","","","1999","단독다가구","직거래",""
"2026","11710","송파구","10300","풍납동","1","대지","0299","0001","강변현대","20251231","100000","83.19","0.000000","3","","","1991","아파트","중개거래","서울 송파구"
"2026","11710","송파구","11100","방이동","1","대지","0145","0009","그랑시아","20251231","31000","22.89","18.000000","4","","","2018","연립다세대","중개거래","서울 송파구"
"2026","11305","강북구","10300","수유동","1","대지","0693","0007","대성빌라트(693-7)","20251231","18340","50.72","21.000000","1","","","2003","연립다세대","직거래",""
"2026","11140","중구","12100","회현동1가","","","","","","20251231","177747","90.34","119.000000","","","","1999","단독다가구","중개거래","서울 중구"
"2026","11215","광진구","10300","구의동","","","","","","20251231","179400","329.95","152.000000","","","","1994","단독다가구","중개거래","서울 광진구"
"2026","11620","관악구","10100","봉천동","1","대지","1712","0000","관악드림(동아)","20251231","106500","84.96","0.000000","3","","","2003","아파트","중개거래","서울 관악구"
"2026","11590","동작구","10700","사당동","","","","","","20251231","130000","172.76","107.000000","","","","1998","단독다가구","중개거래","서울 동작구"
"2026","11740","강동구","10900","천호동","1","대지","0363","0024","현영쉬크빌(363-24)","20251231","51500","62.29","33.000000","2","","","2003","연립다세대","중개거래","서울 강동구"
"2026","11110","종로구","14300","화동","1","대지","0078","0000","화동MA빌라","20251231","180000","199.22","135.000000","4","","","1996","연립다세대","중개거래","서울 종로구"
"2026","11230","동대문구","10500","답십리동","","","","","","20251231","68000","119.28","51.000000","","","","1995","단독다가구","중개거래","서울 동대문구"
"2026","11560","영등포구","13200","신길동","","","","","","20251231","80000","175.02","102.000000","","","","1992","단독다가구","중개거래","서울 영등포구"
"2026","11530","구로구","10200","구로동","1","대지","1259","0000","구일우성","20251231","54500","59.44","0.000000","19","","","1998","아파트","중개거래","서울 구로구"
"2026","11380","은평구","10900","신사동","1","대지","0026","0030","다베로(26-30)","20251231","32800","26.38","18.000000","3","","20260121","2023","연립다세대","직거래",""
"2026","11215","광진구","10300","구의동","1","대지","0611","0000","구의현대2단지","20251231","210000","84.91","0.000000","22","","","1996","아파트","중개거래","서울 광진구"
"2026","11470","양천구","10300","신월동","1","대지","0963","0004","효성빌라","20251231","9000","47.59","21.000000","-1","","","1995","연립다세대","직거래",""
"2026","11590","동작구","10200","상도동","1","대지","0533","0000","힐스테이트 상도 프레스티지","20251231","169000","84.884","0.000000","6","","","2013","아파트","중개거래","서울 강서구, 서울 동작구"
"2026","11380","은평구","10400","갈현동","1","대지","0395","0002","효민아크로뷰  C&C미술학원","20251231","47800","53.09","61.890000","9","","","2024","오피스텔","직거래",""
"2026","11350","노원구","10300","공릉동","1","대지","0760","0000","화랑대디오베이션","20251231","66500","59.988","0.000000","7","","","2021","아파트","중개거래","서울 노원구"
"2026","11470","양천구","10300","신월동","1","대지","0341","0001","길훈","20251231","28000","42.57","0.000000","2","","","1987","아파트","중개거래","서울 구로구"
"2026","11560","영등포구","13200","신길동","1","대지","4969","0000","힐스테이트클래시안","20251231","162000","59.91","0.000000","3","","","2020","아파트","중개거래","서울 영등포구"
"2026","11140","중구","15600","입정동","1","대지","0280","0000","힐스테이트세운센트럴2단지","20251231","99000","49.99","0.000000","11","","","2023","아파트","중개거래","서울 중구"
"2026","11440","마포구","10300","신공덕동","1","대지","0005","0075","갑을명가시티1","20251231","15000","19.73","30.720000","8","","","null","오피스텔","중개거래","서울 마포구"
"2026","11140","중구","12100","회현동1가","","","","","","20251231","172253","89.26","116.000000","","","","1999","단독다가구","중개거래","서울 중구"
"2026","11590","동작구","10200","상도동","","","","","","20251231","100500","207.63","139.000000","","","","1989","단독다가구","중개거래","서울 동작구"
"2026","11230","동대문구","10200","용두동","","","","","","20251231","140000","206.25","145.000000","","","","1980","단독다가구","중개거래","서울 동대문구"
"2026","11140","중구","13200","충무로4가","1","대지","0306","0000","남산센트럴자이","20251231","128000","82.413","0.000000","18","","","2009","아파트","중개거래","서울 중구"
"2026","11590","동작구","10800","대방동","1","대지","0393","0029","현대테크빌B동","20251231","80250","74.64","48.000000","4","","","2002","연립다세대","중개거래","서울 동작구"
"2026","11260","중랑구","10300","중화동","","","","","","20251231","55000","199.64","133.000000","","","","1991","단독다가구","중개거래","서울 성동구"
"2026","11350","노원구","10600","중계동","1","대지","0515","0002","건영2","20251231","82000","84.96","0.000000","9","","","1991","아파트","중개거래","서울 노원구"
"2026","11290","성북구","10100","성북동","","","","","","20251231","235000","344.4","340.000000","","","","1967","단독다가구","중개거래","서울 용산구"
"2026","11350","노원구","10600","중계동","1","대지","0515","0002","건영2","20251231","82000","84.96","0.000000","9","","20260123","1991","아파트","중개거래","서울 노원구"
"2026","11230","동대문구","10600","장안동","1","대지","0364","0005","가우디오피스텔","20251231","23770","23.5","37.490000","15","","","2020","오피스텔","중개거래","서울 동대문구"
"2026","11620","관악구","10200","신림동","","","","","","20251231","70000","77.16","63.000000","","","","1966","단독다가구","중개거래","서울 관악구"
"2026","11140","중구","15600","입정동","1","대지","0280","0000","힐스테이트세운센트럴2단지","20251231","99000","49.762","0.000000","8","","","2023","아파트","중개거래","서울 중구"
"2026","11320","도봉구","10700","창동","1","대지","0635","0042","LIG건영캐스빌","20251231","53200","55.672","0.000000","7","","","2002","아파트","중개거래","서울 도봉구"
"2026","11290","성북구","13800","장위동","1","대지","0231","0409","호연빌라","20251231","36500","42.49","28.000000","-1","","","1997","연립다세대","중개거래","서울 성북구"
"2026","11380","은평구","10700","응암동","1","대지","0588","0038","거성리젠시(B동)","20251231","35500","66.49","38.000000","4","","","2013","연립다세대","중개거래","서울 은평구"
"2026","11215","광진구","10300","구의동","","","","","","20251231","175500","298.98","149.000000","","","","1996","단독다가구","중개거래","서울 광진구"
"2026","11110","종로구","18100","행촌동","1","대지","0041","0001","대성아파트","20251231","69500","94.94","0.000000","3","","","1971","아파트","중개거래","서울 서초구"
"2026","11560","영등포구","13300","대림동","1","대지","0877","0041","대광빌라(877-41)","20251231","25000","36.13","22.000000","3","","","2002","연립다세대","중개거래","서울 영등포구"
"2026","11410","서대문구","11100","홍제동","1","대지","0459","0000","홍제원현대(459-0)","20251231","87000","59.93","0.000000","9","","","2000","아파트","중개거래","서울 서대문구"
"2026","11350","노원구","10500","상계동","1","대지","0749","0005","상계주공4(고층)","20251231","60000","58.01","0.000000","4","","","1988","아파트","중개거래","서울 노원구"
"2026","11470","양천구","10200","목동","1","대지","0734","0009","미주홈타운(734-9)","20251231","12000","24.24","12.000000","1","","","2007","연립다세대","직거래",""
"2026","11470","양천구","10200","목동","1","대지","0324","0137","목동한울펠리스","20251231","38000","41.55","24.000000","4","","","2016","연립다세대","중개거래","서울 양천구"
"2026","11620","관악구","10200","신림동","1","대지","1714","0000","삼성산주공(주공3단지)","20251231","54000","58.55","0.000000","15","","","2000","아파트","중개거래","서울 관악구"
"2026","11650","서초구","10100","방배동","1","대지","0816","0003","방배트리플","20251231","129000","84.91","0.000000","5","","","2003","아파트","중개거래","서울 서초구"
"2026","11650","서초구","10100","방배동","1","대지","0484","0002","방배아트e편한세상101","20251231","164000","74.87","0.000000","2","","","2005","아파트","중개거래","서울 서초구"
"2026","11320","도봉구","10500","쌍문동","1","대지","0478","0026","서경빌라1차","20251231","18000","72.22","39.000000","3","","","2002","연립다세대","중개거래","서울 도봉구"
"2026","11350","노원구","10300","공릉동","1","대지","0755","0000","비콘아파트","20251231","57500","84.707","0.000000","2","","","2004","아파트","중개거래","서울 노원구"
"2026","11230","동대문구","11000","이문동","1","대지","0073","0000","삼익","20251231","91000","114.73","0.000000","20","","","1997","아파트","중개거래","서울 동대문구"
"2026","11560","영등포구","11100","당산동1가","1","대지","0412","0000","선샤인팰리스","20251231","39500","29.23","12.000000","7","","","2022","연립다세대","중개거래","서울 영등포구"
"2026","11320","도봉구","10700","창동","1","대지","0825","0000","북한산아이파크5차","20251231","115000","119.173","0.000000","17","","","2004","아파트","중개거래","서울 도봉구"
"2026","11650","서초구","10800","서초동","1","대지","1487","0014","서광주택","20251231","65000","57.24","31.000000","3","","20260114","1994","연립다세대","중개거래","서울 서초구"
"2026","11305","강북구","10300","수유동","1","대지","0252","0051","삼우아트빌라7차","20251231","12500","42.7","29.000000","1","","","1994","연립다세대","중개거래","서울 강북구"
"2026","11320","도봉구","10600","방학동","1","대지","0274","0000","삼익세라믹아파트","20251231","35500","58.77","0.000000","1","","","1988","아파트","중개거래","서울 도봉구"
"2026","11350","노원구","10500","상계동","1","대지","0626","0000","상계주공14(고층)","20251231","50500","49.94","0.000000","9","","","1989","아파트","중개거래","서울 노원구"
"2026","11305","강북구","10100","미아동","1","대지","1354","0000","벽산라이브파크","20251231","57500","59.67","0.000000","13","","","2004","아파트","중개거래","서울 강북구"
"2026","11305","강북구","10100","미아동","1","대지","1354","0000","벽산라이브파크","20251231","64000","84.89","0.000000","10","","","2004","아파트","중개거래","서울 강북구"
"2026","11170","용산구","11800","원효로4가","1","대지","0118","0016","산호","20251231","230000","78.05","0.000000","4","","","1977","아파트","중개거래","서울 용산구"
"2026","11350","노원구","10200","월계동","1","대지","0085","0007","서울원 아이파크","20251231","149932","91.77","0.000000","35","분양권","","0","아파트","중개거래","서울 동대문구"
"2026","11290","성북구","13500","종암동","1","대지","0097","0001","벨류어블","20251231","27800","28.52","19.000000","5","","","2020","연립다세대","중개거래","서울 성북구, 서울 중랑구"
"2026","11740","강동구","10800","성내동","1","대지","0064","0013","브라운스톤천호","20251231","22000","30.09","42.430000","7","","","2007","오피스텔","중개거래","서울 강동구"
"2026","11650","서초구","10700","반포동","1","대지","0010","0000","반포푸르지오","20251231","221000","84.82","0.000000","8","","","2000","아파트","직거래",""
"2026","11620","관악구","10100","봉천동","1","대지","0041","0033","성지빌라3차","20251231","25000","29.46","19.000000","3","","","1991","연립다세대","중개거래","서울 관악구"
"2026","11560","영등포구","11100","당산동1가","1","대지","0412","0000","선샤인팰리스","20251231","39500","29.23","12.000000","7","","","2022","연립다세대","중개거래","서울 영등포구"
"2026","11650","서초구","10600","잠원동","1","대지","0162","0000","반포센트럴자이","20251231","409000","59.98","0.000000","20","","","2020","아파트","중개거래","서울 서초구, 인천 연수구"
"2026","11320","도봉구","10500","쌍문동","1","대지","0554","0011","북한산그랑빌(B동)","20251231","25000","68.22","29.000000","5","","","2009","연립다세대","중개거래","서울 강북구"
"2026","11590","동작구","10200","상도동","1","대지","0301","0035","미소가20차","20251231","30000","42.73","26.000000","5","","","2016","연립다세대","직거래",""
"2026","11620","관악구","10100","봉천동","1","대지","0869","0006","서울대역 마에스트로","20251231","14800","18.62","28.740000","14","","","2012","오피스텔","중개거래","서울 관악구"
"2026","11200","성동구","10700","행당동","1","대지","0376","0000","서울숲행당푸르지오","20251231","162500","59.81","0.000000","3","","","2011","아파트","중개거래","서울 동대문구"
"2026","11380","은평구","11400","진관동","1","대지","0019","0000","상림마을8단지롯데캐슬(810~820동)BL1-1","20251231","92000","84.84","0.000000","3","","","2008","아파트","중개거래","서울 은평구"
"2026","11305","강북구","10300","수유동","1","대지","0296","0017","부성빌라(296-17)","20251231","10800","47.26","26.000000","-1","","","1995","연립다세대","중개거래","서울 강북구"
"2026","11350","노원구","10500","상계동","1","대지","1386","0005","밀레니엄하우스","20251231","34000","72.98","37.000000","1","","","2000","연립다세대","중개거래","서울 노원구"
"2026","11530","구로구","11000","온수동","1","대지","0044","0001","동진빌라","20251231","51000","36.99","46.000000","2","","","1988","연립다세대","중개거래","서울 구로구"
"2026","11320","도봉구","10600","방학동","1","대지","0674","0024","동일파크빌","20251231","42000","84.95","56.000000","4","","","2008","연립다세대","중개거래","서울 강북구"
"2026","11230","동대문구","10400","전농동","1","대지","0126","0027","더가온102동","20251231","65500","29.91","22.000000","2","","","2019","연립다세대","중개거래","서울 도봉구"
"2026","11740","강동구","10800","성내동","1","대지","0245","0027","더다온245","20251231","55000","40.69","25.000000","4","","","2021","연립다세대","중개거래","서울 강동구"
"2026","11650","서초구","10800","서초동","1","대지","1755","0000","래미안 리더스원","20251231","465000","114.94","0.000000","16","","","2020","아파트","중개거래","서울 서초구"
"2026","11650","서초구","10800","서초동","1","대지","1445","0014","더샵서초","20251231","64000","33.06","0.000000","31","","","2006","아파트","중개거래","서울 서초구"
"2026","11590","동작구","10100","노량진동","1","대지","0057","0001","메가스터디타워","20251231","44000","41.888","68.527000","12","","","2015","오피스텔","중개거래","서울 동작구"
"2026","11650","서초구","10200","양재동","1","대지","0122","0002","메르디안하우스","20251231","127500","206.12","0.000000","5","","","2001","아파트","직거래",""
"2026","11740","강동구","10600","둔촌동","1","대지","0446","0004","도원빌","20251231","62000","84.92","0.000000","2","","","2003","아파트","중개거래","서울 강동구"
"2026","11680","강남구","11800","도곡동","1","대지","0948","0031","도곡퍼스트빌","20251231","42000","24.06","17.000000","6","","","2016","연립다세대","중개거래","서울 서초구"
"2026","11650","서초구","10700","반포동","1","대지","0719","0013","릴리캐슬","20251231","80000","29.84","19.000000","3","","","2023","연립다세대","중개거래","서울 서초구"
"2026","11740","강동구","10900","천호동","1","대지","0134","0001","리코하이빌","20251231","62000","57.42","37.000000","3","","","2017","연립다세대","중개거래","서울 성동구"
"2026","11140","중구","16500","황학동","1","대지","1074","0002","메트하임 신당역 오피스텔","20251231","21500","22.31","35.543000","5","","","2021","오피스텔","중개거래","서울 중구"
"2026","11545","금천구","10200","독산동","1","대지","0972","0045","명성빌","20251231","26000","29.66","20.000000","4","","","2018","연립다세대","직거래",""
"2026","11590","동작구","10300","상도1동","1","대지","0694","0000","명성하늘채","20251231","65000","55","28.000000","3","","","2023","연립다세대","중개거래","서울 동작구"
"2026","11740","강동구","10100","명일동","1","대지","0042","0000","명일우성","20251231","220000","133.65","0.000000","15","","","1986","아파트","중개거래","서울 강동구"
"2026","11530","구로구","10600","고척동","1","대지","0349","0000","명품하이츠빌","20251231","36800","51.08","31.000000","5","","","2016","연립다세대","중개거래","서울 구로구, 서울 양천구"
"2026","11260","중랑구","10300","중화동","1","대지","0320","0085","모두&토토","20251231","31000","29.72","19.000000","3","","","2018","연립다세대","중개거래","서울 중랑구"
"2026","11260","중랑구","10300","중화동","1","대지","0320","0085","모두&토토","20251231","30500","29.72","19.000000","2","","","2018","연립다세대","중개거래","서울 중랑구"
"2026","11740","강동구","10600","둔촌동","1","대지","0614","0002","리라아트빌라","20251231","39800","50.43","40.000000","-1","","","1992","연립다세대","중개거래","서울 강동구"
"2026","11710","송파구","10200","신천동","1","대지","0029","0000","롯데월드타워앤드롯데월드몰","20251231","577000","150.75","252.960000","45","","","null","오피스텔","중개거래","서울 송파구"
"2026","11410","서대문구","11800","홍은동","1","대지","0463","0000","동원베네스트","20251231","58300","59.955","0.000000","3","","","2012","아파트","중개거래","서울 서대문구"
"2026","11410","서대문구","10900","현저동","1","대지","1019","0000","독립문파크빌","20251231","67000","59.4","0.000000","7","","20260108","2000","아파트","중개거래","서울 서대문구"
"2026","11320","도봉구","10700","창동","1","대지","0814","0000","대우그린","20251231","75000","84.93","0.000000","2","","","2000","아파트","중개거래","서울 도봉구"
"2026","11410","서대문구","10900","현저동","1","대지","1019","0000","독립문파크빌","20251231","67000","59.4","0.000000","7","","","2000","아파트","중개거래","서울 서대문구, 서울 종로구"
"2026","11470","양천구","10100","신정동","1","대지","0318","0001","목동대림아크로텔","20251231","55300","55.75","74.800000","15","","","2004","오피스텔","중개거래","서울 양천구"
"2026","11710","송파구","11300","거여동","1","대지","0021","0014","로즈마리","20251231","39600","29.9","11.000000","6","","","2019","연립다세대","중개거래","서울 송파구"
"2026","11440","마포구","12500","성산동","1","대지","0593","0007","마포상암시티프라디움리버","20251231","20000","17.02","25.860000","7","","","2021","오피스텔","중개거래","서울 마포구"
"2026","11560","영등포구","10300","영등포동2가","1","대지","0094","0307","리치팰리스","20251230","20000","18.71","24.280000","9","","","2021","오피스텔","직거래",""
"2026","11740","강동구","10800","성내동","1","대지","0046","0022","더존예가B","20251230","18300","18.7","6.000000","6","","","2017","연립다세대","직거래",""
"2026","11470","양천구","10200","목동","1","대지","0231","0068","대한하이츠빌라","20251230","34500","42.7","22.000000","-1","","","1991","연립다세대","중개거래","서울 동작구, 서울 양천구"
"2026","11740","강동구","10800","성내동","1","대지","0046","0022","더존예가B","20251230","24000","29.32","10.000000","5","","","2017","연립다세대","직거래",""
"2026","11170","용산구","12500","한강로2가","1","대지","0422","0000","래미안 용산 더 센트럴","20251230","130000","77.55","93.129000","9","","20260115","null","오피스텔","중개거래","서울 용산구"
"2026","11320","도봉구","10700","창동","1","대지","0621","0050","로뎀하이빌","20251230","39000","55.88","33.000000","4","","","2017","연립다세대","중개거래","서울 도봉구"
"2026","11350","노원구","10500","상계동","1","대지","1285","0000","동아불암","20251230","70000","114.24","0.000000","4","","","1999","아파트","중개거래","서울 노원구"
"2026","11380","은평구","10600","대조동","1","대지","0036","0007","대진아트빌","20251230","48500","42.27","24.000000","2","","","2008","연립다세대","중개거래","서울 은평구"
"2026","11320","도봉구","10700","창동","1","대지","0466","0000","대신빌라","20251230","18400","50.58","57.000000","1","","","1986","연립다세대","직거래",""
"2026","11305","강북구","10100","미아동","1","대지","0791","1221","동일빌라","20251230","17200","46.67","19.000000","2","","","1996","연립다세대","중개거래","서울 강북구"
"2026","11470","양천구","10100","신정동","1","대지","0923","0020","동광팰리스","20251230","45000","28.98","18.000000","4","","","2016","연립다세대","중개거래","서울 양천구"
"2026","11320","도봉구","10700","창동","1","대지","0466","0000","대신빌라","20251230","18000","50.58","57.000000","3","","","1986","연립다세대","직거래",""
"2026","11470","양천구","10200","목동","1","대지","0901","0000","목동신시가지1","20251230","261000","83.23","0.000000","1","","","1985","아파트","중개거래","서울 양천구"
"2026","11170","용산구","12500","한강로2가","1","대지","0422","0000","래미안 용산 더 센트럴","20251230","130000","77.55","93.129000","9","","","null","오피스텔","중개거래","서울 용산구"
"2026","11380","은평구","10600","대조동","1","대지","0009","0020","모아아파트(102동)","20251230","32000","28.29","0.000000","9","","","2020","아파트","중개거래","서울 은평구"
"2026","11290","성북구","13800","장위동","1","대지","0320","0000","래미안장위퍼스트하이","20251230","104500","59.99","0.000000","24","","","2020","아파트","중개거래","서울 성북구"
"2026","11320","도봉구","10700","창동","1","대지","0466","0000","대신빌라","20251230","18250","50.58","57.000000","3","","","1986","연립다세대","직거래",""
"2026","11740","강동구","10800","성내동","1","대지","0046","0022","더존예가B","20251230","24000","29.32","10.000000","6","","","2017","연립다세대","직거래",""
"2026","11710","송파구","10700","가락동","1","대지","0109","0007","동남아트빌라","20251230","13000","44.01","18.000000","-1","","","1995","연립다세대","중개거래","서울 송파구"
"2026","11470","양천구","10100","신정동","1","대지","0324","0000","목동2차아크로텔","20251230","75000","79.3","101.240000","11","","","2004","오피스텔","중개거래","서울 양천구"
"2026","11350","노원구","10200","월계동","1","대지","0436","0000","동신","20251230","71000","71.14","0.000000","3","","","1983","아파트","중개거래","서울 노원구"
"2026","11320","도봉구","10700","창동","1","대지","0466","0000","대신빌라","20251230","18000","50.58","57.000000","1","","","1986","연립다세대","직거래",""
"2026","11740","강동구","10900","천호동","1","대지","0397","0026","메종부티크3차","20251230","58000","29.71","19.000000","3","","","2023","연립다세대","중개거래","서울 강동구"
"2026","11320","도봉구","10700","창동","1","대지","0466","0000","대신빌라","20251230","18500","50.58","57.000000","2","","","1986","연립다세대","직거래",""
"2026","11710","송파구","10800","문정동","1","대지","0013","0014","두산빌라","20251230","35000","49.92","38.000000","1","","","1990","연립다세대","중개거래","서울 송파구"
"2026","11560","영등포구","13200","신길동","1","대지","0155","0023","더클래식","20251230","83000","46.5","28.000000","3","","","2020","연립다세대","중개거래","서울 영등포구"
"2026","11740","강동구","10800","성내동","1","대지","0046","0022","더존예가B","20251230","18000","16.29","5.000000","6","","","2017","연립다세대","직거래",""
"2026","11740","강동구","10800","성내동","1","대지","0046","0022","더존예가B","20251230","18000","16.64","5.000000","5","","","2017","연립다세대","직거래",""
"2026","11740","강동구","10800","성내동","1","대지","0046","0022","더존예가B","20251230","18000","16.64","5.000000","6","","","2017","연립다세대","직거래",""
"2026","11290","성북구","10800","동소문동5가","1","대지","0120","0000","돈암동일하이빌","20251230","91900","84.958","0.000000","5","","","2006","아파트","중개거래","서울 성북구"
"2026","11740","강동구","10800","성내동","1","대지","0046","0022","더존예가B","20251230","18000","16.29","5.000000","5","","","2017","연립다세대","직거래",""
"2026","11710","송파구","10200","신천동","1","대지","0007","0018","롯데캐슬골드","20251230","250000","166.7","0.000000","17","","","2005","아파트","중개거래","서울 강남구"
"2026","11500","강서구","10900","방화동","1","대지","0256","0002","마곡누리","20251230","35000","19.11","7.000000","13","","","2022","연립다세대","직거래",""
"2026","11320","도봉구","10700","창동","1","대지","0466","0000","대신빌라","20251230","17500","50.58","57.000000","2","","","1986","연립다세대","직거래",""
"2026","11740","강동구","10800","성내동","1","대지","0046","0022","더존예가B","20251230","18300","18.7","6.000000","5","","","2017","연립다세대","직거래",""
"2026","11230","동대문구","10900","휘경동","1","대지","0078","0000","롯데","20251230","67000","59.94","0.000000","17","","","2000","아파트","중개거래","서울 동대문구"
"2026","11110","종로구","18200","구기동","1","대지","0040","0000","동익빌라","20251230","42000","84.84","103.000000","2","","","1996","연립다세대","직거래",""
"2026","11590","동작구","10200","상도동","1","대지","0431","0000","래미안상도3차","20251230","120000","84.96","0.000000","5","","","2004","아파트","중개거래","서울 동작구"
"2026","11530","구로구","10700","개봉동","1","대지","0332","0015","렉스빌(332-15)","20251230","14500","39.72","18.000000","1","","","2002","연립다세대","중개거래","서울 구로구"
"2026","11380","은평구","10800","역촌동","1","대지","0021","0033","동건하이빌(21-33)","20251230","15000","19.5","11.000000","5","","","2017","연립다세대","중개거래","서울 은평구"
"2026","11650","서초구","10100","방배동","1","대지","0890","0012","더반지움","20251230","49000","29.2","18.000000","2","","","2023","연립다세대","중개거래","서울 서초구"
"2026","11470","양천구","10100","신정동","1","대지","0963","0025","다솜빌라트","20251230","45000","28.48","16.000000","3","","","2011","연립다세대","중개거래","서울 양천구"
"2026","11170","용산구","13000","이태원동","","","","","","20251230","68300","91.53","60.000000","","","","1998","단독다가구","중개거래","서울 성북구"
"2026","11200","성동구","10700","행당동","","","","","","20251230","95000","96.2","69.000000","","","","1988","단독다가구","중개거래","서울 성동구"
"2026","11545","금천구","10200","독산동","1","대지","0180","0024","JJ팰리스(180-24)","20251230","25000","24.84","22.000000","2","","","2021","연립다세대","중개거래","서울 금천구"
"2026","11530","구로구","10200","구로동","1","대지","0650","0004","SK 허브수 ","20251230","37000","59.12","73.080000","14","","","2005","오피스텔","중개거래","서울 구로구"
"2026","11500","강서구","10200","등촌동","1","대지","0530","0024","SK파크리움(530-24)","20251230","22500","21.82","13.000000","1","","","2020","연립다세대","직거래",""
"2026","11215","광진구","10500","자양동","1","대지","0651","0020","각문빌딩","20251230","58000","19.76","9.000000","2","","","2002","연립다세대","중개거래","서울 광진구"
"2026","11740","강동구","10500","길동","1","대지","0445","0001","강동역에스케이허브","20251230","21000","30.68","49.260000","8","","","2006","오피스텔","중개거래","서울 강동구"
"2026","11680","강남구","10300","개포동","1","대지","1282","0000","개포래미안포레스트","20251230","325000","74.66","0.000000","4","","","2020","아파트","중개거래","서울 강남구"
"2026","11710","송파구","11300","거여동","1","대지","0290","0000","거여1단지","20251230","75000","39.6","0.000000","3","","","1997","아파트","중개거래","서울 송파구"
"2026","11500","강서구","10300","화곡동","1","대지","0161","0030","건영With","20251230","25500","49.73","35.000000","1","","","2022","연립다세대","직거래",""
"2026","11440","마포구","10200","공덕동","1","대지","0371","0000","공덕1삼성래미안","20251230","167000","59.74","0.000000","13","","","1999","아파트","중개거래","서울 마포구"
"2026","11620","관악구","10200","신림동","1","대지","0524","0005","관악아트빌","20251230","32000","71.22","32.000000","5","","","2003","연립다세대","중개거래","서울 관악구"
"2026","11620","관악구","10100","봉천동","1","대지","1717","0000","관악푸르지오","20251230","100000","59.58","0.000000","12","","","2004","아파트","중개거래","서울 관악구"
"2026","11530","구로구","10200","구로동","1","대지","0567","0004","구로에스케이뷰","20251230","80000","84.999","0.000000","17","","","2006","아파트","중개거래","서울 구로구"
"2026","11380","은평구","11400","진관동","","","","","","20251230","115000","228.47","330.000000","","","","2017","단독다가구","직거래",""
"2026","11290","성북구","13400","길음동","1","대지","1283","0000","길음뉴타운6단지(래미안)","20251230","110000","84.049","0.000000","1","","","2007","아파트","중개거래","서울 성북구"
"2026","11680","강남구","11500","수서동","1","대지","0746","0000","까치마을","20251230","143500","34.44","0.000000","8","","","1993","아파트","중개거래","서울 강남구"
"2026","11305","강북구","10100","미아동","","","","","","20251230","68000","173.01","108.000000","","","","1993","단독다가구","중개거래","서울 강북구"
"2026","11560","영등포구","13300","대림동","1","대지","0954","0002","다온빌","20251230","42800","58.47","42.000000","1","","","2017","연립다세대","중개거래","서울 영등포구"
"2026","11545","금천구","10100","가산동","1","대지","0778","0000","다온캐슬101동102동","20251230","28400","33.87","22.000000","3","","","2018","연립다세대","중개거래","서울 금천구"
"2026","11560","영등포구","11200","당산동2가","1","대지","0164","0000","당산2가현대홈타운","20251230","157000","82.77","0.000000","18","","","1994","아파트","중개거래","서울 영등포구"
"2026","11560","영등포구","11200","당산동2가","1","대지","0016","0001","당산대우","20251230","37500","31.73","0.000000","21","","","1999","아파트","중개거래","서울 영등포구"
"2026","11560","영등포구","11200","당산동2가","1","대지","0016","0001","당산대우","20251230","55000","45.55","0.000000","14","","","1999","아파트","중개거래","서울 영등포구"
"2026","11440","마포구","12500","성산동","1","대지","0591","0004","대명비첸시티오피스텔","20251230","58200","75.11","112.480000","9","","","2007","오피스텔","중개거래","서울 마포구"
"2026","11650","서초구","10800","서초동","1","대지","1338","0000","현대이에스에이아파트","20251230","120000","156.75","0.000000","12","","","2002","아파트","직거래",""
"2026","11590","동작구","10700","사당동","","","","","","20251230","275870","148.69","152.000000","","","","1975","단독다가구","직거래",""
"2026","11305","강북구","10100","미아동","","","","","","20251230","70000","148.2","86.000000","","","","1993","단독다가구","중개거래","서울 강북구"
"2026","11410","서대문구","11100","홍제동","1","대지","0247","0019","홍일","20251230","37000","66.12","0.000000","3","","","1969","아파트","중개거래","서울 서대문구"
"2026","11410","서대문구","11100","홍제동","1","대지","0322","0138","홍제에스피엘","20251230","49190","80.41","0.000000","4","","","2023","아파트","직거래",""
"2026","11410","서대문구","11100","홍제동","1","대지","0322","0138","홍제에스피엘","20251230","51330","80.948","0.000000","6","","","2023","아파트","직거래",""
"2026","11260","중랑구","10600","신내동","1","대지","0656","0000","화성.두산아파트","20251230","80000","84.99","0.000000","9","","","1995","아파트","중개거래","서울 중랑구"
"2026","11440","마포구","12200","합정동","1","대지","0432","0006","화진리버빌","20251230","21600","17.85","12.000000","4","","","2011","연립다세대","중개거래","서울 마포구"
"2026","11140","중구","16500","황학동","1","대지","2523","0000","황학아크로타워","20251230","128500","84.965","0.000000","16","","","2010","아파트","중개거래","서울 강남구, 서울 중구"
"2026","11590","동작구","10500","흑석동","1","대지","0328","0000","흑석동양아파트","20251230","145000","84.991","0.000000","8","","","2003","아파트","중개거래","서울 동작구"
"2026","11110","종로구","14800","계동","","","","","","20251230","108000","29.75","66.000000","","","","1959","단독다가구","중개거래","서울 강남구"
"2026","11230","동대문구","10700","청량리동","","","","","","20251230","110000","46.73","78.000000","","","","1980","단독다가구","중개거래","서울 동대문구"
"2026","11560","영등포구","11800","도림동","1","대지","0821","0000","영등포아트자이","20251230","148500","84.781","0.000000","29","","","2014","아파트","중개거래","서울 영등포구"
"2026","11710","송파구","10800","문정동","1","대지","0652","0000","송파법조타운푸르지오시티","20251230","17500","17.47","25.540000","9","","","2018","오피스텔","중개거래","서울 송파구"
"2026","11260","중랑구","10100","면목동","1","대지","0618","0018","이엔하우스","20251230","54500","84.36","38.000000","6","","","2019","연립다세대","중개거래","서울 중랑구"
"2026","11260","중랑구","10400","묵동","1","대지","0122","0001","엘림캐슬","20251230","38000","72.16","39.000000","3","","","2009","연립다세대","중개거래","서울 중랑구"
"2026","11710","송파구","11100","방이동","1","대지","0054","0002","수남빌라","20251230","33500","44.18","21.000000","3","","","2004","연립다세대","중개거래","서울 송파구"
"2026","11215","광진구","10300","구의동","1","대지","0043","0017","월드팰리스","20251230","49500","28.81","26.000000","3","","","2019","연립다세대","중개거래","서울 광진구"
"2026","11170","용산구","13100","한남동","1","대지","0001","0349","시범","20251230","108000","59.5","0.000000","5","","","1970","아파트","중개거래","서울 강동구, 서울 성동구"
"2026","11710","송파구","11100","방이동","1","대지","0154","0019","에비앙하우스","20251230","33500","27.96","19.000000","4","","","2017","연립다세대","중개거래","서울 송파구"
"2026","11530","구로구","10200","구로동","1","대지","0097","0002","순영웰라이빌2차","20251230","49000","64.45","0.000000","22","","","2005","아파트","중개거래","서울 구로구"
"2026","11650","서초구","10100","방배동","1","대지","0929","0019","위너캐슬","20251230","64000","25.44","21.000000","4","","","2016","연립다세대","중개거래","서울 서초구"
"2026","11350","노원구","10600","중계동","1","대지","0366","0000","신동아(366)","20251230","130000","115.35","0.000000","5","","","1993","아파트","중개거래","서울 노원구"
"2026","11560","영등포구","10200","영등포동1가","1","대지","0075","0004","스테이72여의도","20251230","10600","12.4","0.000000","11","","","2013","아파트","중개거래","서울 영등포구"
"2026","11740","강동구","10200","고덕동","1","대지","0504","0007","엘아트빌","20251230","49000","29.89","18.000000","4","","","2021","연립다세대","중개거래","서울 강동구"
"2026","11290","성북구","12800","보문동6가","1","대지","0036","0002","아남","20251230","67000","84.9","0.000000","7","","","1994","아파트","중개거래","서울 성북구"
"2026","11170","용산구","12800","한강로3가","1","대지","0063","0387","용산 시티파크","20251230","77000","43.77","43.770000","3","","","2007","오피스텔","중개거래","서울 용산구"
"2026","11710","송파구","10400","송파동","1","대지","0194","0001","송파","20251230","119000","83.22","0.000000","6","","","2003","아파트","중개거래","서울 송파구"
"2026","11530","구로구","10200","구로동","1","대지","0026","0000","신도림포스빌","20251230","20100","33.69","70.280000","16","","","2004","오피스텔","중개거래","서울 구로구"
"2026","11710","송파구","10800","문정동","1","대지","0010","0013","오성주택(라동)","20251230","33000","45.01","33.000000","1","","","1991","연립다세대","중개거래","서울 성동구, 서울 송파구"
"2026","11350","노원구","10200","월계동","1","대지","0951","0000","월계센트럴아이파크","20251230","106800","84.99","0.000000","13","","","2020","아파트","중개거래","서울 노원구"
"2026","11545","금천구","10200","독산동","1","대지","0880","0009","알펜하우스A동B동","20251230","30000","49.1","30.000000","4","","","2016","연립다세대","중개거래","서울 금천구"
"2026","11380","은평구","10400","갈현동","1","대지","0451","0017","어반뷰","20251230","38500","58.48","36.000000","5","","","2018","연립다세대","직거래",""
"2026","11680","강남구","10100","역삼동","1","대지","0778","0011","아이리스","20251230","45000","26","15.000000","3","","","2010","연립다세대","중개거래","서울 강남구"
"2026","11710","송파구","11100","방이동","1","대지","0161","0011","이오빌라","20251230","45000","54.45","41.000000","2","","","1986","연립다세대","중개거래","서울 송파구"
"2026","11710","송파구","10500","석촌동","1","대지","0291","0003","양지하이츠빌(291-3)","20251230","71300","74.35","39.000000","3","","","2002","연립다세대","중개거래","서울 송파구"
"2026","11710","송파구","10900","장지동","1","대지","0854","0000","송파파인타운11단지","20251230","167000","84.94","0.000000","2","","","2007","아파트","중개거래","서울 강남구, 서울 송파구"
"2026","11530","구로구","10600","고척동","1","대지","0320","0000","센츄리","20251230","60000","84.56","0.000000","11","","","1994","아파트","중개거래","서울 구로구"
"2026","11470","양천구","10200","목동","1","대지","0318","0115","에치앤에치","20251230","22000","61.56","23.000000","4","","20260108","2012","연립다세대","직거래",""
"2026","11710","송파구","11100","방이동","1","대지","0193","0037","옥산크리스탈","20251230","76000","62.5","0.000000","5","","","2001","아파트","중개거래","서울 송파구"
"2026","11470","양천구","10200","목동","1","대지","0318","0115","에치앤에치","20251230","22500","61.56","23.000000","4","","","2012","연립다세대","직거래",""
"2026","11170","용산구","10200","용산동2가","1","대지","0039","0000","하임빌(39)","20251230","89000","51.06","32.000000","3","","","2009","연립다세대","중개거래","서울 용산구"
"2026","11740","강동구","10900","천호동","1","대지","0049","0038","크로바빌라B동","20251230","33700","63.16","42.000000","3","","","1993","연립다세대","중개거래","서울 강동구"
"2026","11530","구로구","10200","구로동","1","대지","1132","0059","(1132-59)","20251230","11800","34.02","43.680000","2","","","1990","오피스텔","직거래",""
"2026","11560","영등포구","11400","당산동4가","1","대지","0032","0055","(32-55)","20251230","24700","29.07","15.000000","5","","","2018","연립다세대","중개거래","서울 영등포구"
"2026","11260","중랑구","10100","면목동","1","대지","0190","0007","한영드림빌","20251230","38500","55.64","36.000000","4","","","2012","연립다세대","중개거래","서울 중랑구"
"2026","11620","관악구","10200","신림동","1","대지","0255","0189","현대","20251230","52500","84.22","0.000000","9","","","1991","아파트","중개거래","서울 관악구"
"2026","11710","송파구","10100","잠실동","1","대지","0194","0000","잠실아이파크","20251230","31000","24.42","33.736800","2","","","2013","오피스텔","중개거래","서울 송파구"
"2026","11305","강북구","10100","미아동","1","대지","0190","0002","현대(190-2)","20251230","66500","84.91","0.000000","11","","","1992","아파트","중개거래","서울 강북구"
"2026","11410","서대문구","11100","홍제동","1","대지","0361","0068","(361-68)","20251230","28000","41","29.000000","1","","","1986","연립다세대","중개거래","서울 서대문구"
"2026","11320","도봉구","10500","쌍문동","1","대지","0158","0000","한양7","20251230","57000","84.92","0.000000","3","","","1993","아파트","중개거래","서울 도봉구"
"2026","11320","도봉구","10500","쌍문동","1","대지","0059","0003","한양5","20251230","45000","65.37","0.000000","4","","","1991","아파트","중개거래","서울 도봉구"
"2026","11740","강동구","10700","암사동","1","대지","0479","0013","제이빌더스","20251230","28600","28.31","16.000000","5","","","2016","연립다세대","중개거래","서울 강동구"
"2026","11380","은평구","10300","불광동","1","대지","0119","0000","(119-0)","20251230","38000","103.45","53.000000","4","","","1992","연립다세대","중개거래","서울 은평구"
"2026","11530","구로구","10800","오류동","1","대지","0362","0000","천왕역모아엘가트레뷰","20251230","81500","67.963","0.000000","11","","","2025","아파트","중개거래","서울 구로구"
"2026","11650","서초구","10200","양재동","1","대지","0275","0003","트윈타워","20251230","16000","24.07","24.070000","10","","","1991","오피스텔","중개거래","서울 강남구"
"2026","11740","강동구","10600","둔촌동","1","대지","0611","0000","한솔솔파크","20251230","98000","67.24","0.000000","6","","","2003","아파트","직거래",""
"2026","11260","중랑구","10100","면목동","1","대지","0069","0015","하나맨션","20251230","55000","63.78","29.000000","3","","","2002","연립다세대","중개거래","서울 중랑구"
"2026","11710","송파구","10500","석촌동","1","대지","0166","0020","CASABUENA","20251230","31800","36.64","18.000000","2","","","2002","연립다세대","중개거래","서울 송파구"
"2026","11710","송파구","10800","문정동","1","대지","0618","0000","파크하비오","20251230","48000","48.93","62.010000","3","","","null","오피스텔","중개거래","서울 송파구"
"2026","11530","구로구","10200","구로동","1","대지","1260","0000","이화우성","20251230","75000","114.92","0.000000","6","","","1998","아파트","중개거래","서울 금천구"
"2026","11620","관악구","10100","봉천동","1","대지","0861","0007","CO-OP RESIDENCE/서울대입구","20251230","11000","17.19","24.560000","7","","","2005","오피스텔","중개거래","서울 관악구"
"2026","11650","서초구","10800","서초동","1","대지","1363","0025","한라비발디스튜디오193","20251230","25100","27.69","40.310000","5","","","2013","오피스텔","중개거래","서울 강남구, 서울 서초구"
"2026","11350","노원구","10500","상계동","1","대지","1118","0025","1118-25","20251230","4000","16.66","10.000000","4","","","2018","연립다세대","중개거래","경기 의정부시"
"2026","11470","양천구","10200","목동","1","대지","0499","0019","DH프라임(499-19)","20251230","31000","28.05","18.000000","4","","","2016","연립다세대","중개거래","서울 양천구"
"2026","11350","노원구","10500","상계동","1","대지","1118","0025","1118-25","20251230","20000","56.99","34.000000","5","","","2018","연립다세대","중개거래","경기 의정부시"
"2026","11740","강동구","10800","성내동","1","대지","0407","0044","한강스타빌","20251230","40000","39.47","24.000000","4","","","2015","연립다세대","중개거래","경기 하남시, 서울 강동구"
"2026","11740","강동구","10100","명일동","1","대지","0336","0002","청포도하우스","20251230","39000","33.91","24.000000","4","","","2019","연립다세대","중개거래","서울 강동구"
"2026","11710","송파구","10500","석촌동","1","대지","0161","0002","청호센트레빌","20251230","36500","41.67","20.000000","3","","","2002","연립다세대","중개거래","서울 송파구"
"2026","11650","서초구","10800","서초동","1","대지","1600","0009","(1600-9)","20251230","21500","36.54","53.170000","7","","","1991","오피스텔","중개거래","서울 서초구"
"2026","11740","강동구","10900","천호동","1","대지","0167","0117","주성아파텔","20251230","13500","15.344","5.000000","2","","","2016","연립다세대","직거래",""
"2026","11215","광진구","10200","능동","1","대지","0164","0001","(164-1)","20251230","52000","60.2","60.000000","2","","","1997","연립다세대","중개거래","서울 광진구, 서울 서초구"
"2026","11740","강동구","10900","천호동","1","대지","0167","0117","주성아파텔","20251230","13500","15.344","5.000000","4","","","2016","연립다세대","직거래",""
"2026","11740","강동구","10900","천호동","1","대지","0167","0117","주성아파텔","20251230","13500","15.344","5.000000","3","","","2016","연립다세대","직거래",""
"2026","11260","중랑구","10100","면목동","1","대지","0727","0302","포르투나","20251230","59000","51.99","0.000000","2","","","2024","아파트","직거래",""
"2026","11440","마포구","10400","도화동","1","대지","0555","0000","한화오벨리스크","20251230","128000","82.14","0.000000","23","","","2004","아파트","중개거래","서울 마포구"
"2026","11170","용산구","10800","서계동","1","대지","0240","0016","(240-16)","20251230","73000","45.81","19.000000","-1","","","1997","연립다세대","중개거래","서울 용산구"
"2026","11560","영등포구","12100","문래동3가","1","대지","0077","0010","문래역 이안","20251230","83500","96.68","112.960000","11","","","2004","오피스텔","중개거래","서울 영등포구"
"2026","11500","강서구","10900","방화동","1","대지","0814","0000","방화5","20251230","45000","33.18","0.000000","7","","","1994","아파트","중개거래","서울 강서구"
"2026","11650","서초구","10100","방배동","1","대지","0323","0002","방배동스프링밸리","20251230","50000","29.97","20.000000","3","","","2016","연립다세대","중개거래","서울 서초구"
"2026","11500","강서구","10500","마곡동","1","대지","0784","0008","벨리오","20251230","13300","20.57","31.270000","10","","","2015","오피스텔","중개거래","서울 강서구"
"2026","11710","송파구","11400","마천동","1","대지","0573","0000","삼익1","20251230","85000","84.9","0.000000","10","","","1996","아파트","직거래",""
"2026","11350","노원구","10500","상계동","1","대지","0720","0000","상계주공6(고층)","20251230","71000","58.01","0.000000","10","","","1988","아파트","중개거래","서울 노원구"
"2026","11350","노원구","10500","상계동","1","대지","0765","0000","상계주공1(고층)","20251230","57400","58.01","0.000000","7","","","1988","아파트","중개거래","서울 노원구"
"2026","11305","강북구","10100","미아동","1","대지","1354","0000","벽산라이브파크","20251230","57000","59.67","0.000000","12","","","2004","아파트","중개거래","서울 강북구"
"2026","11350","노원구","10500","상계동","1","대지","0765","0000","상계주공1(고층)","20251230","59000","58.01","0.000000","8","","","1988","아파트","중개거래","서울 노원구"
"2026","11170","용산구","13000","이태원동","1","대지","0228","0008","삼영빌라","20251230","34000","37.32","28.000000","-1","","","1990","연립다세대","중개거래","서울 성동구"
"2026","11650","서초구","10100","방배동","1","대지","0890","0019","방배월든빌","20251230","79500","48.66","24.000000","1","","","2016","연립다세대","중개거래","서울 서초구"
"2026","11215","광진구","10500","자양동","1","대지","0610","0001","삼성홈타운(610-1)","20251230","72000","45.43","29.000000","3","","","2022","연립다세대","직거래",""
"2026","11590","동작구","10200","상도동","1","대지","0246","0017","상도레이나","20251230","42000","24.82","17.000000","2","","","2022","연립다세대","직거래",""
"2026","11470","양천구","10100","신정동","1","대지","0314","0000","목동신시가지8","20251230","195000","54.94","0.000000","9","","","1987","아파트","중개거래","서울 양천구"
"2026","11470","양천구","10200","목동","1","대지","0760","0001","보람타운(760)","20251230","45000","46.94","20.000000","3","","","2001","연립다세대","중개거래","서울 양천구"
"2026","11320","도봉구","10500","쌍문동","1","대지","0056","0000","삼익세라믹","20251230","41000","58.77","0.000000","14","","","1988","아파트","중개거래","서울 도봉구"
"2026","11320","도봉구","10700","창동","1","대지","0300","0000","상아2차아파트","20251230","46500","45.54","0.000000","8","","","1988","아파트","중개거래","서울 도봉구"
"2026","11500","강서구","10300","화곡동","1","대지","0366","0064","블루스카이빌(366)","20251230","22000","29.72","19.000000","4","","","2015","연립다세대","중개거래","서울 강서구"
"2026","11545","금천구","10200","독산동","1","대지","0165","0028","문성궁전빌라A동","20251230","18500","46.8","28.000000","3","","","1991","연립다세대","중개거래","서울 강서구"
"2026","11545","금천구","10200","독산동","1","대지","1022","0093","문성빌(1022-93)","20251230","39500","33.57","27.000000","2","","","2023","연립다세대","직거래",""
"2026","11440","마포구","12700","상암동","1","대지","1655","0000","상암월드컵파크4단지","20251230","158300","84.76","0.000000","5","","","2006","아파트","중개거래","서울 마포구"
"2026","11440","마포구","12700","상암동","1","대지","1655","0000","상암월드컵파크4단지","20251230","162000","84.89","0.000000","20","","","2006","아파트","중개거래","서울 마포구"
"2026","11290","성북구","13300","정릉동","1","대지","0254","0095","삼보정보빌라","20251230","35500","90.12","49.000000","4","","","2001","연립다세대","중개거래","서울 성북구"
"2026","11545","금천구","10200","독산동","1","대지","0887","0025","서동에이스빌101동102동","20251230","30000","41.95","28.000000","6","","","2016","연립다세대","중개거래","서울 관악구"
"2026","11380","은평구","10700","응암동","1","대지","0594","0072","산호팰리스(A동)","20251230","39000","43.77","28.000000","4","","","2018","연립다세대","중개거래","서울 마포구, 서울 서대문구"
"2026","11740","강동구","10800","성내동","1","대지","0600","0000","성내3차e-편한세상","20251230","88000","84.23","0.000000","7","","","2004","아파트","중개거래","서울 강동구"
"2026","11500","강서구","10300","화곡동","1","대지","1115","0014","세양주택가동","20251230","10000","37.14","29.000000","1","","","1986","연립다세대","중개거래","서울 강서구"
"2026","11530","구로구","10800","오류동","1","대지","0068","0021","미래빌라","20251230","28970","37.65","42.000000","3","","","1989","연립다세대","직거래",""
"2026","11260","중랑구","10100","면목동","1","대지","1545","0000","사가정센트럴아이파크","20251230","153000","114.853","0.000000","3","","","2020","아파트","중개거래","서울 중랑구"
"2026","11560","영등포구","13000","양평동6가","1","대지","0094","0000","선유도역 더블파크 투웨니퍼스트","20251230","29000","28.42","38.150000","13","","","2020","오피스텔","중개거래","서울 영등포구"
"2026","11440","마포구","12000","서교동","1","대지","0475","0016","서교스위트하우스2","20251230","40750","29.11","18.000000","3","","","2014","연립다세대","중개거래","서울 마포구"
"2026","11320","도봉구","10600","방학동","1","대지","0675","0002","북한산드림시티3차","20251229","26500","34.88","21.000000","6","","","2023","연립다세대","직거래",""
"2026","11470","양천구","10300","신월동","1","대지","0098","0019","삼진(98-19)","20251229","13000","37.97","17.000000","1","","","1994","연립다세대","직거래",""
"2026","11440","마포구","11100","신수동","1","대지","0459","0000","밤섬경남아너스빌","20251229","157000","84.83","0.000000","1","","","2009","아파트","중개거래","서울 마포구"
"2026","11470","양천구","10100","신정동","1","대지","1010","0016","삼성주택나동","20251229","30000","48.78","23.000000","-1","","","1991","연립다세대","중개거래","서울 양천구"
"2026","11710","송파구","11100","방이동","1","대지","0046","0002","사보이시티잠실","20251229","29500","23.729","37.890500","8","","","2021","오피스텔","중개거래","서울 송파구"
"2026","11740","강동구","10700","암사동","1","대지","0508","0000","삼성광나루","20251229","117000","59.69","0.000000","4","","","2002","아파트","중개거래","서울 강동구"
"2026","11350","노원구","10500","상계동","1","대지","0766","0001","미도","20251229","79000","87.57","0.000000","9","","","1988","아파트","중개거래","서울 노원구"
"2026","11290","성북구","13600","하월곡동","1","대지","0088","0064","성북힐스테이트(101동)","20251229","87000","84.14","0.000000","18","","","2007","아파트","중개거래","서울 성북구"
"2026","11650","서초구","10800","서초동","1","대지","1454","0029","서초한신","20251229","207500","95.86","0.000000","10","","","2001","아파트","중개거래","서울 서초구"
"2026","11380","은평구","10500","구산동","1","대지","0308","0045","성진빌라(A)","20251229","22000","61.26","32.000000","2","","","2003","연립다세대","중개거래","서울 은평구"
"2026","11440","마포구","12400","연남동","1","대지","0366","0001","백운맨션","20251229","45500","63.8","31.000000","4","","","2002","연립다세대","중개거래","서울 마포구, 서울 양천구"
"2026","11260","중랑구","10100","면목동","1","대지","1545","0000","사가정센트럴아이파크","20251229","131000","84.956","0.000000","14","","","2020","아파트","중개거래","서울 중랑구"
"2026","11200","성동구","10700","행당동","1","대지","0380","0000","서울숲리버뷰자이","20251229","260000","84.96","0.000000","25","","","2018","아파트","중개거래","서울 성동구"
"2026","11260","중랑구","10100","면목동","1","대지","0011","0001","서일파크빌","20251229","24500","32.19","22.000000","6","","","2018","연립다세대","중개거래","서울 중랑구"
"2026","11320","도봉구","10700","창동","1","대지","0300","0000","상아2차아파트","20251229","70000","84.99","0.000000","3","","","1988","아파트","중개거래","서울 도봉구"
"2026","11470","양천구","10100","신정동","1","대지","1325","0000","목동파크자이(101동~108동)","20251229","185000","84.993","0.000000","8","","","2019","아파트","중개거래","서울 양천구"
"2026","11200","성동구","11500","성수동2가","1","대지","0277","0037","성원상떼뷰오피스텔","20251229","16600","28.08","37.250000","3","","","2003","오피스텔","중개거래","서울 성동구"
"2026","11440","마포구","12500","성산동","1","대지","0590","0001","상암 두산위브센티움","20251229","15000","23.24","33.130000","10","","","2013","오피스텔","중개거래","서울 마포구"
"2026","11710","송파구","10100","잠실동","1","대지","0221","0009","베네치아","20251229","59950","29.7","21.000000","3","","","2019","연립다세대","중개거래","서울 송파구"
"2026","11320","도봉구","10700","창동","1","대지","0045","0000","삼성래미안","20251229","74700","73.92","0.000000","3","","","1992","아파트","중개거래","서울 도봉구"
"2026","11560","영등포구","13200","신길동","1","대지","4958","0000","보라매에스케이뷰","20251229","185500","84.98","0.000000","6","","","2020","아파트","중개거래","서울 영등포구"
"2026","11650","서초구","10800","서초동","1","대지","1327","0000","서초타운트라팰리스","20251229","155000","103.56","0.000000","14","","","2006","아파트","중개거래","서울 서초구"
"2026","11620","관악구","10100","봉천동","1","대지","1729","0000","서희스타힐스","20251229","58500","52.6","0.000000","15","","","2015","아파트","중개거래","서울 관악구"
"2026","11530","구로구","10900","궁동","1","대지","0197","0003","상떼그린빌(101동)","20251229","20300","28.46","21.000000","3","","","2019","연립다세대","중개거래","서울 구로구"
"2026","11170","용산구","12000","도원동","1","대지","0023","0000","삼성래미안","20251229","163500","59.94","0.000000","19","","","2001","아파트","중개거래","서울 마포구, 서울 용산구"
"2026","11470","양천구","10100","신정동","1","대지","0312","0000","목동신시가지9","20251229","352000","156.84","0.000000","6","","","1987","아파트","중개거래","서울 양천구"
"2026","11590","동작구","10700","사당동","1","대지","1133","0000","삼성래미안","20251229","149000","114.502","0.000000","5","","","2003","아파트","중개거래","서울 동작구"
"2026","11470","양천구","10200","목동","1","대지","0545","0003","영동빌라(545-3)","20251229","17000","54.31","24.000000","4","","","1992","연립다세대","직거래",""
"2026","11560","영등포구","10200","영등포동1가","1","대지","0092","0004","여의도투웨니퍼스트","20251229","35500","42.31","52.280000","7","","","2018","오피스텔","중개거래","서울 서초구"
"2026","11560","영등포구","10200","영등포동1가","1","대지","0121","0005","여의도리슈빌DS","20251229","17600","21.41","31.430000","10","","","2020","오피스텔","중개거래","서울 마포구"
"2026","11410","서대문구","11800","홍은동","1","대지","0394","0010","엠화일빌라트-에이","20251229","40000","66.87","38.000000","3","","","2005","연립다세대","중개거래","서울 서대문구"
"2026","11470","양천구","10200","목동","1","대지","0713","0014","엠펠리체","20251229","23000","26.33","12.000000","5","","","2016","연립다세대","중개거래","서울 양천구"
"2026","11290","성북구","13800","장위동","1","대지","0230","0044","온세파인힐","20251229","44000","46.25","35.000000","2","","","2017","연립다세대","중개거래","서울 성북구"
"2026","11710","송파구","10800","문정동","1","대지","0150","0000","올림픽훼밀리타운","20251229","155000","84.751","0.000000","1","","","1988","아파트","직거래",""
"2026","11500","강서구","10900","방화동","1","대지","0830","0001","에어뷰21-2오피스텔","20251229","7800","26.22","30.600000","11","","","1999","오피스텔","중개거래","서울 강서구"
"2026","11440","마포구","10400","도화동","1","대지","0556","0000","에스케이허브그린","20251229","36500","46.99","61.720000","8","","","2005","오피스텔","중개거래","서울 마포구"
"2026","11305","강북구","10100","미아동","1","대지","1353","0000","에스케이북한산시티","20251229","71000","84.71","0.000000","7","","","2004","아파트","중개거래","서울 강북구"
"2026","11230","동대문구","10600","장안동","1","대지","0349","0008","에메랄드2차","20251229","41000","55.812","33.000000","4","","","2018","연립다세대","중개거래","서울 동대문구"
"2026","11305","강북구","10300","수유동","1","대지","0486","0776","우광타운(11)","20251229","9000","30.11","25.000000","1","","","1989","연립다세대","직거래",""
"2026","11215","광진구","10100","중곡동","1","대지","0648","0014","아지(AZ)0213","20251229","13700","20.64","29.158200","6","","","2015","오피스텔","중개거래","서울 광진구"
"2026","11470","양천구","10200","목동","1","대지","0324","0093","신한캐슬","20251229","21300","28.04","16.000000","6","","","2017","연립다세대","직거래",""
"2026","11320","도봉구","10600","방학동","1","대지","0271","0001","신동아아파트1","20251229","33000","53.16","0.000000","3","","","1986","아파트","중개거래","서울 도봉구"
"2026","11320","도봉구","10600","방학동","1","대지","0271","0001","신동아아파트1","20251229","32000","53.16","0.000000","11","","","1986","아파트","중개거래","서울 도봉구"
"2026","11680","강남구","11500","수서동","1","대지","0736","0000","신동아","20251229","152500","33.18","0.000000","4","","","1992","아파트","중개거래","서울 강남구"
"2026","11260","중랑구","10400","묵동","1","대지","0380","0000","신도2","20251229","54200","58.59","0.000000","4","","","1999","아파트","중개거래","서울 중랑구"
"2026","11260","중랑구","10400","묵동","1","대지","0167","0000","신도","20251229","54000","59.89","0.000000","5","","","1998","아파트","중개거래","서울 중랑구"
"2026","11260","중랑구","10600","신내동","1","대지","0817","0000","신내 데시앙포레","20251229","76000","84.65","0.000000","21","","","2013","아파트","중개거래","서울 중랑구"
"2026","11560","영등포구","13200","신길동","1","대지","4955","0000","신길센트럴아이파크","20251229","157500","84.99","0.000000","10","","","2019","아파트","중개거래","서울 영등포구"
"2026","11440","마포구","10300","신공덕동","1","대지","0178","0000","신공덕아이파크","20251229","86390","49.48","0.000000","13","분양권","","0","아파트","중개거래","서울 마포구"
"2026","11545","금천구","10300","시흥동","1","대지","0864","0000","시흥","20251229","28000","60","61.000000","3","","","1980","연립다세대","직거래",""
"2026","11545","금천구","10300","시흥동","1","대지","0864","0000","시흥","20251229","28000","60","61.000000","3","","","1980","연립다세대","직거래",""
"2026","11680","강남구","10600","대치동","1","대지","0910","0011","스톤빌리지대치3차","20251229","65500","36.98","21.000000","3","","","2018","연립다세대","중개거래","서울 강남구"
"2026","11380","은평구","10300","불광동","1","대지","0444","0030","스카이힐튼","20251229","34400","28.59","25.000000","2","","","2021","연립다세대","중개거래","서울 은평구"
"2026","11560","영등포구","11500","당산동5가","1","대지","0007","0002","유원제일2차","20251229","223000","123.76","0.000000","13","","","1984","아파트","중개거래","서울 영등포구"
"2026","11305","강북구","10300","수유동","1","대지","0205","0000","수유벽산1차","20251229","69500","84.92","0.000000","5","","","1993","아파트","중개거래","서울 강북구"
"2026","11440","마포구","10800","대흥동","1","대지","0012","0027","이대역 푸르지오 시티","20251229","26500","28.8","39.600000","12","","","2013","오피스텔","중개거래","서울 마포구"
"2026","11440","마포구","12500","성산동","1","대지","0257","0003","이레빌라트","20251229","36000","15.81","10.000000","3","","","2012","연립다세대","중개거래","서울 마포구"
"2026","11500","강서구","10300","화곡동","1","대지","0371","0023","이븐하우스","20251229","23000","29.24","17.000000","5","","","2021","연립다세대","중개거래","서울 강서구"
"2026","11590","동작구","10700","사당동","1","대지","0278","0071","세진홈타운","20251229","39500","47.32","22.000000","4","","","2002","연립다세대","중개거래","서울 동작구"
"2026","11470","양천구","10200","목동","1","대지","0131","0033","세종","20251229","32000","28.47","26.000000","5","","","2016","연립다세대","중개거래","서울 양천구"
"2026","11650","서초구","10800","서초동","1","대지","1445","0004","래미안서초유니빌","20251229","45000","43.625","0.000000","17","","","2003","아파트","중개거래","서울 서초구"
"2026","11590","동작구","10200","상도동","1","대지","0279","0047","두성화이트빌","20251229","44000","58.97","33.000000","2","","","2010","연립다세대","중개거래","서울 동작구"
"2026","11530","구로구","10700","개봉동","1","대지","0333","0013","동완아트","20251229","30000","74.33","40.000000","2","","","2010","연립다세대","중개거래","서울 구로구"
"2026","11650","서초구","10800","서초동","1","대지","1617","0039","디자인뷰","20251229","31500","29.3","18.000000","3","","","2016","연립다세대","중개거래","서울 강남구"
"2026","11530","구로구","10300","가리봉동","1","대지","0127","0009","라티 포레스트","20251229","42649","32.71","44.080000","2","","20260112","2024","오피스텔","직거래",""
"2026","11530","구로구","10300","가리봉동","1","대지","0127","0009","라티 포레스트","20251229","42649","32.71","44.080000","2","","","2024","오피스텔","직거래",""
"2026","11650","서초구","10600","잠원동","1","대지","0157","0000","동아","20251229","319000","59.8","0.000000","5","","","2002","아파트","중개거래","경기 고양시 덕양구, 서울 서초구"
"2026","11320","도봉구","10700","창동","1","대지","0466","0000","대신빌라","20251229","18000","50.58","57.000000","1","","","1986","연립다세대","직거래",""
"2026","11320","도봉구","10700","창동","1","대지","0466","0000","대신빌라","20251229","19000","50.58","57.000000","2","","","1986","연립다세대","직거래",""
"2026","11320","도봉구","10700","창동","1","대지","0466","0000","대신빌라","20251229","18000","50.58","57.000000","2","","","1986","연립다세대","직거래",""
"2026","11320","도봉구","10700","창동","1","대지","0466","0000","대신빌라","20251229","18000","50.58","57.000000","3","","","1986","연립다세대","직거래",""
"2026","11560","영등포구","11300","당산동3가","1","대지","0561","0000","동부센트레빌","20251229","156000","94.75","0.000000","4","","","2003","아파트","중개거래","서울 영등포구"
"2026","11530","구로구","10800","오류동","1","대지","0338","0000","동부골든","20251229","56000","105.21","0.000000","9","","","1998","아파트","중개거래","서울 구로구"
"2026","11320","도봉구","10700","창동","1","대지","0466","0000","대신빌라","20251229","18150","50.58","57.000000","2","","","1986","연립다세대","직거래",""
"2026","11200","성동구","11400","성수동1가","1","대지","0033","0006","동광궁전그린빌C","20251229","70000","75.6","47.000000","2","","","2003","연립다세대","중개거래","서울 성동구"
"2026","11320","도봉구","10700","창동","1","대지","0466","0000","대신빌라","20251229","18135","50.58","57.000000","2","","","1986","연립다세대","직거래",""
"2026","11320","도봉구","10700","창동","1","대지","0466","0000","대신빌라","20251229","18500","50.58","57.000000","3","","","1986","연립다세대","직거래",""
"2026","11320","도봉구","10700","창동","1","대지","0466","0000","대신빌라","20251229","18000","50.58","57.000000","2","","","1986","연립다세대","직거래",""
"2026","11500","강서구","10500","마곡동","1","대지","0767","0004","롯데캐슬 르웨스트","20251229","150900","69.843","74.862300","14","","","2024","오피스텔","직거래",""
"2026","11500","강서구","10500","마곡동","1","대지","0767","0004","롯데캐슬 르웨스트","20251229","165400","83.523","88.349100","14","","","2024","오피스텔","직거래",""
"2026","11560","영등포구","13200","신길동","1","대지","0463","0011","더하우스(463-11)","20251229","45000","16.8","12.000000","2","","20260115","2018","연립다세대","중개거래","서울 영등포구"
"2026","11320","도봉구","10700","창동","1","대지","0466","0000","대신빌라","20251229","18000","50.58","57.000000","1","","","1986","연립다세대","직거래",""
"2026","11530","구로구","10800","오류동","1","대지","0006","0063","루체비스타","20251229","20500","28.81","0.000000","15","","","2020","아파트","중개거래","서울 금천구"
"2026","11710","송파구","10200","신천동","1","대지","0011","0008","더샵스타리버","20251229","220000","142.17","0.000000","15","","","2006","아파트","중개거래","서울 송파구"
"2026","11590","동작구","10200","상도동","1","대지","0210","0108","대흥미소가(210-108)","20251229","39000","42.36","24.000000","5","","","2014","연립다세대","중개거래","서울 동작구"
"2026","11680","강남구","10100","역삼동","1","대지","0824","0025","대우디오빌플러스","20251229","43000","43.99","0.000000","7","","","2004","아파트","중개거래","서울 강남구"
"2026","11320","도봉구","10700","창동","1","대지","0466","0000","대신빌라","20251229","19670","56.79","64.000000","1","","","1986","연립다세대","직거래",""
"2026","11470","양천구","10100","신정동","1","대지","0998","0010","목동건향파크빌6차","20251229","37000","28.987","18.000000","3","","","2019","연립다세대","중개거래","경남 진주시"
"2026","11320","도봉구","10700","창동","1","대지","0466","0000","대신빌라","20251229","19800","56.79","64.000000","3","","","1986","연립다세대","직거래",""
"2026","11320","도봉구","10700","창동","1","대지","0466","0000","대신빌라","20251229","20000","56.79","64.000000","2","","","1986","연립다세대","직거래",""
"2026","11470","양천구","10200","목동","1","대지","0318","0155","목동멤버스빌","20251229","18000","58.8","26.000000","1","","","2003","연립다세대","직거래",""
"2026","11320","도봉구","10700","창동","1","대지","0466","0000","대신빌라","20251229","20500","56.79","64.000000","3","","","1986","연립다세대","직거래",""
"2026","11590","동작구","10900","신대방동","1","대지","0686","0048","동작협성휴포레시그니처","20251229","115000","84.986","0.000000","11","","","2022","아파트","중개거래","서울 관악구"
"2026","11545","금천구","10300","시흥동","1","대지","0824","0022","가온빌리지","20251229","33500","40.53","29.000000","5","","","2022","연립다세대","직거래",""
"2026","11320","도봉구","10600","방학동","1","대지","0720","0001","대상타운현대아파트","20251229","68000","60","0.000000","7","","","2001","아파트","중개거래","서울 도봉구"
"2026","11410","서대문구","11100","홍제동","1","대지","0457","0000","남양","20251229","72000","83.07","0.000000","8","","","1999","아파트","중개거래","서울 서대문구"
"2026","11620","관악구","10100","봉천동","1","대지","1577","0017","휴테라스","20251229","28268","29.94","20.000000","3","","20260116","2019","연립다세대","직거래",""
"2026","11215","광진구","10900","군자동","1","대지","0031","0007","경호빌라","20251229","51000","80.53","50.000000","4","","","1996","연립다세대","중개거래","서울 광진구"
"2026","11500","강서구","10600","내발산동","1","대지","0671","0020","가나아델리움","20251229","34000","39.3","23.000000","5","","","2016","연립다세대","중개거래","서울 강서구"
"2026","11500","강서구","10300","화곡동","1","대지","0917","0005","남광아파트","20251229","31500","45.47","0.000000","8","","","2015","아파트","중개거래","서울 강서구"
"2026","11470","양천구","10100","신정동","1","대지","0963","0045","계룡연립","20251229","41000","39.84","29.000000","1","","","1988","연립다세대","중개거래","서울 양천구"
"2026","11500","강서구","10300","화곡동","1","대지","0807","0006","MVILEE12","20251229","33800","41.44","23.000000","3","","","2025","연립다세대","직거래",""
"2026","11200","성동구","10800","응봉동","1","대지","0098","0000","금호현대","20251229","166000","79.8","0.000000","14","","","1990","아파트","중개거래","서울 성동구"
"2026","11380","은평구","10500","구산동","1","대지","0382","0000","갈현현대","20251229","53000","84.83","0.000000","9","","","1998","아파트","중개거래","서울 은평구"
"2026","11260","중랑구","10300","중화동","1","대지","0332","0025","현진홈타운(332-25)","20251229","35000","26.78","17.000000","3","","","2020","연립다세대","중개거래","서울 중랑구"
"2026","11215","광진구","10100","중곡동","","","","","","20251229","205000","262.14","242.000000","","","","1983","단독다가구","중개거래","서울 광진구"
"2026","11440","마포구","12300","망원동","1","대지","0509","0000","휴먼빌","20251229","90800","59.943","0.000000","13","","","2004","아파트","중개거래","서울 마포구"
"2026","11530","구로구","10200","구로동","","","","","","20251229","35355","75.94","89.000000","","","","1996","단독다가구","직거래",""
"2026","11320","도봉구","10500","쌍문동","1","대지","0103","0009","힐트리움아파트(105,106,107동)","20251229","53000","55.71","18.000000","8","","","2018","연립다세대","중개거래","서울 도봉구"
"2026","11230","동대문구","10900","휘경동","1","대지","0367","0000","휘경센트레빌","20251229","120000","114.99","0.000000","18","","","2011","아파트","중개거래","서울 동대문구"
"2026","11710","송파구","10100","잠실동","1","대지","0312","0023","valuevill","20251229","32000","20.4","10.000000","3","","","2002","연립다세대","중개거래","서울 송파구"
"2026","11350","노원구","10300","공릉동","1","대지","0591","0014","대림연립1동","20251229","25200","62.78","46.000000","2","","","1978","연립다세대","중개거래","서울 노원구"
"2026","11200","성동구","11800","송정동","1","대지","0067","0005","히페리온리버팰리스","20251229","101500","84.484","0.000000","8","","","2022","아파트","중개거래","서울 강동구, 서울 성동구"
"2026","11320","도봉구","10600","방학동","1","대지","0690","0033","현대맨션(690-33)","20251229","23000","56.39","29.000000","3","","","2002","연립다세대","중개거래","서울 도봉구"
"2026","11170","용산구","10900","청파동1가","1","대지","0001","0095","대성빌라2차","20251229","85000","79.23","33.000000","-1","","","1995","연립다세대","중개거래","서울 용산구"
"2026","11440","마포구","11500","상수동","1","대지","0353","0025","그레이25","20251229","25000","20.54","16.000000","3","","","2014","연립다세대","중개거래","서울 용산구"
"2026","11560","영등포구","13200","신길동","","","","","","20251229","72600","140.19","96.000000","","","","1990","단독다가구","중개거래","서울 영등포구"
"2026","11470","양천구","10200","목동","1","대지","0917","0009","현대41타워","20251229","27500","47.76","57.520000","38","","","2001","오피스텔","중개거래","서울 양천구"
"2026","11710","송파구","10400","송파동","1","대지","0095","0007","HANYANGLEEPS","20251229","15000","14.5","11.000000","2","","","2012","연립다세대","중개거래","서울 송파구"
"2026","11500","강서구","10400","가양동","1","대지","1500","0000","강서한강자이","20251229","162000","124.424","0.000000","3","","","2013","아파트","중개거래","서울 강서구"
"2026","11260","중랑구","10400","묵동","1","대지","0379","0000","극동늘푸른","20251229","68000","84.08","0.000000","14","","","1999","아파트","중개거래","서울 중랑구"
"2026","11215","광진구","10300","구의동","1","대지","0591","0022","강변리버빌","20251229","76000","29.91","23.000000","4","","","2016","연립다세대","중개거래","서울 광진구"
"2026","11530","구로구","10200","구로동","","","","","","20251229","40945","126.9","89.000000","","","","2006","단독다가구","직거래",""
"2026","11710","송파구","11100","방이동","1","대지","0035","0004","I-SPACE 잠실2","20251229","20000","29.6","38.320000","14","","","2003","오피스텔","중개거래","서울 송파구"
"2026","11500","강서구","10400","가양동","1","대지","0448","0000","강나루2현대","20251229","91000","59.97","0.000000","2","","","2001","아파트","중개거래","서울 강서구"
"2026","11380","은평구","10500","구산동","1","대지","0382","0000","갈현현대","20251229","64000","114.95","0.000000","16","","","1998","아파트","중개거래","서울 은평구"
"2026","11530","구로구","10700","개봉동","1","대지","0326","0025","LG아트빌가동(326-25)","20251229","27000","61.4","33.000000","4","","","2002","연립다세대","중개거래","서울 구로구"
"2026","11740","강동구","10500","길동","1","대지","0388","0007","다성이즈빌(주상복합)","20251229","34500","39.92","0.000000","13","","","2015","아파트","중개거래","서울 강동구"
"2026","11410","서대문구","11600","창천동","","","","","","20251229","80000","175.1","106.000000","","","","1993","단독다가구","중개거래","서울 서대문구"
"2026","11620","관악구","10100","봉천동","1","대지","0869","0010","관악센츄리타워","20251229","10800","30.1","30.100000","13","","","1995","오피스텔","중개거래","서울 관악구"
"2026","11500","강서구","10300","화곡동","1","대지","1149","0000","화곡보람","20251229","65000","59.24","0.000000","2","","","2004","아파트","중개거래","서울 강서구, 서울 양천구"
"2026","11305","강북구","10300","수유동","","","","","","20251229","54700","177.38","113.000000","","","","1990","단독다가구","중개거래","서울 강북구"
"2026","11590","동작구","10700","사당동","1","대지","0240","0000","능내빌라","20251229","42000","35.22","19.000000","3","","","2001","연립다세대","중개거래","서울 동작구"
"2026","11440","마포구","12100","동교동","1","대지","0165","0008","LG팰리스빌딩","20251229","23000","43.58","54.810000","11","","","1999","오피스텔","중개거래","서울 마포구"
"2026","11110","종로구","17400","창신동","","","","","","20251229","65000","100.26","95.000000","","","","1974","단독다가구","중개거래","서울 종로구"
"2026","11200","성동구","10800","응봉동","1","대지","0098","0000","금호현대","20251229","160000","79.8","0.000000","8","","","1990","아파트","중개거래","서울 성동구"
"2026","11380","은평구","10300","불광동","","","","","","20251229","90000","186.99","123.000000","","","","1990","단독다가구","중개거래","서울 은평구"
"2026","11680","강남구","10800","논현동","1","대지","0196","0004","논현프라임아파트","20251229","148000","122.44","0.000000","5","","","2006","아파트","중개거래","서울 강남구"
"2026","11350","노원구","10300","공릉동","1","대지","0254","0000","태릉우성아파트","20251229","70000","66.87","0.000000","3","","","1985","아파트","중개거래","서울 노원구"
"2026","11620","관악구","10200","신림동","1","대지","0092","0240","(92-240)","20251229","18000","31.17","20.000000","1","","","1990","연립다세대","중개거래","서울 관악구"
"2026","11590","동작구","10200","상도동","1","대지","0302","0042","진주리츠빌","20251229","35000","41.5","25.000000","4","","","2013","연립다세대","중개거래","서울 동작구"
"2026","11710","송파구","11100","방이동","1","대지","0130","0019","인텍스빌","20251229","105000","117.61","0.000000","2","","","2000","아파트","중개거래","서울 서초구, 서울 송파구"
"2026","11620","관악구","10300","남현동","1","대지","1061","0018","(1061-18)","20251229","19900","28.05","44.070000","10","","","2005","오피스텔","직거래",""
"2026","11215","광진구","10500","자양동","1","대지","0651","0019","(651-19)","20251229","60000","29.64","15.000000","3","","","2002","연립다세대","중개거래","서울 광진구"
"2026","11710","송파구","10500","석촌동","1","대지","0163","0004","잠실빌리지","20251229","63000","41.1","27.000000","3","","","2018","연립다세대","중개거래","서울 송파구"
"2026","11740","강동구","10900","천호동","1","대지","0425","0003","천호역 한강 푸르지오시티","20251229","17900","27.44","39.040000","7","","","2015","오피스텔","중개거래","서울 강동구"
"2026","11440","마포구","10400","도화동","1","대지","0555","0000","한화오벨리스크","20251229","53700","36.96","0.000000","9","","","2004","아파트","중개거래","서울 마포구"
"2026","11560","영등포구","13200","신길동","1","대지","0065","0021","프리가","20251229","12000","13.66","0.000000","7","","","2013","아파트","중개거래","서울 동작구"
"2026","11650","서초구","10100","방배동","1","대지","0980","0024","정광빌라","20251229","37300","41.91","34.000000","-1","","20260122","1989","연립다세대","중개거래","서울 서초구"
"2026","11290","성북구","13300","정릉동","1","대지","1019","0000","정릉성원상떼빌","20251229","53000","59.94","0.000000","1","","20260108","2000","아파트","중개거래","서울 성북구"
"2026","11215","광진구","10300","구의동","1","대지","0547","0008","(547-8)","20251229","30000","33.06","43.090000","7","","","1991","오피스텔","중개거래","서울 광진구"
"2026","11710","송파구","10500","석촌동","1","대지","0218","0011","(218-11)","20251229","72300","74.74","39.000000","5","","","2005","연립다세대","중개거래","서울 송파구"
"2026","11290","성북구","13300","정릉동","1","대지","1019","0000","정릉성원상떼빌","20251229","53000","59.94","0.000000","1","","","2000","아파트","중개거래","서울 성북구"
"2026","11260","중랑구","10200","상봉동","1","대지","0129","0026","청라(129-26)","20251229","30300","29.87","10.000000","9","","","2021","연립다세대","중개거래","서울 중랑구"
"2026","11620","관악구","10100","봉천동","1","대지","0649","0090","한결빌라","20251229","16200","52.31","32.000000","2","","","1991","연립다세대","중개거래","서울 관악구"
"2026","11230","동대문구","10900","휘경동","1","대지","0286","0208","(286-208)","20251229","19000","14.85","9.000000","1","","","2012","연립다세대","중개거래","서울 동대문구"
"2026","11440","마포구","12200","합정동","1","대지","0200","0001","펠리스아트빌","20251229","94000","83.7","0.000000","3","","","2003","아파트","중개거래","서울 마포구"
"2026","11320","도봉구","10700","창동","1","대지","0030","0000","창동주공18단지","20251229","62800","59.39","0.000000","8","","","1988","아파트","중개거래","서울 도봉구"
"2026","11290","성북구","13300","정릉동","1","대지","0403","0022","정릉아트빌라","20251229","20200","50.2","29.000000","4","","","2002","연립다세대","중개거래","서울 성북구"
"2026","11230","동대문구","10900","휘경동","1","대지","0286","0208","(286-208)","20251229","19000","14.7","9.000000","1","","","2012","연립다세대","중개거래","서울 동대문구"
"2026","11230","동대문구","10900","휘경동","1","대지","0286","0208","(286-208)","20251229","19000","12.16","9.000000","2","","","2012","연립다세대","중개거래","서울 동대문구"
"2026","11650","서초구","10200","양재동","1","대지","0275","0003","트윈타워","20251229","18500","24.07","24.070000","19","","","1991","오피스텔","중개거래","서울 강남구, 서울 서초구"
"2026","11710","송파구","10100","잠실동","1","대지","0027","0000","주공아파트 5단지","20251229","457500","82.51","0.000000","9","","","1978","아파트","중개거래","서울 금천구, 서울 송파구"
"2026","11710","송파구","10500","석촌동","1","대지","0284","0007","트윈캐슬A동","20251229","27000","23.905","15.000000","5","","20260117","2014","연립다세대","중개거래","서울 송파구"
"2026","11305","강북구","10100","미아동","1","대지","0705","0001","한화포레나미아","20251229","109000","84.97","0.000000","7","분양권","","0","아파트","중개거래","서울 강북구, 서울 성북구"
"2026","11170","용산구","10100","후암동","1","대지","0400","0017","(400-17)","20251229","52000","38.7","17.000000","1","","","1997","연립다세대","중개거래","서울 용산구"
"2026","11290","성북구","13800","장위동","1","대지","0230","0064","토암트윈스빌B동","20251229","40000","54.16","30.000000","3","","","2006","연립다세대","중개거래","서울 성북구"
"2026","11440","마포구","12500","성산동","1","대지","0021","0029","자슬린하우스(21-29)","20251229","68000","59.79","38.000000","3","","","2021","연립다세대","직거래",""
"2026","11710","송파구","10100","잠실동","1","대지","0239","0011","(239-11)","20251229","56000","50.07","27.000000","2","","","2003","연립다세대","중개거래","서울 송파구"
"2026","11200","성동구","10500","마장동","1","대지","0818","0000","현대","20251229","129300","134.79","0.000000","12","","","1998","아파트","중개거래","서울 성동구"
"2026","11710","송파구","10600","삼전동","1","대지","0114","0000","(114-0)","20251229","23500","19.98","9.000000","2","","","2003","연립다세대","중개거래","서울 송파구"
"2026","11650","서초구","10800","서초동","1","대지","1487","0031","(1487-31)","20251229","39000","28.6","18.000000","2","","","2017","연립다세대","중개거래","서울 강남구"
"2026","11290","성북구","13300","정릉동","1","대지","0494","0000","중앙하이츠빌1단지","20251229","67000","84.98","0.000000","7","","","2004","아파트","중개거래","서울 성북구"
"2026","11215","광진구","10500","자양동","1","대지","0861","0000","자양 호반써밋","20251229","26800","18.743","29.132300","6","","","2021","오피스텔","중개거래","서울 광진구"
"2026","11320","도봉구","10700","창동","1","대지","0347","0000","창동주공3단지(해등마을)","20251229","70000","61.52","0.000000","13","","","1990","아파트","중개거래","서울 도봉구"
"2026","11230","동대문구","10400","전농동","1","대지","0055","0007","한양아트빌라","20251229","24000","51.6","36.000000","1","","","1991","연립다세대","중개거래","서울 동대문구, 서울 종로구"
"2026","11410","서대문구","11900","북가좌동","1","대지","0481","0000","DMC래미안e편한세상","20251229","165000","120.95","0.000000","6","","","2012","아파트","중개거래","서울 서대문구"
"2026","11230","동대문구","10400","전농동","1","대지","0006","0000","전농우성","20251229","75000","84.84","0.000000","15","","","1992","아파트","중개거래","서울 동대문구"
"2026","11710","송파구","10500","석촌동","1","대지","0251","0013","(251-13)","20251229","37000","50.04","24.000000","2","","","2004","연립다세대","중개거래","서울 송파구"
"2026","11215","광진구","10500","자양동","1","대지","0861","0000","자양호반써밋","20251229","160000","59.079","0.000000","12","","","2021","아파트","중개거래","서울 광진구, 인천 연수구"
"2026","11545","금천구","10300","시흥동","1","대지","0976","0001","장수연립","20251228","36900","46.98","53.000000","3","","","1983","연립다세대","중개거래","서울 금천구"
"2026","11590","동작구","10700","사당동","1","대지","1010","0013","태평빌리지","20251228","34320","14.7","9.000000","3","","","2011","연립다세대","중개거래","서울 동작구"
"2026","11530","구로구","10700","개봉동","1","대지","0175","0008","청실","20251228","47500","64.56","0.000000","2","","","1987","아파트","중개거래","서울 구로구"
"2026","11530","구로구","10700","개봉동","1","대지","0476","0000","한마을","20251228","81000","84.57","0.000000","24","","","1999","아파트","직거래",""
"2026","11500","강서구","10900","방화동","1","대지","0891","0000","태승훼미리4차","20251228","65000","79.58","0.000000","5","","","2008","아파트","중개거래","서울 강서구"
"2026","11140","중구","13800","필동2가","1","대지","0084","0006","젬스톤헤리티지","20251228","85000","69.69","49.000000","2","","","2022","연립다세대","직거래",""
"2026","11560","영등포구","13200","신길동","1","대지","0039","0001","(39-1)","20251228","64700","34.77","23.000000","3","","","1993","연립다세대","중개거래","서울 영등포구"
"2026","11620","관악구","10200","신림동","1","대지","0763","0000","한라타운아파트","20251228","59800","79.434","0.000000","11","","","2001","아파트","중개거래","서울 관악구"
"2026","11500","강서구","10100","염창동","1","대지","0293","0000","한강동아","20251228","89900","59.97","0.000000","8","","","1998","아파트","중개거래","서울 강서구"
"2026","11590","동작구","10700","사당동","1","대지","1010","0013","태평빌리지","20251228","72500","39.4","25.000000","2","","","2011","연립다세대","중개거래","서울 서초구"
"2026","11620","관악구","10200","신림동","1","대지","0087","0032","(87-32)","20251228","34200","37.89","23.000000","2","","","2002","연립다세대","중개거래","서울 서초구"
"2026","11380","은평구","10600","대조동","1","대지","0009","0014","주주베에이","20251228","12800","12.25","0.000000","10","","","2014","아파트","중개거래","서울 은평구"
"2026","11215","광진구","10300","구의동","1","대지","0633","0004","진성파크뷰","20251228","40000","34.7","44.470000","4","","","2022","오피스텔","중개거래","서울 강남구"
"2026","11650","서초구","10100","방배동","1","대지","0816","0013","르시엘6차(816-13)","20251228","34500","29.8","21.000000","2","","","2011","연립다세대","중개거래","서울 서초구"
"2026","11740","강동구","10900","천호동","1","대지","0289","0030","도원하늘채","20251228","43500","29.89","20.000000","4","","","2019","연립다세대","중개거래","서울 강동구"
"2026","11590","동작구","10100","노량진동","1","대지","0057","0001","메가스터디타워","20251228","16800","19.277","31.536000","18","","","2015","오피스텔","중개거래","서울 동작구"
"2026","11170","용산구","10100","후암동","1","대지","0399","0003","마이다스빌(Ⅱ)","20251228","74000","64.01","35.000000","2","","","2001","연립다세대","중개거래","서울 용산구"
"2026","11230","동대문구","10200","용두동","1","대지","0796","0000","래미안엘리니티","20251228","165000","84.92","0.000000","18","","20260116","2022","아파트","중개거래","서울 동대문구"
"2026","11710","송파구","11200","오금동","1","대지","0130","0006","대성탑팰리스","20251228","62500","56.55","29.000000","4","","","2022","연립다세대","직거래",""
"2026","11380","은평구","10700","응암동","1","대지","0590","0010","명남스카이뷰","20251228","48300","65.57","81.080000","4","","","2023","오피스텔","직거래",""
"2026","11545","금천구","10300","시흥동","1","대지","0005","0013","삼익","20251228","41650","59.9","0.000000","19","","","1999","아파트","중개거래","서울 금천구"
"2026","11350","노원구","10500","상계동","1","대지","0765","0000","상계주공1(고층)","20251228","54900","59.39","0.000000","11","","","1988","아파트","중개거래","서울 노원구"
"2026","11350","노원구","10500","상계동","1","대지","0670","0000","상계주공9(고층)","20251228","56500","58.01","0.000000","7","","","1988","아파트","중개거래","서울 노원구"
"2026","11710","송파구","11300","거여동","1","대지","0135","0037","삼형아트빌","20251228","34000","42","25.000000","2","","","2002","연립다세대","중개거래","서울 송파구"
"2026","11200","성동구","11100","금호동3가","1","대지","0626","0001","삼성빌33차","20251228","150000","53.56","34.000000","5","","","2015","연립다세대","중개거래","서울 성동구"
"2026","11410","서대문구","11200","대현동","1","대지","0037","0032","영타운 지웰 에스테이트","20251228","18500","20.27","31.440700","2","","","2017","오피스텔","중개거래","서울 서대문구"
"2026","11410","서대문구","11200","대현동","1","대지","0040","0038","이대역 STARGATE","20251228","26500","19.06","29.370000","9","","","2021","오피스텔","중개거래","서울 마포구"
"2026","11530","구로구","10300","가리봉동","1","대지","0110","0005","유송가인빌","20251228","41000","47.12","33.000000","4","","","2021","연립다세대","직거래",""
"2026","11590","동작구","10400","본동","1","대지","0481","0000","신동아","20251228","113000","59.89","0.000000","11","","","1993","아파트","중개거래","서울 용산구"
"2026","11710","송파구","10800","문정동","1","대지","0088","0018","TheVILLEⅡ","20251228","45500","39.93","23.000000","4","","","2017","연립다세대","중개거래","서울 송파구"
"2026","11410","서대문구","12000","남가좌동","1","대지","0385","0000","DMC파크뷰자이1단지","20251228","175000","121.614","0.000000","4","","","2015","아파트","중개거래","서울 서대문구"
"2026","11650","서초구","10100","방배동","1","대지","0764","0043","공작빌라B동","20251228","69500","50.31","28.000000","4","","","1993","연립다세대","중개거래","서울 서초구"
"2026","11545","금천구","10300","시흥동","1","대지","0819","0010","금강파크빌","20251228","25000","37.5","23.000000","4","","","2013","연립다세대","중개거래","서울 금천구"
"2026","11170","용산구","10200","용산동2가","1","대지","0034","0007","남산리버빌","20251228","78000","48.38","36.000000","2","","","2007","연립다세대","중개거래","서울 용산구"
"2026","11545","금천구","10300","시흥동","1","대지","0203","0001","J펠리체","20251228","28700","29.91","21.000000","2","","","2022","연립다세대","중개거래","서울 금천구"
"2026","11470","양천구","10200","목동","1","대지","0740","0026","다나타워팰리스","20251227","23000","42.01","27.000000","3","","","2008","연립다세대","중개거래","서울 양천구"
"2026","11170","용산구","13000","이태원동","","","","","","20251227","105000","79.63","109.000000","","","","2006","단독다가구","중개거래","서울 용산구"
"2026","11500","강서구","10300","화곡동","1","대지","0424","0027","경원홈타운","20251227","17500","45.37","27.000000","3","","","2007","연립다세대","중개거래","서울 강서구"
"2026","11110","종로구","11800","내수동","1","대지","0072","0000","경희궁의 아침 3단지","20251227","31500","37.5","48.950000","5","","","2004","오피스텔","중개거래","서울 종로구"
"2026","11290","성북구","10100","성북동","1","대지","0303","0000","대광하이츠빌라","20251227","34500","48.94","45.000000","2","","","1992","연립다세대","중개거래","서울 성북구"
"2026","11560","영등포구","11300","당산동3가","1","대지","0564","0000","당산계룡리슈빌1단지","20251227","75000","42.02","0.000000","10","","","2014","아파트","중개거래","서울 영등포구"
"2026","11560","영등포구","13200","신길동","","","","","","20251227","84000","142.59","89.000000","","","","1993","단독다가구","중개거래","서울 영등포구"
"2026","11470","양천구","10200","목동","1","대지","0775","0008","다나빌라트2차","20251227","33000","64.41","30.000000","1","","","1997","연립다세대","중개거래","서울 강서구"
"2026","11350","노원구","10500","상계동","1","대지","1355","0000","노원센트럴푸르지오","20251227","102000","84.999","0.000000","18","","","2021","아파트","중개거래","서울 노원구"
"2026","11710","송파구","11400","마천동","","","","","","20251227","81000","24.16","49.000000","","","","1985","단독다가구","중개거래","서울 송파구"
"2026","11710","송파구","10400","송파동","","","","","","20251227","116000","198.45","134.000000","","","","1988","단독다가구","중개거래","서울 송파구"
"2026","11680","강남구","11800","도곡동","1","대지","0953","0001","SK허브프리모","20251227","42000","33.8","0.000000","18","","","2006","아파트","중개거래","서울 강남구"
"2026","11560","영등포구","12000","문래동2가","1","대지","0035","0000","남성","20251227","90000","58.52","0.000000","10","","","1983","아파트","중개거래","서울 구로구"
"2026","11740","강동구","10200","고덕동","1","대지","0541","0002","houzinn","20251227","60000","27.93","25.000000","5","","","2023","연립다세대","직거래",""
"2026","11260","중랑구","10300","중화동","1","대지","0151","0001","w-캐슬","20251227","54800","60.02","37.000000","2","","","2008","연립다세대","중개거래","서울 중랑구"
"2026","11350","노원구","10200","월계동","1","대지","0949","0000","꿈의숲SKVIEW","20251227","80500","59.96","0.000000","13","","","2016","아파트","중개거래","서울 노원구"
"2026","11710","송파구","10700","가락동","1","대지","0054","0000","가락3차쌍용스윗닷홈(103동)","20251227","154000","84.94","0.000000","2","","","2005","아파트","중개거래","서울 송파구"
"2026","11380","은평구","10500","구산동","1","대지","0382","0000","갈현현대","20251227","53800","84.83","0.000000","4","","","1998","아파트","중개거래","서울 은평구"
"2026","11740","강동구","10900","천호동","1","대지","0289","0044","기풍빌리지","20251227","52000","41.27","26.000000","4","","","2020","연립다세대","중개거래","서울 강동구"
"2026","11290","성북구","13800","장위동","1","대지","0231","0372","현대그린맨션","20251227","42800","58.5","35.000000","-1","","","1996","연립다세대","중개거래","서울 성북구"
"2026","11110","종로구","18300","평창동","1","대지","0170","0000","금강주택","20251227","62000","84.95","106.000000","2","","","1992","연립다세대","중개거래","서울 종로구"
"2026","11410","서대문구","11700","연희동","1","대지","0170","0061","금강블루","20251227","22900","28.95","18.000000","5","","","2017","연립다세대","중개거래","서울 서대문구"
"2026","11590","동작구","10600","동작동","1","대지","0331","0000","금강KCC","20251227","131000","84.95","0.000000","3","","","2003","아파트","중개거래","서울 동작구"
"2026","11380","은평구","10600","대조동","1","대지","0088","0000","힐스테이트 메디알레","20251227","136280","84.74","0.000000","6","입주권","","0","아파트","중개거래","서울 은평구"
"2026","11410","서대문구","11000","북아현동","1","대지","0001","0080","그린빌리지","20251227","126800","73.14","35.000000","4","","","2004","연립다세대","중개거래","서울 서대문구"
"2026","11380","은평구","10400","갈현동","1","대지","0517","0037","대륙편안한세상","20251227","15000","43.79","26.000000","5","","","2015","연립다세대","직거래",""
"2026","11215","광진구","10100","중곡동","","","","","","20251227","56000","117.99","68.000000","","","","1991","단독다가구","중개거래","서울 광진구"
"2026","11590","동작구","10500","흑석동","1","대지","0339","0000","흑석한강센트레빌Ⅱ","20251227","215000","84.951","0.000000","1","","","2012","아파트","중개거래","서울 동작구"
"2026","11530","구로구","10200","구로동","1","대지","0098","0004","대림역 와이즈플레이스","20251227","13500","29.847","43.573000","7","","","2012","오피스텔","중개거래","서울 구로구"
"2026","11710","송파구","10500","석촌동","","","","","","20251227","379000","294.11","165.000000","","","","1981","단독다가구","중개거래","서울 강남구"
"2026","11590","동작구","10200","상도동","1","대지","0210","0133","휴먼빌레","20251227","45000","44.29","26.000000","4","","","2013","연립다세대","중개거래","서울 동작구"
"2026","11500","강서구","10100","염창동","1","대지","0268","0000","관음삼성","20251227","101000","114.9","0.000000","2","","","1997","아파트","중개거래","서울 강서구"
"2026","11350","노원구","10600","중계동","1","대지","0360","0015","건영3","20251227","121000","84.9","0.000000","4","","","1995","아파트","중개거래","서울 노원구, 서울 도봉구"
"2026","11290","성북구","13900","석관동","1","대지","0337","0004","곽산아트빌","20251227","26000","44.36","20.000000","-1","","","1992","연립다세대","중개거래","서울 성북구"
"2026","11590","동작구","10800","대방동","1","대지","0391","0319","골든힐(391-319)","20251227","57700","50","31.000000","4","","20260119","2014","연립다세대","중개거래","서울 동작구"
"2026","11590","동작구","10800","대방동","1","대지","0391","0319","골든힐(391-319)","20251227","57700","50","31.000000","4","","","2014","연립다세대","중개거래","서울 동작구"
"2026","11500","강서구","10300","화곡동","1","대지","0936","0001","골든팰리스","20251227","28000","22.57","27.980000","3","","","2024","오피스텔","직거래",""
"2026","11530","구로구","10900","궁동","1","대지","0280","0010","대덕하이츠빌라A동","20251227","14400","39.96","24.000000","2","","","1994","연립다세대","중개거래","서울 구로구"
"2026","11350","노원구","10200","월계동","1","대지","0085","0007","서울원 아이파크","20251227","182271","112.398","0.000000","14","분양권","","0","아파트","중개거래","서울 동대문구"
"2026","11260","중랑구","10100","면목동","1","대지","1545","0000","사가정센트럴아이파크","20251227","132500","84.87","0.000000","7","","","2020","아파트","중개거래","서울 중랑구"
"2026","11590","동작구","10700","사당동","1","대지","0105","0000","사당우성2","20251227","187000","118.25","0.000000","4","","","1993","아파트","중개거래","경기 고양시 덕양구, 서울 송파구"
"2026","11590","동작구","10700","사당동","1","대지","0105","0000","사당우성3","20251227","115000","46.75","0.000000","10","","","1993","아파트","중개거래","서울 동작구"
"2026","11590","동작구","10700","사당동","1","대지","0056","0008","브니엘타워","20251227","46000","43.07","35.000000","2","","","2018","연립다세대","중개거래","서울 서초구"
"2026","11680","강남구","10300","개포동","1","대지","0160","0007","산호빌라(6세대)","20251227","88000","36.84","30.000000","2","","","1988","연립다세대","중개거래","서울 강남구"
"2026","11590","동작구","10200","상도동","1","대지","0263","0002","성대아파트","20251227","104700","78.57","0.000000","5","","","2004","아파트","중개거래","서울 동작구"
"2026","11710","송파구","10400","송파동","1","대지","0161","0000","미성맨션","20251227","220000","84.95","0.000000","2","","","1985","아파트","중개거래","서울 송파구"
"2026","11740","강동구","10900","천호동","1","대지","0110","0003","세림힐하우스","20251227","38200","38.74","23.000000","5","","","2015","연립다세대","직거래",""
"2026","11440","마포구","12700","상암동","1","대지","1734","0000","상암 한화 오벨리스크","20251227","10450","19.93","25.830000","5","","","2013","오피스텔","중개거래","서울 마포구"
"2026","11440","마포구","12500","성산동","1","대지","0592","0005","상암 우남퍼스트빌스타","20251227","16400","16.905","26.783000","20","","","2017","오피스텔","중개거래","서울 마포구"
"2026","11710","송파구","11200","오금동","1","대지","0165","0000","상아2차아파트","20251227","119000","45.77","0.000000","8","","","1988","아파트","중개거래","서울 송파구"
"2026","11650","서초구","10200","양재동","1","대지","0367","0000","서울리치빌","20251227","97000","52.89","30.000000","4","","","2007","연립다세대","중개거래","서울 서초구"
"2026","11200","성동구","11200","금호동4가","1","대지","0235","0000","서울숲2차푸르지오","20251227","293500","114.771","0.000000","8","","","2012","아파트","중개거래","서울 성동구"
"2026","11470","양천구","10200","목동","1","대지","0744","0012","목동펠리스(A동)","20251227","62000","68.73","32.000000","3","","","2004","연립다세대","중개거래","서울 양천구"
"2026","11710","송파구","10300","풍납동","1","대지","0231","0041","삼성아트빌","20251227","50500","45.17","27.000000","2","","","2016","연립다세대","중개거래","서울 송파구"
"2026","11380","은평구","10200","녹번동","1","대지","0076","0045","삼우렉스빌","20251227","25000","26.02","16.000000","2","","","2020","연립다세대","중개거래","서울 은평구"
"2026","11350","노원구","10500","상계동","1","대지","0749","0005","상계주공4(고층)","20251227","57700","49.94","0.000000","11","","","1988","아파트","중개거래","서울 노원구"
"2026","11380","은평구","10700","응암동","1","대지","0760","0000","백련산힐스테이트2차","20251227","86700","84.49","0.000000","12","","","2011","아파트","중개거래","서울 은평구"
"2026","11650","서초구","10800","서초동","1","대지","1582","0003","서초센트럴IPARK","20251227","33500","24.755","38.641100","18","","","2020","오피스텔","중개거래","서울 서초구"
"2026","11350","노원구","10200","월계동","1","대지","0085","0007","서울원 아이파크","20251227","192024","120.646","0.000000","18","분양권","","0","아파트","중개거래","서울 노원구"
"2026","11230","동대문구","10600","장안동","1","대지","0095","0001","장안현대","20251227","72800","95.45","0.000000","1","","","1984","아파트","중개거래","서울 동대문구"
"2026","11230","동대문구","10500","답십리동","1","대지","0498","0007","청계지웰에스테이트","20251227","14000","18.585","0.000000","10","","","2012","아파트","중개거래","서울 동대문구"
"2026","11650","서초구","10800","서초동","1","대지","1315","0000","진흥아파트","20251227","439900","160.46","0.000000","8","","","1979","아파트","중개거래","서울 서초구"
"2026","11230","동대문구","10400","전농동","1","대지","0620","0004","청량리 창보 리버리치2","20251227","19100","19.74","31.974200","12","","","2021","오피스텔","직거래",""
"2026","11230","동대문구","10400","전농동","1","대지","0620","0004","청량리 창보 리버리치2","20251227","19100","19.74","31.974200","11","","","2021","오피스텔","직거래",""
"2026","11230","동대문구","10400","전농동","1","대지","0620","0004","청량리 창보 리버리치2","20251227","19100","19.74","31.974200","11","","","2021","오피스텔","직거래",""
"2026","11380","은평구","10800","역촌동","1","대지","0025","0109","청록빌라","20251227","16000","34.54","15.000000","3","","","1995","연립다세대","중개거래","서울 중랑구"
"2026","11620","관악구","10200","신림동","1","대지","0546","0021","진성빌라타운","20251227","17500","39.08","25.000000","2","","","1991","연립다세대","중개거래","서울 관악구"
"2026","11230","동대문구","10600","장안동","1","대지","0298","0005","청솔타운","20251227","43900","51.1","29.000000","2","","","2016","연립다세대","중개거래","서울 동대문구"
"2026","11305","강북구","10100","미아동","1","대지","0720","0003","탑클래스","20251227","43400","57.87","36.000000","2","","","2017","연립다세대","중개거래","서울 강북구"
"2026","11260","중랑구","10400","묵동","1","대지","0154","0018","정은스카이빌","20251227","52300","84.77","0.000000","3","","","2004","아파트","중개거래","서울 중랑구"
"2026","11230","동대문구","10400","전농동","1","대지","0006","0000","전농우성","20251227","54000","44.24","0.000000","1","","","1992","아파트","중개거래","서울 마포구, 서울 중구"
"2026","11380","은평구","10800","역촌동","1","대지","0011","0067","(11-67)","20251227","17000","39.36","32.000000","1","","","1986","연립다세대","중개거래","서울 은평구"
"2026","11500","강서구","10300","화곡동","1","대지","0452","0006","파크자이빌","20251227","19500","25.7","18.000000","2","","","2020","연립다세대","중개거래","서울 강서구"
"2026","11710","송파구","10800","문정동","1","대지","0618","0000","파크하비오","20251227","46300","48.96","62.050000","5","","","null","오피스텔","중개거래","서울 송파구"
"2026","11710","송파구","10800","문정동","1","대지","0618","0000","파크하비오","20251227","71500","58.84","74.570000","9","","","null","오피스텔","중개거래","서울 송파구"
"2026","11260","중랑구","10100","면목동","1","대지","0177","0045","포시즌","20251227","35900","50.62","26.000000","4","","","2016","연립다세대","중개거래","서울 중랑구"
"2026","11620","관악구","10100","봉천동","1","대지","1000","0000","현대(관악)","20251227","102800","116.72","0.000000","2","","","1992","아파트","중개거래","서울 관악구"
"2026","11710","송파구","10600","삼전동","1","대지","0055","0000","프라이드","20251227","69000","29.66","17.000000","3","","","2020","연립다세대","중개거래","서울 광진구"
"2026","11260","중랑구","10300","중화동","1","대지","0122","0000","이화연립가동","20251227","65000","80.02","78.000000","3","","","1983","연립다세대","중개거래","서울 중랑구"
"2026","11170","용산구","11800","원효로4가","1","대지","0087","0001","이화빌라","20251227","94000","70.32","71.000000","3","","","1984","연립다세대","중개거래","서울 용산구"
"2026","11410","서대문구","11900","북가좌동","1","대지","0481","0000","DMC래미안e편한세상","20251227","163000","120.95","0.000000","27","","","2012","아파트","중개거래","서울 서대문구"
"2026","11410","서대문구","11900","북가좌동","1","대지","0481","0000","DMC래미안e편한세상","20251227","131000","84.92","0.000000","3","","","2012","아파트","중개거래","서울 서대문구"
"2026","11380","은평구","10100","수색동","1","대지","0419","0000","DMCSK뷰아이파크포레","20251227","136000","102.74","0.000000","12","","","2023","아파트","중개거래","서울 은평구"
"2026","11740","강동구","10700","암사동","1","대지","0445","0000","한강포스파크","20251227","120000","113.8","0.000000","2","","","2002","아파트","중개거래","서울 강동구"
"2026","11650","서초구","10100","방배동","1","대지","0890","0035","(890-35)","20251227","52000","29.97","20.000000","2","","","2014","연립다세대","중개거래","서울 서초구"
"2026","11650","서초구","10700","반포동","1","대지","0726","0048","(726-48)","20251227","48000","20.88","16.000000","2","","","1988","연립다세대","중개거래","서울 서초구"
"2026","11290","성북구","13300","정릉동","1","대지","0640","0021","한본빌라","20251227","12000","34.01","32.000000","-1","","","1992","연립다세대","직거래",""
"2026","11230","동대문구","10500","답십리동","1","대지","0530","0017","한성아펠시티","20251227","17700","22.14","31.980000","11","","","2019","오피스텔","중개거래","서울 동대문구"
"2026","11230","동대문구","10500","답십리동","1","대지","0530","0017","한성아펠시티","20251227","17700","22.14","31.980000","11","","","2019","오피스텔","중개거래","서울 동대문구"
"2026","11305","강북구","10200","번동","1","대지","0138","0000","한솔솔파크","20251227","67000","84.88","0.000000","18","","","2005","아파트","중개거래","서울 강북구"
"2026","11710","송파구","11400","마천동","1","대지","0336","0002","(336-2)","20251227","90000","41.61","30.000000","1","","","1986","연립다세대","중개거래","서울 동대문구, 서울 송파구"
"2026","11410","서대문구","12000","남가좌동","1","대지","0329","0014","(329-14)","20251227","34200","74.06","41.000000","1","","","2001","연립다세대","중개거래","서울 은평구"
"2026","11260","중랑구","10200","상봉동","1","대지","0081","0005","한일써너스빌","20251227","89500","84.914","0.000000","25","","","2003","아파트","중개거래","서울 중랑구"
"2026","11260","중랑구","10400","묵동","1","대지","0242","0035","(242-35)","20251227","33000","43.35","29.000000","3","","","2021","연립다세대","직거래",""
"2026","11590","동작구","10700","사당동","1","대지","0232","0000","(232-0)","20251227","20500","21.43","17.000000","2","","","2010","연립다세대","중개거래","서울 동작구"
"2026","11620","관악구","10100","봉천동","1","대지","1687","0030","(1687-30)","20251227","28800","52.3","21.000000","3","","","2001","연립다세대","중개거래","서울 관악구"
"2026","11740","강동구","10900","천호동","1","대지","0167","0120","(167-120)","20251227","25000","39.33","46.848000","4","","","null","오피스텔","중개거래","서울 강동구"
"2026","11230","동대문구","10400","전농동","1","대지","0152","0027","(152-27)","20251227","23000","13.67","14.000000","2","","","2014","연립다세대","중개거래","서울 동대문구"
"2026","11710","송파구","10700","가락동","1","대지","0913","0000","헬리오시티","20251227","291000","84.96","0.000000","7","","","2018","아파트","중개거래","서울 송파구"
"2026","11320","도봉구","10700","창동","1","대지","0373","0000","창동주공4단지","20251227","36800","41.3","0.000000","6","","","1991","아파트","중개거래","경기 성남시 수정구, 서울 도봉구"
"2026","11410","서대문구","11000","북아현동","1","대지","1009","0000","두산","20251227","123500","59.96","0.000000","7","","","1999","아파트","중개거래","서울 서대문구"
"2026","11215","광진구","10200","능동","1","대지","0239","0042","로뎀하우스","20251227","17000","12.74","10.000000","3","","","2009","연립다세대","중개거래","서울 광진구"
"2026","11650","서초구","10800","서초동","1","대지","1445","0004","래미안서초유니빌","20251227","46000","42","0.000000","11","","","2003","아파트","중개거래","서울 서초구"
"2026","11380","은평구","10900","신사동","1","대지","0019","0162","명남더블레스(19-162)","20251227","51500","54.41","0.000000","7","","","2018","아파트","중개거래","서울 은평구"
"2026","11380","은평구","10900","신사동","1","대지","0200","0014","로얄펠리스","20251227","44000","53.07","25.000000","2","","","2017","연립다세대","중개거래","서울 은평구"
"2026","11710","송파구","10100","잠실동","1","대지","0022","0000","리센츠","20251227","355000","84.99","0.000000","21","","","2008","아파트","중개거래","서울 송파구"
"2026","11140","중구","16500","황학동","1","대지","2545","0000","롯데캐슬","20251227","91000","59.91","0.000000","8","","","2008","아파트","중개거래","서울 중구"
"2026","11650","서초구","10800","서초동","1","대지","1359","0050","롯데캐슬쥬피터","20251227","245000","164.05","0.000000","9","","","2003","아파트","중개거래","서울 서초구"
"2026","11215","광진구","10300","구의동","1","대지","0208","0002","리치빌(208-2)","20251227","63000","59.95","33.000000","3","","","2010","연립다세대","중개거래","서울 광진구"
"2026","11440","마포구","10400","도화동","1","대지","0560","0000","마포태영데시앙루브","20251227","67000","70.64","95.610000","16","","20260120","2006","오피스텔","중개거래","서울 마포구"
"2026","11290","성북구","13800","장위동","1","대지","0320","0000","래미안장위퍼스트하이","20251227","110000","59.99","0.000000","25","","","2020","아파트","중개거래","서울 성북구"
"2026","11230","동대문구","10600","장안동","1","대지","0329","0003","래미안장안2차","20251227","109000","81.05","0.000000","8","","","2007","아파트","중개거래","서울 동대문구"
"2026","11680","강남구","10300","개포동","1","대지","1280","0000","래미안블레스티지","20251227","294500","59.897","0.000000","9","","","2019","아파트","중개거래","서울 강남구"
"2026","11500","강서구","10500","마곡동","1","대지","0767","0004","롯데캐슬 르웨스트","20251227","161700","82.038","88.126800","15","","","2024","오피스텔","직거래",""
"2026","11380","은평구","10600","대조동","1","대지","0009","0020","모아아파트(102동)","20251227","32000","28.29","0.000000","11","","","2020","아파트","중개거래","서울 은평구"
"2026","11740","강동구","10600","둔촌동","1","대지","0630","0000","둔촌푸르지오","20251227","155000","84.92","0.000000","16","","","2010","아파트","중개거래","서울 강동구"
"2026","11680","강남구","10600","대치동","1","대지","0916","0044","대치아이디움","20251227","84000","56.36","34.000000","4","","","2016","연립다세대","중개거래","서울 강남구"
"2026","11470","양천구","10200","목동","1","대지","0530","0028","동화빌라","20251227","26500","29.34","22.000000","1","","","1989","연립다세대","중개거래","서울 양천구"
"2026","11440","마포구","10100","아현동","1","대지","0617","0001","마포 에피트 어바닉","20251227","117380","46.243","0.000000","22","분양권","","0","아파트","중개거래","서울 마포구"
"2026","11650","서초구","10800","서초동","1","대지","1559","0010","동원스위트(1단지)","20251227","42800","30.05","18.000000","4","","","2016","연립다세대","중개거래","서울 서초구"
"2026","11650","서초구","10600","잠원동","1","대지","0042","0013","대우아이빌","20251227","65000","34.72","0.000000","3","","","2001","아파트","중개거래","서울 서초구"
"2026","11380","은평구","10300","불광동","1","대지","0331","0137","더리치하우스","20251227","41000","42.76","23.000000","-1","","","2020","연립다세대","중개거래","서울 은평구"
"2026","11500","강서구","10500","마곡동","1","대지","0776","0002","마곡센트럴대방디엠시티오피스텔","20251227","17500","24.021","34.501900","5","","","2017","오피스텔","중개거래","서울 강서구"
"2026","11590","동작구","10200","상도동","1","대지","0211","0402","와이엠시티","20251227","46000","37.33","29.000000","2","","","2022","연립다세대","중개거래","서울 동작구"
"2026","11290","성북구","13600","하월곡동","1","대지","0222","0000","월곡두산위브","20251227","95000","114.752","0.000000","18","","","2003","아파트","중개거래","서울 성북구"
"2026","11410","서대문구","11800","홍은동","1","대지","0010","0183","아르떼빌(10-183)","20251227","24000","29.53","16.000000","3","","","2018","연립다세대","중개거래","서울 서대문구"
"2026","11140","중구","16200","신당동","1","대지","0309","0104","세종맨션","20251227","104000","64.13","30.000000","1","","","1992","연립다세대","중개거래","서울 서초구, 서울 중구"
"2026","11140","중구","16800","순화동","1","대지","0151","0000","순화동더샵","20251227","125000","84.99","0.000000","13","","","2007","아파트","중개거래","서울 중구"
"2026","11380","은평구","10500","구산동","1","대지","0016","0027","수안채","20251227","34000","50.31","30.000000","4","","","2016","연립다세대","중개거래","서울 은평구"
"2026","11560","영등포구","11000","여의도동","1","대지","0015","0014","여의도 프리베로 오피스텔","20251227","19000","31.47","43.970000","11","","","2004","오피스텔","중개거래","서울 영등포구"
"2026","11620","관악구","10100","봉천동","1","대지","0877","0017","수광빌라(877-17)","20251227","34000","47.52","23.000000","3","","","1995","연립다세대","중개거래","서울 관악구"
"2026","11560","영등포구","12500","양평동1가","1","대지","0194","0001","우성하임","20251227","38300","29.91","17.000000","4","","","2019","연립다세대","중개거래","서울 영등포구"
"2026","11290","성북구","13500","종암동","1","대지","0010","0106","우성하우스빌","20251227","32500","55.12","25.000000","4","","","1999","연립다세대","중개거래","서울 동대문구, 서울 성북구"
"2026","11140","중구","13400","인현동2가","1","대지","0240","0000","세운푸르지오헤리시티","20251227","38000","29.456","0.000000","4","","","2023","아파트","직거래",""
"2026","11740","강동구","10900","천호동","1","대지","0133","0029","원아리움","20251227","62500","48.17","26.000000","4","","","2022","연립다세대","직거래",""
"2026","11560","영등포구","11800","도림동","1","대지","0820","0000","쌍용플래티넘시티1단지","20251227","57300","62.88","75.980000","15","","","2006","오피스텔","중개거래","서울 영등포구"
"2026","11260","중랑구","10100","면목동","1","대지","1077","0001","용마한신","20251227","37500","35.44","0.000000","3","","","1990","아파트","중개거래","서울 중랑구"
"2026","11500","강서구","10500","마곡동","1","대지","0793","0004","엘리안","20251227","13400","22.23","32.730000","7","","","2015","오피스텔","중개거래","서울 강서구"
"2026","11440","마포구","10900","염리동","1","대지","0520","0000","염리삼성래미안","20251227","194000","84.96","0.000000","15","","","2001","아파트","중개거래","서울 마포구"
"2026","11260","중랑구","10100","면목동","1","대지","0173","0066","스카이빌","20251227","36700","52.04","30.000000","5","","","2008","연립다세대","중개거래","서울 중랑구"
"2026","11710","송파구","10300","풍납동","1","대지","0401","0001","쌍용","20251227","149000","84.85","0.000000","5","","","1994","아파트","중개거래","서울 송파구"
"2026","11215","광진구","10100","중곡동","1","대지","0035","0010","웰빙","20251227","70000","83.43","0.000000","7","","","2007","아파트","중개거래","서울 광진구"
"2026","11200","성동구","10700","행당동","1","대지","0287","0015","왕십리역이스타빌","20251227","22000","26.22","37.520000","5","","","2006","오피스텔","중개거래","서울 성동구"
"2026","11290","성북구","13800","장위동","1","대지","0066","0271","스마트빌","20251227","54000","29.84","18.000000","3","","","2022","연립다세대","중개거래","서울 성북구, 서울 은평구"
"2026","11710","송파구","10800","문정동","1","대지","0150","0000","올림픽훼밀리타운","20251227","277000","117.585","0.000000","9","","","1988","아파트","중개거래","서울 송파구"
"2026","11200","성동구","10500","마장동","1","대지","0820","0000","왕십리금호어울림","20251227","155000","84.97","0.000000","15","","","2006","아파트","중개거래","서울 성동구"
"2026","11410","서대문구","12000","남가좌동","1","대지","0346","0009","유성빌라에이동","20251227","16500","31.32","23.000000","1","","","1986","연립다세대","중개거래","서울 서대문구"
"2026","11290","성북구","13300","정릉동","1","대지","0716","0063","솔샘레몬트리","20251227","26500","49.98","40.000000","4","","","2014","연립다세대","중개거래","서울 성북구"
"2026","11710","송파구","11400","마천동","1","대지","0021","0000","송파건원여미지아파트","20251227","72000","51.764","0.000000","10","","","2018","아파트","중개거래","서울 송파구"
"2026","11740","강동구","10200","고덕동","1","대지","0486","0000","아남1","20251227","149000","84.91","0.000000","10","","","1996","아파트","중개거래","서울 강동구, 서울 동대문구"
"2026","11620","관악구","10100","봉천동","1","대지","0180","0336","우월그린빌리지","20251227","29500","68.74","40.000000","1","","","1996","연립다세대","중개거래","서울 관악구"
"2026","11560","영등포구","13200","신길동","1","대지","0059","0002","엔-씨티오피스텔","20251227","13400","27.72","39.390000","9","","","2000","오피스텔","중개거래","서울 영등포구"
"2026","11215","광진구","10300","구의동","1","대지","0241","0047","아너스빌(241-47)","20251226","60000","59.99","31.000000","3","","","2015","연립다세대","중개거래","서울 광진구"
"2026","11560","영등포구","12500","양평동1가","1","대지","0265","0001","영등포자이 디그니티","20251226","152000","59.996","0.000000","16","입주권","","0","아파트","중개거래","서울 영등포구"
"2026","11650","서초구","10800","서초동","1","대지","1337","0002","아크로텔 강남역","20251226","20400","19.399","27.330000","13","","","2016","오피스텔","중개거래","서울 서초구"
"2026","11590","동작구","10900","신대방동","1","대지","0601","0035","신대방빌","20251226","17000","16","9.000000","4","","","2012","연립다세대","중개거래","서울 동작구"
"2026","11170","용산구","10700","동자동","1","대지","0045","0000","센트레빌아스테리움서울","20251226","95000","78.13","135.010000","14","","","2013","오피스텔","중개거래","서울 용산구"
"2026","11350","노원구","10500","상계동","1","대지","1272","0000","수락현대","20251226","59000","84.87","0.000000","8","","","1995","아파트","중개거래","서울 노원구"
"2026","11500","강서구","10100","염창동","1","대지","0297","0000","월드메르디앙","20251226","103500","84.98","0.000000","5","","","2004","아파트","중개거래","서울 강서구"
"2026","11305","강북구","10100","미아동","1","대지","0061","0005","신흥","20251226","45500","39.87","27.000000","1","","","1978","연립다세대","중개거래","서울 강북구, 서울 성북구"
"2026","11260","중랑구","10600","신내동","1","대지","0657","0000","신내9진흥","20251226","48000","49.93","0.000000","10","","","1996","아파트","중개거래","서울 중랑구"
"2026","11500","강서구","10200","등촌동","1","대지","0656","0036","아이디움","20251226","9500","17.31","23.970000","6","","","2014","오피스텔","중개거래","서울 강서구"
"2026","11710","송파구","10100","잠실동","1","대지","0175","0012","올림픽타워","20251226","55000","56.43","84.040000","10","","","2004","오피스텔","중개거래","서울 송파구"
"2026","11380","은평구","10800","역촌동","1","대지","0030","0011","수현프리모","20251226","25000","29.77","18.000000","4","","","2019","연립다세대","중개거래","서울 은평구"
"2026","11710","송파구","10700","가락동","1","대지","0097","0008","이연파레스","20251226","120000","96","0.000000","5","","","1999","아파트","직거래",""
"2026","11620","관악구","10200","신림동","1","대지","0398","0001","신창빌라","20251226","64000","32.22","28.000000","1","","","1991","연립다세대","중개거래","서울 관악구"
"2026","11200","성동구","10200","하왕십리동","1","대지","1070","0000","센트라스","20251226","200000","59.95","0.000000","7","","","2016","아파트","중개거래","서울 성동구"
"2026","11500","강서구","10300","화곡동","1","대지","0970","0013","유로빌(970-13)","20251226","27900","73.44","39.000000","2","","","2002","연립다세대","중개거래","서울 강서구"
"2026","11200","성동구","11300","옥수동","1","대지","0528","0000","옥수파크힐스101동~116동","20251226","270000","84.3","0.000000","2","","","2016","아파트","중개거래","서울 마포구"
"2026","11290","성북구","13800","장위동","1","대지","0068","0905","신세기빌","20251226","65000","54.76","29.000000","2","","","2002","연립다세대","중개거래","서울 성북구"
"2026","11110","종로구","18200","구기동","1","대지","0216","0006","풍림빌라(가,나동)","20251226","170000","238.96","292.000000","3","","","1992","연립다세대","중개거래","서울 강남구"
"2026","11110","종로구","17400","창신동","1","대지","0023","0008","(23-8)","20251226","41500","38.3","24.000000","1","","","1990","연립다세대","중개거래","경기 안성시, 서울 종로구"
"2026","11500","강서구","10900","방화동","1","대지","0319","0025","치현태청그린타운C동","20251226","24500","51","23.000000","2","","","2002","연립다세대","중개거래","서울 강서구"
"2026","11305","강북구","10100","미아동","1","대지","1264","0150","(1264-150)","20251226","65500","50.82","36.000000","1","","","2002","연립다세대","중개거래","서울 강북구"
"2026","11530","구로구","10200","구로동","1","대지","0466","0020","하이빌5차","20251226","32500","51.26","38.000000","3","","","2017","연립다세대","중개거래","서울 구로구"
"2026","11140","중구","16200","신당동","1","대지","0852","0000","청구e편한세상","20251226","228000","147.89","0.000000","8","","","2011","아파트","중개거래","서울 중구"
"2026","11260","중랑구","10300","중화동","1","대지","0450","0000","한신아파트상가동유치원동(103~109)","20251226","72000","59.76","0.000000","9","","","1997","아파트","중개거래","서울 강남구"
"2026","11710","송파구","10500","석촌동","1","대지","0251","0013","(251-13)","20251226","37000","50.79","25.000000","2","","","2004","연립다세대","중개거래","서울 송파구"
"2026","11710","송파구","10100","잠실동","1","대지","0019","0000","잠실엘스","20251226","294000","59.96","0.000000","5","","","2008","아파트","중개거래","서울 송파구"
"2026","11620","관악구","10100","봉천동","1","대지","0635","0142","(635-142)","20251226","10000","33.57","24.000000","-1","","","1988","연립다세대","중개거래","서울 관악구"
"2026","11440","마포구","10400","도화동","1","대지","0347","0133","(347-133)","20251226","34000","31.01","17.000000","4","","","2008","연립다세대","중개거래","서울 마포구"
"2026","11500","강서구","10300","화곡동","1","대지","0073","0017","한성아트빌A동","20251226","17500","42.43","25.000000","4","","","2002","연립다세대","중개거래","서울 강서구"
"2026","11440","마포구","10200","공덕동","1","대지","0404","0000","풍림브이아이피텔","20251226","16200","35.8","35.800000","9","","","1990","오피스텔","직거래",""
"2026","11110","종로구","17400","창신동","1","대지","0023","0816","창신이수","20251226","81300","68.06","0.000000","9","","","2003","아파트","중개거래","서울 종로구"
"2026","11740","강동구","10900","천호동","1","대지","0047","0033","태양빌라","20251226","34500","66.03","36.000000","2","","","2002","연립다세대","중개거래","서울 강동구"
"2026","11110","종로구","18700","무악동","1","대지","0082","0000","현대","20251226","139970","84.92","0.000000","10","","","2000","아파트","중개거래","서울 종로구"
"2026","11740","강동구","10700","암사동","1","대지","0413","0000","프라이어팰리스","20251226","172500","84.949","0.000000","20","","","2007","아파트","중개거래","경기 시흥시, 서울 강동구"
"2026","11200","성동구","10600","사근동","1","대지","0199","0000","중앙하이츠","20251226","80000","71.85","0.000000","15","","","1989","아파트","중개거래","서울 성동구"
"2026","11140","중구","16300","흥인동","1","대지","0013","0001","청계천 두산위브더제니스","20251226","39000","46.735","63.551400","18","","","2014","오피스텔","중개거래","서울 중구"
"2026","11590","동작구","10200","상도동","1","대지","0244","0186","장안골드빌라가동","20251226","76000","77.83","45.000000","2","","","1993","연립다세대","중개거래","서울 동작구"
"2026","11260","중랑구","10100","면목동","1","대지","0142","0010","(142-10)","20251226","39900","53.21","28.000000","2","","","2019","연립다세대","중개거래","서울 중랑구"
"2026","11350","노원구","10300","공릉동","1","대지","0758","0000","태릉해링턴플레이스","20251226","90000","59.98","0.000000","8","","","2022","아파트","중개거래","서울 노원구"
"2026","11440","마포구","10200","공덕동","1","대지","0404","0000","풍림브이아이피텔","20251226","14300","30.89","30.890000","9","","","1990","오피스텔","직거래",""
"2026","11560","영등포구","11100","당산동1가","1","대지","0256","0215","한울파크빌","20251226","32500","28.57","19.000000","4","","","2015","연립다세대","중개거래","서울 마포구"
"2026","11350","노원구","10400","하계동","1","대지","0284","0000","한신1","20251226","50000","44.52","0.000000","10","","","1988","아파트","중개거래","서울 노원구"
"2026","11680","강남구","11400","일원동","1","대지","0649","0008","649-8","20251226","75000","24.8","20.000000","2","","","2020","연립다세대","중개거래","서울 강남구"
"2026","11350","노원구","10300","공릉동","1","대지","0222","0004","하늘공원아파트(102동)","20251226","50000","84.8","0.000000","3","","","2007","아파트","중개거래","서울 노원구"
"2026","11350","노원구","10200","월계동","1","대지","0477","0009","테라팰리스2","20251226","45500","72.288","46.000000","3","","","2023","연립다세대","중개거래","서울 동대문구"
"2026","11110","종로구","16600","연건동","1","대지","0206","0000","대보마로니에텔","20251226","19700","26.52","34.840000","12","","","2001","오피스텔","중개거래","서울 종로구"
"2026","11380","은평구","10100","수색동","1","대지","0417","0000","DMC롯데캐슬더퍼스트","20251226","110000","59.96","0.000000","11","","","2021","아파트","중개거래","서울 마포구, 서울 은평구"
"2026","11545","금천구","10200","독산동","1","대지","0972","0007","JJ팰리스3차","20251226","47200","51.85","38.000000","2","","","2023","연립다세대","중개거래","서울 금천구"
"2026","11320","도봉구","10600","방학동","1","대지","0720","0001","대상타운현대아파트","20251226","69500","60","0.000000","17","","","2001","아파트","중개거래","서울 도봉구"
"2026","11710","송파구","10700","가락동","1","대지","0140","0000","가락(1차)쌍용아파트","20251226","196000","59.92","0.000000","10","","","1997","아파트","중개거래","서울 강남구, 서울 송파구"
"2026","11170","용산구","13000","이태원동","","","","","","20251226","604200","238.25","235.000000","","","","1970","단독다가구","중개거래","서울 용산구"
"2026","11650","서초구","10100","방배동","1","대지","2877","0021","다솜빌","20251226","69500","75.66","59.000000","1","","","2017","연립다세대","중개거래","서울 서초구"
"2026","11440","마포구","10400","도화동","1","대지","0036","0000","고려아카데미텔","20251226","16750","20.25","20.250000","6","","","1988","오피스텔","중개거래","서울 마포구"
"2026","11290","성북구","13400","길음동","1","대지","1284","0000","길음뉴타운8단지(래미안)","20251226","123000","84.82","0.000000","8","","","2010","아파트","중개거래","서울 성북구"
"2026","11200","성동구","11800","송정동","","","","","","20251226","120000","152.1","102.000000","","","","1986","단독다가구","중개거래","서울 성동구"
"2026","11350","노원구","10500","상계동","1","대지","1410","0000","노원롯데캐슬시그니처","20251226","116500","84.997","0.000000","18","","","2023","아파트","중개거래","서울 노원구"
"2026","11680","강남구","10800","논현동","1","대지","0205","0002","논현동한화꿈에그린","20251226","117000","67.671","0.000000","5","","","2005","아파트","중개거래","서울 강남구"
"2026","11305","강북구","10100","미아동","","","","","","20251226","85000","208.39","118.000000","","","","1989","단독다가구","중개거래","서울 강북구, 서울 성북구"
"2026","11500","강서구","10300","화곡동","1","대지","0807","0006","MVILEE12","20251226","41800","56.95","31.000000","4","","","2025","연립다세대","직거래",""
"2026","11560","영등포구","13200","신길동","","","","","","20251226","128000","182.4","126.000000","","","","1990","단독다가구","중개거래","서울 영등포구"
"2026","11200","성동구","11100","금호동3가","1","대지","1662","0000","금호한신","20251226","150000","84.96","0.000000","1","","","2005","아파트","중개거래","서울 성동구"
"2026","11230","동대문구","10300","제기동","1","대지","0757","0012","건영스타밸리","20251226","66000","63.06","0.000000","3","","","2021","아파트","중개거래","서울 동대문구"
"2026","11530","구로구","10700","개봉동","1","대지","0501","0000","호반써밋개봉","20251226","79900","59.927","0.000000","16","","20260120","2024","아파트","중개거래","서울 구로구"
"2026","11530","구로구","10700","개봉동","1","대지","0501","0000","호반써밋개봉","20251226","79900","59.927","0.000000","16","","","2024","아파트","중개거래","서울 구로구"
"2026","11215","광진구","10400","광장동","1","대지","0182","0014","강변빌라(182-14)","20251226","30000","38.56","23.000000","3","","","2014","연립다세대","중개거래","서울 광진구"
"2026","11170","용산구","10100","후암동","1","대지","0423","0001","후암미주","20251226","100000","62.78","0.000000","6","","","1980","아파트","중개거래","서울 용산구"
"2026","11620","관악구","10300","남현동","1","대지","1139","0000","관악산대창센시티2차","20251226","83000","84.97","0.000000","9","","20260109","2008","아파트","중개거래","서울 관악구"
"2026","11230","동대문구","10300","제기동","","","","","","20251226","27700","79.2","39.000000","","","","1978","단독다가구","중개거래","서울 동대문구"
"2026","11620","관악구","10200","신림동","","","","","","20251226","307286","504.57","289.000000","","","","1996","단독다가구","중개거래","서울 서초구"
"2026","11350","노원구","10400","하계동","1","대지","0271","0003","극동","20251226","53000","55.72","0.000000","2","","","1988","아파트","중개거래","서울 노원구"
"2026","11305","강북구","10300","수유동","1","대지","0480","0023","Hhome","20251226","26000","42.27","25.000000","4","","","2018","연립다세대","중개거래","서울 강북구"
"2026","11620","관악구","10200","신림동","","","","","","20251226","307286","504.57","289.000000","","","20260121","1996","단독다가구","중개거래","서울 서초구"
"2026","11560","영등포구","13300","대림동","1","대지","0754","0015","그린스테이","20251226","36250","42.69","26.000000","3","","","2016","연립다세대","중개거래","서울 영등포구"
"2026","11620","관악구","10100","봉천동","1","대지","0063","0069","강성빌라","20251226","18000","29.66","17.000000","1","","","1991","연립다세대","중개거래","서울 관악구"
"2026","11620","관악구","10300","남현동","1","대지","1139","0000","관악산대창센시티2차","20251226","83000","84.97","0.000000","9","","","2008","아파트","중개거래","서울 관악구"
"2026","11440","마포구","12200","합정동","1","대지","0438","0001","홍익솔루체","20251226","53000","37.77","24.000000","4","","","2019","연립다세대","중개거래","서울 마포구"
"2026","11500","강서구","10300","화곡동","1","대지","0899","0027","GMValley","20251226","23200","25.94","0.000000","11","","","2018","아파트","중개거래","서울 강서구"
"2026","11545","금천구","10300","시흥동","1","대지","0790","0015","대광파크","20251226","24300","44.13","24.000000","4","","","2012","연립다세대","중개거래","서울 금천구"
"2026","11680","강남구","10300","개포동","1","대지","0185","0000","개포주공6단지","20251226","330000","60.13","0.000000","3","","","1983","아파트","중개거래","서울 강남구"
"2026","11260","중랑구","10100","면목동","","","","","","20251226","58900","164.26","102.000000","","","","1992","단독다가구","중개거래","서울 중랑구"
"2026","11320","도봉구","10500","쌍문동","1","대지","0073","0000","경남","20251226","29000","44.5","0.000000","9","","","1988","아파트","중개거래","서울 도봉구"
"2026","11440","마포구","10200","공덕동","1","대지","0371","0000","공덕1삼성래미안","20251226","198000","84.94","0.000000","19","","","1999","아파트","중개거래","서울 마포구"
"2026","11200","성동구","11500","성수동2가","","","","","","20251226","416500","296.58","139.000000","","","","1996","단독다가구","중개거래","서울 성동구"
"2026","11380","은평구","10200","녹번동","1","대지","0168","0003","경일빌라(168-3)","20251226","35500","46.98","23.000000","4","","","1999","연립다세대","중개거래","서울 은평구"
"2026","11530","구로구","10200","구로동","1","대지","0110","0005","구로하우비","20251226","49500","98.99","136.830000","10","","","2004","오피스텔","중개거래","서울 구로구"
"2026","11440","마포구","10200","공덕동","1","대지","0371","0000","공덕1삼성래미안","20251226","164000","59.74","0.000000","11","","","1999","아파트","중개거래","서울 마포구"
"2026","11200","성동구","12200","용답동","1","대지","0226","0004","YM프라젠","20251226","68000","59.94","0.000000","3","","","2007","아파트","중개거래","서울 성동구"
"2026","11170","용산구","10200","용산동2가","","","","","","20251226","95000","199.52","72.000000","","","","2007","단독다가구","중개거래","서울 용산구"
"2026","11110","종로구","11500","사직동","1","대지","0009","0000","광화문 스페이스본","20251226","42300","39.54","53.520000","7","","","2008","오피스텔","중개거래","서울 종로구"
"2026","11590","동작구","10700","사당동","1","대지","0169","0008","대림(169-8)","20251226","169000","84.91","0.000000","5","","","1990","아파트","중개거래","서울 강남구, 서울 동작구"
"2026","11215","광진구","10400","광장동","1","대지","0350","0003","나폴리움","20251226","49000","42.99","35.000000","4","","","2015","연립다세대","중개거래","서울 광진구"
"2026","11620","관악구","10100","봉천동","1","대지","0041","0150","브라운하우스","20251226","40000","41.36","25.000000","2","","","2013","연립다세대","중개거래","서울 관악구"
"2026","11305","강북구","10300","수유동","1","대지","0491","0083","설악빌라(491-83)","20251226","21000","43.88","33.000000","1","","","2019","연립다세대","중개거래","서울 강북구"
"2026","11650","서초구","10900","내곡동","1","대지","0384","0000","서초포레스타2단지","20251226","155000","59.21","0.000000","17","","","2015","아파트","중개거래","서울 서초구"
"2026","11650","서초구","10100","방배동","1","대지","0770","0001","삼호1동~3동","20251226","279000","116.13","0.000000","11","","","1975","아파트","중개거래","서울 서초구"
"2026","11350","노원구","10500","상계동","1","대지","1283","0000","성원상떼빌","20251226","47000","59.93","0.000000","11","","","1999","아파트","중개거래","서울 노원구"
"2026","11440","마포구","12500","성산동","1","대지","0200","0083","성산그린빌라","20251226","48500","60.5","31.000000","2","","","1991","연립다세대","중개거래","서울 마포구"
"2026","11350","노원구","10400","하계동","1","대지","0280","0000","미성","20251226","74500","72.17","0.000000","9","","","1989","아파트","중개거래","서울 노원구"
"2026","11320","도봉구","10700","창동","1","대지","0657","0188","보람맨션","20251226","19800","46.52","25.000000","4","","","1997","연립다세대","중개거래","서울 도봉구"
"2026","11350","노원구","10300","공릉동","1","대지","0714","0000","삼익4단지아파트","20251226","37500","39.6","0.000000","7","","","1994","아파트","중개거래","서울 노원구"
"2026","11470","양천구","10200","목동","1","대지","0917","0000","목동파라곤","20251226","134000","70.68","83.180000","30","","","2004","오피스텔","중개거래","서울 양천구"
"2026","11305","강북구","10100","미아동","1","대지","0080","0041","설악빌라(80-41)","20251226","39700","49.99","31.000000","4","","","2015","연립다세대","중개거래","서울 강북구"
"2026","11440","마포구","12500","성산동","1","대지","0030","0021","백송아트빌","20251226","31200","28.89","15.000000","2","","","2017","연립다세대","중개거래","서울 마포구"
"2026","11290","성북구","13800","장위동","1","대지","0068","0058","성준팰리스(장위초2)B","20251226","73000","55.81","34.000000","5","","","2019","연립다세대","중개거래","서울 성북구"
"2026","11500","강서구","10300","화곡동","1","대지","1104","0013","미래스타빌(1104-13)","20251226","24800","47.28","22.000000","5","","","2014","연립다세대","중개거래","서울 강서구, 서울 중랑구"
"2026","11290","성북구","12000","동선동5가","1","대지","0172","0020","반석빌","20251226","15000","29.23","22.000000","1","","","2014","연립다세대","직거래",""
"2026","11320","도봉구","10700","창동","1","대지","0700","0052","석정빌라(가)","20251226","25000","59.52","30.000000","1","","","1996","연립다세대","중개거래","서울 도봉구"
"2026","11620","관악구","10100","봉천동","1","대지","1716","0000","벽산타운II","20251226","73000","79.28","0.000000","15","","","2003","아파트","직거래",""
"2026","11620","관악구","10100","봉천동","1","대지","0869","0006","서울대역마에스트로","20251226","19100","20.52","0.000000","18","","","2012","아파트","중개거래","서울 관악구"
"2026","11290","성북구","13500","종암동","1","대지","0046","0098","성도아트빌나동","20251226","34500","53.31","27.000000","1","","","2002","연립다세대","중개거래","서울 성북구"
"2026","11440","마포구","12500","성산동","1","대지","0591","0006","상암 퍼스티지 더올림 오피스텔","20251226","14800","17.14","25.950000","6","","","2018","오피스텔","중개거래","서울 마포구"
"2026","11350","노원구","10400","하계동","1","대지","0280","0000","미성","20251226","65000","57.97","0.000000","7","","","1989","아파트","중개거래","서울 노원구, 서울 동대문구"
"2026","11680","강남구","10300","개포동","1","대지","0013","0003","대청타워","20251226","21000","32.441","45.481000","13","","","1997","오피스텔","중개거래","서울 강남구"
"2026","11290","성북구","10300","돈암동","1","대지","0644","0000","돈암코오롱하늘채","20251226","94000","59.934","0.000000","16","","","2016","아파트","중개거래","서울 성북구"
"2026","11260","중랑구","10200","상봉동","1","대지","0190","0019","덕성쉐르빌","20251226","34500","50.97","28.000000","4","","","2004","연립다세대","중개거래","서울 중랑구"
"2026","11440","마포구","10800","대흥동","1","대지","0806","0000","마포그랑자이(임대)","20251226","232000","39.99","0.000000","14","","","2020","아파트","중개거래","서울 마포구"
"2026","11320","도봉구","10800","도봉동","1","대지","0655","0000","래미안도봉","20251226","59000","59.25","0.000000","17","","","2005","아파트","중개거래","서울 도봉구"
"2026","11380","은평구","10700","응암동","1","대지","0358","0008","동산제이콥스","20251226","35000","58.48","46.000000","3","","","2022","연립다세대","중개거래","서울 은평구"
"2026","11560","영등포구","13200","신길동","1","대지","0463","0011","더하우스(463-11)","20251226","45000","16.8","12.000000","3","","","2018","연립다세대","중개거래","서울 영등포구"
"2026","11110","종로구","12400","수송동","1","대지","0058","0000","두산위브파빌리온","20251226","59000","66.41","89.080000","6","","","2004","오피스텔","중개거래","서울 종로구"
"2026","11170","용산구","12100","용문동","1","대지","0038","0177","라플라메177","20251226","59000","25.71","17.000000","4","","","2025","연립다세대","중개거래","서울 용산구"
"2026","11470","양천구","10200","목동","1","대지","0961","0000","목동 현대 하이페리온2","20251226","122000","63.718","82.832000","8","","","2006","오피스텔","중개거래","서울 양천구"
"2026","11680","강남구","10100","역삼동","1","대지","0778","0013","더프라나역삼","20251226","59500","29.75","18.000000","2","","","2021","연립다세대","중개거래","서울 강남구"
"2026","11680","강남구","10800","논현동","1","대지","0275","0000","동부센트레빌","20251226","235000","84.987","0.000000","6","","","2003","아파트","중개거래","서울 강남구"
"2026","11500","강서구","10500","마곡동","1","대지","0738","0000","마곡엠밸리4단지","20251226","162000","84.85","0.000000","11","","","2014","아파트","중개거래","서울 강서구"
"2026","11380","은평구","10800","역촌동","1","대지","0072","0001","모라도쉐르빌(A동)","20251226","30500","69.12","37.000000","5","","","2005","연립다세대","중개거래","서울 은평구"
"2026","11560","영등포구","12400","문래동6가","1","대지","0047","0001","대원","20251226","97000","106.41","0.000000","4","","","1998","아파트","중개거래","서울 강서구, 서울 영등포구"
"2026","11680","강남구","10100","역삼동","1","대지","0824","0025","대우디오빌플러스","20251226","43200","43.99","0.000000","7","","","2004","아파트","중개거래","서울 강남구"
"2026","11620","관악구","10100","봉천동","1","대지","1692","0028","로얄팰리스B동","20251226","40000","53.25","33.000000","1","","","2016","연립다세대","중개거래","서울 관악구"
"2026","11290","성북구","13500","종암동","1","대지","0003","0952","로얄팰리스","20251226","27000","26.82","17.000000","3","","","2017","연립다세대","중개거래","서울 성북구"
"2026","11440","마포구","12300","망원동","1","대지","0521","0000","마포한강아이파크","20251226","168000","84.553","0.000000","15","","","2019","아파트","중개거래","서울 마포구"
"2026","11140","중구","12500","충무로2가","1","대지","0048","0002","명동 엠퍼스트플레이스","20251226","23300","20.84","31.400000","9","","","2007","오피스텔","중개거래","서울 중구"
"2026","11260","중랑구","10500","망우동","1","대지","0508","0006","더하이어","20251226","10000","12.015","0.000000","11","","","2013","아파트","중개거래","서울 중랑구"
"2026","11440","마포구","10300","신공덕동","1","대지","0005","0038","모던하우스","20251226","35500","28.85","20.000000","3","","","2019","연립다세대","중개거래","서울 마포구"
"2026","11230","동대문구","10400","전농동","1","대지","0690","0000","래미안크레시티","20251226","178000","121.93","0.000000","5","","","2014","아파트","중개거래","서울 동대문구"
"2026","11710","송파구","10400","송파동","1","대지","0143","0001","동광팰리스","20251226","31000","25.46","17.000000","5","","","2016","연립다세대","중개거래","서울 송파구"
"2026","11470","양천구","10200","목동","1","대지","0923","0015","목동 굿모닝탑","20251225","165000","112.998","131.608000","13","","","2004","오피스텔","중개거래","서울 양천구"
"2026","11650","서초구","10700","반포동","1","대지","0018","0001","래미안퍼스티지","20251225","408000","59.96","0.000000","2","","","2009","아파트","중개거래","서울 서초구"
"2026","11440","마포구","12100","동교동","1","대지","0156","0002","마젤란21 오피스텔","20251225","23500","37.17","51.650000","14","","","2002","오피스텔","중개거래","서울 마포구"
"2026","11440","마포구","12000","서교동","1","대지","0394","0025","동양한강트레벨","20251225","17500","29.09","39.580000","11","","","2004","오피스텔","중개거래","서울 마포구"
"2026","11410","서대문구","11800","홍은동","1","대지","0191","0032","동아그린빌","20251225","33500","82.22","34.000000","5","","","2011","연립다세대","중개거래","서울 서대문구"
"2026","11680","강남구","10300","개포동","1","대지","1280","0000","래미안블레스티지","20251225","460000","126.928","0.000000","9","","","2019","아파트","중개거래","서울 강남구"
"2026","11470","양천구","10200","목동","1","대지","0531","0008","금강파크(531-8)","20251225","38000","56.52","33.000000","4","","","2006","연립다세대","중개거래","서울 양천구"
"2026","11500","강서구","10900","방화동","1","대지","0819","0000","개화","20251225","78500","101.86","0.000000","13","","","1994","아파트","중개거래","서울 강서구"
"2026","11710","송파구","10300","풍납동","1","대지","0261","0000","현대리버빌2지구","20251225","60000","40.95","0.000000","7","","","1999","아파트","중개거래","서울 송파구"
"2026","11500","강서구","10300","화곡동","1","대지","0350","0018","황보아트빌","20251225","28700","41.505","25.000000","2","","","2016","연립다세대","중개거래","서울 강서구"
"2026","11380","은평구","10300","불광동","","","","","","20251225","93452","149.22","109.000000","","","","1993","단독다가구","중개거래","서울 은평구"
"2026","11680","강남구","10600","대치동","1","대지","0933","0038","현대빌라B","20251225","155500","79.77","86.000000","2","","","1988","연립다세대","중개거래","서울 강남구"
"2026","11740","강동구","10900","천호동","1","대지","0051","0002","OK빌라2","20251225","35000","59.97","32.000000","4","","","1994","연립다세대","중개거래","서울 강동구"
"2026","11410","서대문구","11700","연희동","1","대지","0721","0006","흥연","20251225","48000","52.23","0.000000","4","","","1981","아파트","중개거래","서울 서대문구"
"2026","11500","강서구","10500","마곡동","1","대지","0797","0014","힐스테이트에코마곡","20251225","18500","24.46","24.460000","12","","","2016","오피스텔","중개거래","서울 강서구"
"2026","11710","송파구","10100","잠실동","1","대지","0312","0023","valuevill","20251225","47000","37.28","18.000000","3","","","2002","연립다세대","중개거래","서울 송파구"
"2026","11230","동대문구","10300","제기동","","","","","","20251225","110000","251.25","98.000000","","","","1960","단독다가구","중개거래","서울 동대문구"
"2026","11380","은평구","10600","대조동","1","대지","0088","0000","힐스테이트 메디알레","20251225","128735","74.84","0.000000","8","입주권","","0","아파트","중개거래","서울 은평구"
"2026","11740","강동구","10200","고덕동","1","대지","0210","0001","고덕센트럴푸르지오","20251225","144000","59.06","0.000000","36","","","2020","아파트","중개거래","서울 강동구"
"2026","11470","양천구","10200","목동","1","대지","0748","0017","영재아트빌(A동)","20251225","19500","57.53","26.000000","-1","","","2003","연립다세대","중개거래","서울 양천구"
"2026","11590","동작구","10200","상도동","1","대지","0211","0481","센터포인트상도","20251225","31300","21.22","16.000000","2","","","2020","연립다세대","중개거래","서울 관악구, 서울 동작구"
"2026","11200","성동구","10200","하왕십리동","1","대지","1070","0000","센트라스","20251225","120000","40.94","0.000000","27","","","2016","아파트","중개거래","서울 성동구"
"2026","11350","노원구","10200","월계동","1","대지","0500","0016","신혼빌라","20251225","20000","41.19","27.000000","1","","","1991","연립다세대","중개거래","서울 노원구"
"2026","11290","성북구","13500","종암동","1","대지","0003","0087","솔빌리지","20251225","24950","27.88","19.000000","2","","","2021","연립다세대","중개거래","서울 성북구"
"2026","11320","도봉구","10700","창동","1","대지","0810","0000","신창","20251225","33800","49.77","0.000000","7","","","1998","아파트","중개거래","서울 도봉구"
"2026","11410","서대문구","11200","대현동","1","대지","0090","0060","이대 포레스트","20251225","21000","17.84","23.270000","15","","20260107","2019","오피스텔","중개거래","서울 마포구"
"2026","11410","서대문구","11200","대현동","1","대지","0090","0060","이대 포레스트","20251225","21000","17.84","23.270000","15","","","2019","오피스텔","중개거래","서울 마포구"
"2026","11305","강북구","10200","번동","1","대지","0204","0000","신원","20251225","40000","59.96","0.000000","9","","","2000","아파트","직거래",""
"2026","11470","양천구","10300","신월동","1","대지","0350","0002","신안파크","20251225","40300","56.78","0.000000","1","","","1987","아파트","중개거래","서울 양천구"
"2026","11500","강서구","10300","화곡동","1","대지","0919","0001","유림노르웨이숲(919-1)","20251225","62800","76.23","0.000000","9","","","2004","아파트","중개거래","서울 강서구"
"2026","11740","강동구","10700","암사동","1","대지","0422","0026","암사e편한세상","20251225","100200","84.98","0.000000","5","","","2005","아파트","중개거래","서울 강동구"
"2026","11350","노원구","10200","월계동","1","대지","0477","0009","테라팰리스2","20251225","45000","72.288","46.000000","5","","","2023","연립다세대","중개거래","경기 구리시"
"2026","11320","도봉구","10700","창동","1","대지","0585","0060","한원힐트리움_585","20251225","34500","50.2","23.000000","4","","","2024","연립다세대","중개거래","서울 도봉구"
"2026","11530","구로구","11200","항동","1","대지","0241","0000","한양수자인에듀힐즈","20251225","102000","106.876","0.000000","4","","","2019","아파트","중개거래","서울 구로구"
"2026","11440","마포구","12600","중동","1","대지","0040","0012","현대","20251225","108000","114.98","0.000000","2","","","2000","아파트","중개거래","서울 마포구"
"2026","11290","성북구","13300","정릉동","1","대지","0494","0000","중앙하이츠빌1단지","20251225","70500","84.98","0.000000","8","","","2004","아파트","중개거래","서울 성북구"
"2026","11500","강서구","10300","화곡동","1","대지","0842","0020","(842-20)","20251225","25000","33.71","25.000000","1","","","1986","연립다세대","중개거래","서울 강서구"
"2026","11350","노원구","10400","하계동","1","대지","0273","0000","장미(시영6)","20251225","73700","59.46","0.000000","9","","","1989","아파트","중개거래","서울 노원구"
"2026","11740","강동구","10900","천호동","1","대지","0032","0030","청우아피스","20251225","46500","56","33.000000","5","","","2005","연립다세대","중개거래","서울 강동구, 서울 송파구"
"2026","11470","양천구","10200","목동","1","대지","0525","0003","(525-3)","20251225","36700","28.95","18.000000","2","","","2015","연립다세대","중개거래","서울 양천구"
"2026","11500","강서구","10300","화곡동","1","대지","0408","0027","한울어울림가동","20251225","22800","47.92","26.000000","3","","","2011","연립다세대","중개거래","서울 강서구"
"2026","11350","노원구","10500","상계동","1","대지","0652","0000","상계주공11(고층)","20251225","57000","49.94","0.000000","4","","","1988","아파트","중개거래","서울 노원구"
"2026","11500","강서구","10100","염창동","1","대지","0295","0000","성원","20251225","80000","59.91","0.000000","2","","","2001","아파트","중개거래","서울 강서구"
"2026","11440","마포구","11700","신정동","1","대지","0030","0000","서강GS","20251225","143800","59.98","0.000000","14","","","1999","아파트","중개거래","서울 마포구"
"2026","11350","노원구","10500","상계동","1","대지","1381","0009","보람아트","20251225","26000","39.64","21.000000","1","","","1995","연립다세대","중개거래","서울 노원구"
"2026","11350","노원구","10500","상계동","1","대지","0749","0005","상계주공4(고층)","20251225","57000","49.94","0.000000","13","","","1988","아파트","중개거래","서울 노원구"
"2026","11200","성동구","11800","송정동","1","대지","0104","0000","서울숲아이파크","20251225","130000","84.87","0.000000","7","","","2009","아파트","중개거래","서울 성동구"
"2026","11560","영등포구","10900","영등포동8가","1","대지","0076","0001","삼환","20251224","152000","114.7","0.000000","4","","","1999","아파트","중개거래","서울 영등포구"
"2026","11545","금천구","10200","독산동","1","대지","1022","0093","문성빌(1022-93)","20251224","39000","29.9","24.000000","4","","","2023","연립다세대","직거래",""
"2026","11740","강동구","10700","암사동","1","대지","0509","0000","선사현대아파트","20251224","126800","59.64","0.000000","2","","","2000","아파트","중개거래","서울 강동구"
"2026","11680","강남구","10600","대치동","1","대지","0506","0000","선경2차(8동-12동)","20251224","540000","127.75","0.000000","5","","","1985","아파트","중개거래","서울 강남구"
"2026","11710","송파구","11200","오금동","1","대지","0008","0002","미자르힐","20251224","28450","29.74","20.000000","2","","","2022","연립다세대","직거래",""
"2026","11680","강남구","11500","수서동","1","대지","0708","0000","삼익","20251224","248000","60","0.000000","5","","","1992","아파트","중개거래","서울 강남구"
"2026","11440","마포구","12500","성산동","1","대지","0590","0001","상암 두산위브센티움","20251224","13159","23.07","32.880000","3","","","2013","오피스텔","직거래",""
"2026","11215","광진구","10300","구의동","1","대지","0199","0018","삼성쉐르빌","20251224","160000","156.73","0.000000","6","","20260114","2001","아파트","중개거래","서울 광진구"
"2026","11500","강서구","10900","방화동","1","대지","0814","0000","방화5","20251224","39000","33.18","0.000000","6","","","1994","아파트","중개거래","서울 강서구"
"2026","11200","성동구","10700","행당동","1","대지","0377","0000","서울숲 더샵","20251224","40400","32.49","48.670000","3","","","2014","오피스텔","중개거래","서울 성동구"
"2026","11560","영등포구","13300","대림동","1","대지","0650","0000","성원(650)","20251224","61500","59.63","0.000000","3","","","1995","아파트","중개거래","서울 영등포구"
"2026","11215","광진구","10300","구의동","1","대지","0199","0018","삼성쉐르빌","20251224","160000","156.73","0.000000","6","","","2001","아파트","중개거래","서울 광진구"
"2026","11470","양천구","10200","목동","1","대지","0543","0005","서진플로렌스(A동,B동)","20251224","31000","29.54","20.000000","6","","","2016","연립다세대","중개거래","서울 양천구"
"2026","11380","은평구","10200","녹번동","1","대지","0083","0058","샹그리라","20251224","22500","29.87","12.000000","5","","","2011","연립다세대","중개거래","서울 은평구"
"2026","11590","동작구","10700","사당동","1","대지","0451","0010","삼호빌라B","20251224","40000","56.66","39.000000","3","","","1992","연립다세대","중개거래","서울 동작구"
"2026","11305","강북구","10300","수유동","1","대지","0486","0280","미래주택","20251224","13500","35.74","19.000000","1","","","1993","연립다세대","중개거래","서울 강북구"
"2026","11500","강서구","10300","화곡동","1","대지","1046","0017","성호빌라","20251224","22500","48.94","29.000000","2","","","2001","연립다세대","중개거래","서울 강서구"
"2026","11290","성북구","11200","삼선동2가","1","대지","0425","0000","삼선푸르지오","20251224","84500","59.95","0.000000","9","","","2008","아파트","중개거래","서울 성북구"
"2026","11560","영등포구","11000","여의도동","1","대지","0050","0000","시범","20251224","292000","79.24","0.000000","7","","","1971","아파트","중개거래","서울 영등포구"
"2026","11560","영등포구","12700","양평동3가","1","대지","0101","0000","양평현대6차","20251224","137900","84.94","0.000000","11","","","2000","아파트","중개거래","서울 양천구, 서울 영등포구"
"2026","11530","구로구","10200","구로동","1","대지","0777","0004","양지빌라","20251224","6500","39.19","20.000000","3","","20260117","1989","연립다세대","직거래",""
"2026","11290","성북구","13500","종암동","1","대지","0131","0000","아이파크종암동2차","20251224","96500","84.73","0.000000","15","","","2005","아파트","중개거래","서울 성북구"
"2026","11215","광진구","10200","능동","1","대지","0252","0046","세원그린빌","20251224","63000","53.52","42.000000","3","","","2017","연립다세대","중개거래","서울 광진구"
"2026","11530","구로구","10700","개봉동","1","대지","0346","0047","이데아하우스B(346-47)","20251224","21000","31.5","20.000000","2","","","2014","연립다세대","중개거래","경기 광명시, 서울 구로구"
"2026","11710","송파구","10100","잠실동","1","대지","0101","0001","우성아파트","20251224","331000","96.65","0.000000","3","","","1981","아파트","중개거래","서울 송파구"
"2026","11500","강서구","10300","화곡동","1","대지","1173","0000","우장산숲아이파크","20251224","143500","84.977","0.000000","9","","","2022","아파트","중개거래","서울 강서구"
"2026","11680","강남구","10100","역삼동","1","대지","0756","0004","신도빌라","20251224","53000","39.22","21.000000","-1","","","1994","연립다세대","중개거래","경기 성남시 중원구"
"2026","11470","양천구","10200","목동","1","대지","0324","0097","신한목동펠리스","20251224","32500","24.48","15.000000","5","","","2022","연립다세대","중개거래","서울 강서구"
"2026","11710","송파구","11100","방이동","1","대지","0049","0000","오르본 인투파크 오피스텔","20251224","29750","29.616","44.305700","15","","","2018","오피스텔","중개거래","서울 송파구"
"2026","11260","중랑구","10100","면목동","1","대지","0064","0055","수옥하우스","20251224","32500","28.07","19.000000","4","","","2021","연립다세대","중개거래","서울 중랑구"
"2026","11620","관악구","10100","봉천동","1","대지","0870","0012","에이스 에이-존","20251224","15500","24.31","32.850000","6","","","2005","오피스텔","중개거래","서울 관악구"
"2026","11740","강동구","10500","길동","1","대지","0410","0002","영성빌리지","20251224","39000","70.08","33.000000","5","","","2001","연립다세대","중개거래","서울 강동구"
"2026","11470","양천구","10300","신월동","1","대지","0242","0004","소노하우스","20251224","23000","35.78","22.000000","5","","","2016","연립다세대","중개거래","서울 양천구"
"2026","11230","동대문구","10400","전농동","1","대지","0127","0058","스마트빌","20251224","54000","29.94","16.000000","2","","","2025","연립다세대","중개거래","서울 동대문구"
"2026","11500","강서구","10300","화곡동","1","대지","1162","0000","우장산파크빌","20251224","26100","38.59","21.000000","6","","","2013","연립다세대","중개거래","서울 강서구"
"2026","11680","강남구","11000","압구정동","1","대지","0433","0000","신현대11차","20251224","1280000","183.41","0.000000","12","","","1983","아파트","중개거래","서울 강남구"
"2026","11560","영등포구","11000","여의도동","1","대지","0013","0000","여의도파라곤","20251224","30500","34.21","49.440000","12","","","2005","오피스텔","중개거래","서울 강남구, 서울 영등포구"
"2026","11560","영등포구","10700","영등포동6가","1","대지","0042","0000","에이클래스","20251224","30200","50.03","61.500000","2","","","null","오피스텔","중개거래","경남 창원시 성산구"
"2026","11440","마포구","11000","노고산동","1","대지","0057","0018","신촌르?메이에르타운(I)","20251224","11500","22.79","32.110000","7","","","1999","오피스텔","중개거래","서울 마포구"
"2026","11560","영등포구","11000","여의도동","1","대지","0013","0000","여의도파라곤","20251224","31000","34.21","49.440000","12","","","2005","오피스텔","중개거래","서울 강남구, 서울 영등포구"
"2026","11560","영등포구","13200","신길동","1","대지","4656","0000","우성3","20251224","111000","83.66","0.000000","12","","","1989","아파트","중개거래","서울 영등포구"
"2026","11620","관악구","10200","신림동","1","대지","0608","0032","알펜하우스(608-32)","20251224","34700","43.88","26.000000","4","","","2014","연립다세대","중개거래","서울 관악구"
"2026","11110","종로구","17500","숭인동","1","대지","0072","0031","로하스빌8차","20251224","45000","56.62","24.000000","5","","","2017","연립다세대","중개거래","서울 종로구"
"2026","11680","강남구","10100","역삼동","1","대지","0778","0038","로이코빌","20251224","41000","22.62","14.000000","4","","","2018","연립다세대","중개거래","서울 강남구"
"2026","11260","중랑구","10100","면목동","1","대지","1510","0000","두산2","20251224","88500","134.2","0.000000","12","","","1995","아파트","중개거래","서울 광진구, 서울 중랑구"
"2026","11740","강동구","10200","고덕동","1","대지","0632","0005","더힐스테이","20251224","36086","25.02","18.000000","4","","","2023","연립다세대","직거래",""
"2026","11710","송파구","10100","잠실동","1","대지","0022","0000","리센츠","20251224","145000","27.68","0.000000","9","","","2008","아파트","중개거래","서울 송파구"
"2026","11320","도봉구","10700","창동","1","대지","0731","0009","명품삼성쉐르빌","20251224","26000","68.1","35.000000","5","","","2008","연립다세대","중개거래","서울 도봉구"
"2026","11740","강동구","10900","천호동","1","대지","0391","0016","더존예가","20251224","44000","43.11","28.000000","6","","","2016","연립다세대","중개거래","서울 강동구"
"2026","11650","서초구","10800","서초동","1","대지","1497","0020","더아크리움","20251224","64300","34.95","20.000000","5","","","2020","연립다세대","중개거래","서울 서초구"
"2026","11320","도봉구","10700","창동","1","대지","0808","0000","동아청솔","20251224","68000","59.445","0.000000","2","","","1997","아파트","중개거래","서울 도봉구"
"2026","11650","서초구","10100","방배동","1","대지","3275","0000","동부센트레빌","20251224","310000","157.559","0.000000","7","","","2004","아파트","중개거래","서울 서초구"
"2026","11260","중랑구","10200","상봉동","1","대지","0495","0000","동부아파트","20251224","52000","54","0.000000","7","","","1999","아파트","직거래",""
"2026","11500","강서구","10500","마곡동","1","대지","1181","0000","마곡청구아파트","20251224","83000","84.92","0.000000","11","","","1998","아파트","중개거래","서울 강서구"
"2026","11740","강동구","10100","명일동","1","대지","0046","0003","고덕역 대명벨리온","20251224","19000","21.312","32.041000","16","","","2021","오피스텔","중개거래","서울 강동구"
"2026","11470","양천구","10100","신정동","1","대지","0324","0007","대림아크로빌","20251224","150000","113.1","0.000000","16","","","2003","아파트","중개거래","서울 양천구"
"2026","11650","서초구","10100","방배동","1","대지","0475","0011","대룡빌라","20251224","55000","41.67","28.000000","3","","","1991","연립다세대","중개거래","서울 서초구"
"2026","11560","영등포구","11200","당산동2가","1","대지","0164","0000","당산2가현대홈타운","20251224","155000","82.77","0.000000","19","","","1994","아파트","중개거래","서울 영등포구"
"2026","11110","종로구","18200","구기동","1","대지","0095","0006","DMKO","20251224","18961","36.6","21.000000","5","","","2017","연립다세대","직거래",""
"2026","11200","성동구","11500","성수동2가","","","","","","20251224","410000","199.44","119.000000","","","","1993","단독다가구","중개거래","서울 강남구"
"2026","11470","양천구","10200","목동","1","대지","0916","0000","현대하이페리온","20251224","169500","87.5","117.740000","43","","","2003","오피스텔","중개거래","서울 양천구"
"2026","11500","강서구","10200","등촌동","1","대지","0078","0007","길훈엔트런스빌","20251224","16500","27.29","40.424000","11","","","2004","오피스텔","중개거래","서울 강서구"
"2026","11290","성북구","13400","길음동","1","대지","1283","0000","길음뉴타운6단지(래미안)","20251224","145000","113.226","0.000000","16","","","2007","아파트","중개거래","서울 성북구"
"2026","11200","성동구","10800","응봉동","1","대지","0098","0000","금호현대","20251224","153000","79.8","0.000000","1","","","1990","아파트","중개거래","서울 성동구, 서울 영등포구"
"2026","11200","성동구","11500","성수동2가","","","","","","20251224","830000","659.67","239.000000","","","","1991","단독다가구","중개거래","서울 강남구"
"2026","11110","종로구","11800","내수동","1","대지","0074","0000","광화문시대","20251224","29000","34.9","46.650000","9","","","2004","오피스텔","중개거래","서울 종로구"
"2026","11440","마포구","12500","성산동","1","대지","0050","0010","골든빌오피스텔","20251224","16000","23.4","30.600000","6","","","2003","오피스텔","중개거래","서울 마포구"
"2026","11650","서초구","10100","방배동","1","대지","0864","0007","골드아트빌","20251224","130500","84.99","0.000000","5","","","2009","아파트","중개거래","서울 서초구"
"2026","11590","동작구","10700","사당동","1","대지","1038","0037","경운빌라","20251224","122000","75.92","102.000000","3","","","1986","연립다세대","중개거래","서울 동작구, 서울 서초구"
"2026","11260","중랑구","10100","면목동","1","대지","1529","0000","경남아너스빌","20251224","70000","59.981","0.000000","14","","","2006","아파트","중개거래","서울 중랑구"
"2026","11200","성동구","11800","송정동","1","대지","0090","0000","건영","20251224","65000","84.945","0.000000","16","","","2000","아파트","직거래",""
"2026","11530","구로구","10700","개봉동","1","대지","0060","0082","거성푸르뫼2","20251224","40500","59.9","0.000000","11","","","1994","아파트","중개거래","서울 구로구"
"2026","11710","송파구","10100","잠실동","1","대지","0040","0000","갤러리아팰리스","20251224","56900","43.281","43.281000","4","","","2005","오피스텔","중개거래","서울 송파구"
"2026","11410","서대문구","11700","연희동","1","대지","0721","0006","흥연","20251224","49500","52.23","0.000000","3","","","1981","아파트","중개거래","서울 서대문구, 서울 중구"
"2026","11530","구로구","10700","개봉동","1","대지","0492","0000","개봉푸르지오","20251224","91000","84.88","0.000000","9","","","2014","아파트","중개거래","서울 구로구"
"2026","11680","강남구","11200","자곡동","1","대지","0658","0000","강남힐스테이트에코","20251224","16300","23.747","31.491000","10","","","2014","오피스텔","중개거래","서울 강남구"
"2026","11680","강남구","10800","논현동","","","","","","20251224","413000","347.07","234.000000","","","","1992","단독다가구","중개거래","서울 강남구"
"2026","11440","마포구","10300","신공덕동","1","대지","0005","0075","갑을명가시티1","20251224","11000","19.73","30.720000","18","","","null","오피스텔","중개거래","서울 마포구"
"2026","11170","용산구","10900","청파동1가","1","대지","0001","0016","가보주택","20251224","46500","27.72","14.000000","2","","","1997","연립다세대","중개거래","서울 용산구"
"2026","11680","강남구","10100","역삼동","1","대지","0777","0044","ivillage","20251224","81000","69.04","33.000000","2","","","2001","연립다세대","중개거래","서울 강남구"
"2026","11710","송파구","10300","풍납동","","","","","","20251224","83000","136.74","90.000000","","","","1986","단독다가구","중개거래","서울 송파구"
"2026","11230","동대문구","10300","제기동","","","","","","20251224","110000","121.9","69.000000","","","","1991","단독다가구","중개거래","서울 동대문구"
"2026","11290","성북구","10100","성북동","","","","","","20251224","90000","40.03","129.000000","","","","1972","단독다가구","중개거래","서울 성북구"
"2026","11620","관악구","10200","신림동","1","대지","0610","0368","J펠리체8차","20251224","35500","30.81","29.000000","3","","","2023","연립다세대","직거래",""
"2026","11680","강남구","10100","역삼동","1","대지","0778","0018","J&Jvill","20251224","38000","19.74","13.000000","2","","","2015","연립다세대","중개거래","서울 강남구"
"2026","11500","강서구","10300","화곡동","1","대지","0899","0027","GMValley","20251224","23000","25.94","0.000000","13","","","2018","아파트","중개거래","서울 강서구"
"2026","11320","도봉구","10600","방학동","1","대지","0720","0001","대상타운현대아파트","20251224","103000","133.97","0.000000","6","","","2001","아파트","중개거래","서울 도봉구"
"2026","11620","관악구","10100","봉천동","1","대지","0662","0123","대산하이츠빌라","20251224","30000","73.51","43.000000","5","","","2003","연립다세대","중개거래","서울 관악구"
"2026","11170","용산구","12900","이촌동","1","대지","0404","0000","한가람","20251224","226000","59.88","0.000000","1","","","1998","아파트","중개거래","서울 용산구"
"2026","11140","중구","16500","황학동","1","대지","0787","0000","한양I-Class","20251224","13000","16.37","0.000000","14","","","2013","아파트","중개거래","서울 중구"
"2026","11230","동대문구","10400","전농동","1","대지","0212","0014","제이엠플레이스1차","20251224","36000","17.01","14.000000","2","","","2024","연립다세대","직거래",""
"2026","11680","강남구","10100","역삼동","1","대지","0832","0016","BIEL 106","20251224","28000","21.394","31.341200","13","","","2018","오피스텔","중개거래","서울 강남구"
"2026","11470","양천구","10200","목동","1","대지","0318","0267","하이클라스빌","20251224","26000","35.79","24.000000","3","","","2016","연립다세대","중개거래","서울 양천구"
"2026","11500","강서구","10200","등촌동","1","대지","0523","0016","진영빌라","20251224","33800","40.92","23.000000","4","","","2008","연립다세대","중개거래","서울 강서구, 서울 양천구"
"2026","11305","강북구","10100","미아동","1","대지","0734","0297","ASUNG","20251224","43000","51.8","31.000000","5","","","2023","연립다세대","직거래",""
"2026","11710","송파구","10200","신천동","1","대지","0011","0009","한신잠실코아","20251224","141500","52.51","0.000000","8","","","1988","아파트","중개거래","서울 송파구"
"2026","11740","강동구","10800","성내동","1","대지","0601","0000","하나플러스ll","20251224","112700","84.99","0.000000","13","","","2004","아파트","중개거래","서울 강동구"
"2026","11170","용산구","12500","한강로2가","1","대지","0002","0008","한강로벽산메가트리움","20251224","29000","30.29","45.120000","3","","","2005","오피스텔","중개거래","서울 용산구"
"2026","11380","은평구","10100","수색동","1","대지","0418","0000","DMCSKVIEW","20251224","148000","84.992","0.000000","12","","","2023","아파트","중개거래","서울 은평구"
"2026","11560","영등포구","11800","도림동","1","대지","0126","0001","(126-1)","20251224","59000","36.79","21.000000","6","","","2015","연립다세대","중개거래","서울 영등포구"
"2026","11545","금천구","10200","독산동","1","대지","0149","0045","퍼스티아","20251224","44000","36.79","23.000000","5","","","2024","연립다세대","직거래",""
"2026","11260","중랑구","10400","묵동","1","대지","0378","0000","한국","20251224","59900","59.64","0.000000","12","","","1999","아파트","중개거래","서울 중랑구"
"2026","11260","중랑구","10100","면목동","1","대지","1502","0000","현대","20251224","71000","84.81","0.000000","14","","","1994","아파트","중개거래","서울 중랑구"
"2026","11320","도봉구","10700","창동","1","대지","0347","0000","창동주공3단지(해등마을)","20251224","59300","58.01","0.000000","1","","","1990","아파트","중개거래","서울 도봉구"
"2026","11650","서초구","10700","반포동","1","대지","0105","0011","(105-11)","20251224","69000","59.09","27.000000","3","","","2003","연립다세대","중개거래","서울 서초구"
"2026","11290","성북구","13800","장위동","1","대지","0231","0303","장원빌라","20251224","39000","42.3","19.000000","4","","","1993","연립다세대","중개거래","서울 성북구"
"2026","11170","용산구","10800","서계동","1","대지","0246","0042","청운빌라","20251224","64500","57.02","18.000000","-1","","","2001","연립다세대","중개거래","서울 용산구"
"2026","11650","서초구","10700","반포동","1","대지","0715","0015","장현빌라","20251224","78300","53.46","27.000000","2","","","2001","연립다세대","중개거래","서울 서초구"
"2026","11500","강서구","10300","화곡동","1","대지","0340","0014","창대빌라","20251224","17800","40.04","25.000000","4","","","2008","연립다세대","중개거래","서울 강서구"
"2026","11200","성동구","10900","금호동1가","1","대지","0165","0022","(165-22)","20251224","50000","49.8","29.000000","3","","","1992","연립다세대","직거래",""
"2026","11260","중랑구","10400","묵동","1","대지","0237","0108","참하우스토리","20251224","37000","43.96","26.000000","3","","","2016","연립다세대","중개거래","서울 중랑구"
"2026","11710","송파구","10400","송파동","1","대지","0030","0012","주성드림빌(나동)","20251224","62300","76.7","38.000000","4","","","2002","연립다세대","직거래",""
"2026","11350","노원구","10600","중계동","1","대지","0358","0002","주공4","20251224","89400","84.79","0.000000","12","","","1991","아파트","중개거래","서울 노원구"
"2026","11560","영등포구","11400","당산동4가","1","대지","0001","0002","코오롱 스타폴리스","20251224","27500","40.28","51.330000","7","","","2005","오피스텔","중개거래","서울 영등포구"
"2026","11710","송파구","11200","오금동","1","대지","0087","0000","전원아트빌","20251224","12000","21.58","10.000000","2","","","2002","연립다세대","중개거래","서울 송파구"
"2026","11215","광진구","10200","능동","1","대지","0245","0007","(245-7)","20251224","29000","17.04","13.000000","2","","","2013","연립다세대","중개거래","서울 광진구"
"2026","11560","영등포구","13300","대림동","1","대지","0785","0000","현대2","20251224","76500","84.74","0.000000","19","","","1992","아파트","중개거래","서울 영등포구"
"2026","11740","강동구","10800","성내동","1","대지","0196","0008","코오롱(1차)","20251224","91000","59.96","0.000000","4","","","1999","아파트","중개거래","서울 강동구"
"2026","11350","노원구","10600","중계동","1","대지","0358","0002","주공4","20251224","80000","76.51","0.000000","5","","","1991","아파트","중개거래","서울 노원구"
"2026","11230","동대문구","10300","제기동","1","대지","1169","0000","(1169-0)","20251224","19900","48.89","22.000000","2","","","1979","연립다세대","중개거래","서울 동대문구"
"2026","11710","송파구","10100","잠실동","1","대지","0303","0009","파랑새빌라","20251224","36000","20.9","13.000000","2","","","2011","연립다세대","중개거래","서울 송파구"
"2026","11710","송파구","10500","석촌동","1","대지","0251","0013","(251-13)","20251224","38000","66.43","24.000000","4","","","2004","연립다세대","중개거래","서울 송파구"
"2026","11740","강동구","10500","길동","1","대지","0230","0007","한승리치빌(230-7)","20251224","36000","45.04","27.000000","2","","","2011","연립다세대","중개거래","서울 강동구"
"2026","11440","마포구","10500","용강동","1","대지","0494","0084","(494-84)","20251224","90000","58.13","33.000000","2","","","2010","연립다세대","중개거래","서울 마포구"
"2026","11560","영등포구","13200","신길동","1","대지","4126","0000","정원캐슬","20251224","53700","59.46","38.000000","3","","","2015","연립다세대","중개거래","서울 영등포구"
"2026","11110","종로구","17500","숭인동","1","대지","0202","0003","종로중흥S클래스","20251224","12200","17.811","0.000000","16","","","2013","아파트","중개거래","서울 종로구"
"2026","11440","마포구","11500","상수동","1","대지","0326","0002","(326-2)","20251224","45000","35.81","17.000000","2","","","2004","연립다세대","중개거래","서울 마포구"
"2026","11290","성북구","10100","성북동","1","대지","0178","0019","테트라빌","20251224","55000","30.14","22.000000","1","","","2015","연립다세대","중개거래","서울 성북구"
"2026","11710","송파구","11300","거여동","1","대지","0559","0001","테미라벤다","20251224","34500","29.59","13.000000","4","","","2018","연립다세대","직거래",""
"2026","11740","강동구","10100","명일동","1","대지","0251","0001","현대(명일)","20251223","100000","57.09","0.000000","7","","","1988","아파트","중개거래","서울 강동구"
"2026","11710","송파구","10700","가락동","1","대지","0078","0001","한화오벨리스크","20251223","19300","25.32","0.000000","20","","","2004","아파트","중개거래","서울 송파구"
"2026","11260","중랑구","10300","중화동","1","대지","0018","0002","장미빌라타운","20251223","19500","47.34","39.000000","1","","","1989","연립다세대","중개거래","서울 중랑구"
"2026","11680","강남구","11800","도곡동","1","대지","0467","0000","타워팰리스1","20251223","469000","137.24","0.000000","36","","","2002","아파트","중개거래","서울 강남구"
"2026","11230","동대문구","10300","제기동","1","대지","1212","0000","한신아파트","20251223","84000","59.84","0.000000","4","","","2004","아파트","중개거래","서울 동대문구"
"2026","11410","서대문구","11100","홍제동","1","대지","0123","0006","(123-6)","20251223","52000","65.26","34.000000","2","","","2008","연립다세대","중개거래","서울 서대문구"
"2026","11710","송파구","10200","신천동","1","대지","0017","0000","파크리오","20251223","305000","84.9","0.000000","30","","","2008","아파트","중개거래","서울 송파구"
"2026","11590","동작구","10200","상도동","1","대지","0521","0000","포스코더샵","20251223","178000","84.995","0.000000","9","","","2007","아파트","중개거래","서울 동작구"
"2026","11710","송파구","10200","신천동","1","대지","0011","0000","장미2","20251223","358000","99","0.000000","9","","","1979","아파트","중개거래","서울 송파구"
"2026","11590","동작구","10300","상도1동","1","대지","0333","0013","한양아트빌라","20251223","13500","33.69","16.000000","-1","","","1996","연립다세대","중개거래","서울 동작구"
"2026","11500","강서구","10300","화곡동","1","대지","0160","0016","제선그랜드빌(160-16)","20251223","16800","31.16","24.000000","3","","","2010","연립다세대","중개거래","서울 관악구, 서울 송파구"
"2026","11650","서초구","10700","반포동","1","대지","0107","0042","한양시티빌","20251223","87000","77.12","43.000000","1","","","2002","연립다세대","중개거래","서울 서초구"
"2026","11740","강동구","10500","길동","1","대지","0124","0010","한라빌리지","20251223","20000","37.17","16.000000","1","","","1993","연립다세대","중개거래","서울 강동구"
"2026","11650","서초구","10200","양재동","1","대지","0001","0009","(1-9)","20251223","64000","55.6","26.000000","3","","","2002","연립다세대","중개거래","서울 서초구"
"2026","11380","은평구","10900","신사동","1","대지","0200","0092","좋은빌(200-92)","20251223","17500","43.87","17.000000","-1","","","2002","연립다세대","중개거래","서울 은평구"
"2026","11260","중랑구","10100","면목동","1","대지","0377","0051","태영아트빌","20251223","25000","27.83","17.000000","5","","","2017","연립다세대","중개거래","서울 중랑구"
"2026","11500","강서구","10300","화곡동","1","대지","0452","0025","해성팰리스3차","20251223","24000","61.12","27.000000","3","","","2001","연립다세대","중개거래","서울 강서구"
"2026","11650","서초구","10200","양재동","1","대지","0001","0009","(1-9)","20251223","64000","55.6","26.000000","3","","20260121","2002","연립다세대","중개거래","서울 서초구"
"2026","11170","용산구","12900","이촌동","1","대지","0404","0000","한가람","20251223","343000","114.96","0.000000","12","","","1998","아파트","중개거래","서울 용산구"
"2026","11260","중랑구","10100","면목동","1","대지","0143","0070","청운하이츠","20251223","22000","28.26","16.000000","5","","","2010","연립다세대","중개거래","서울 중랑구"
"2026","11620","관악구","10200","신림동","1","대지","0409","0308","하니빌","20251223","16700","17","10.000000","3","","","2002","연립다세대","중개거래","서울 영등포구"
"2026","11410","서대문구","11800","홍은동","1","대지","0415","0017","하나맨션","20251223","22000","44.8","22.000000","3","","","2002","연립다세대","중개거래","서울 서대문구"
"2026","11620","관악구","10200","신림동","1","대지","1712","0000","초원","20251223","40000","59.93","0.000000","4","","","1999","아파트","중개거래","서울 관악구"
"2026","11620","관악구","10100","봉천동","1","대지","0041","0037","해오름아트빌","20251223","22000","29.99","18.000000","2","","","2014","연립다세대","중개거래","서울 동작구"
"2026","11230","동대문구","10700","청량리동","1","대지","0053","0015","(53-15)","20251223","22000","13.49","9.000000","3","","","2012","연립다세대","중개거래","서울 동대문구"
"2026","11740","강동구","10200","고덕동","1","대지","0184","0003","184-3","20251223","53000","29.97","21.000000","3","","","2025","연립다세대","중개거래","서울 강동구"
"2026","11650","서초구","10700","반포동","1","대지","0107","0042","한양시티빌","20251223","87000","77.12","43.000000","1","","","2002","연립다세대","중개거래","서울 서초구"
"2026","11380","은평구","10900","신사동","1","대지","0300","0101","한신빌라(300-101)","20251223","20500","59.46","24.000000","1","","","1992","연립다세대","중개거래","서울 은평구"
"2026","11230","동대문구","10500","답십리동","1","대지","0530","0017","한성아펠시티","20251223","18000","22.14","31.980000","3","","","2019","오피스텔","중개거래","서울 동대문구"
"2026","11710","송파구","10600","삼전동","1","대지","0099","0004","(99-4)","20251223","32300","25.8","13.000000","2","","","2002","연립다세대","중개거래","서울 강서구, 서울 송파구"
"2026","11680","강남구","10800","논현동","1","대지","0244","0017","더하우스(244-17)","20251223","17950","14.04","11.000000","3","","","2013","연립다세대","중개거래","서울 강남구, 서울 서초구"
"2026","11740","강동구","10200","고덕동","1","대지","0632","0005","더힐스테이","20251223","37230","25.03","18.000000","4","","","2023","연립다세대","직거래",""
"2026","11470","양천구","10200","목동","1","대지","0961","0000","목동 현대 하이페리온2","20251223","202000","94.387","122.702000","15","","","2006","오피스텔","중개거래","서울 양천구"
"2026","11560","영등포구","10100","영등포동","1","대지","0618","0030","더클래식","20251223","59000","36.61","25.000000","4","","","2020","연립다세대","중개거래","서울 양천구"
"2026","11530","구로구","10300","가리봉동","1","대지","0127","0009","라티 포레스트","20251223","45835","32.71","44.080000","5","","20260112","2024","오피스텔","직거래",""
"2026","11215","광진구","10100","중곡동","1","대지","0021","0004","대원아트빌","20251223","41000","59.54","34.000000","2","","","2010","연립다세대","중개거래","서울 광진구"
"2026","11215","광진구","10400","광장동","1","대지","0394","0001","동부빌라","20251223","73000","70.24","58.000000","2","","","1985","연립다세대","중개거래","서울 광진구"
"2026","11230","동대문구","10400","전농동","1","대지","0690","0000","래미안크레시티","20251223","167500","84.96","0.000000","13","","","2014","아파트","중개거래","서울 동대문구"
"2026","11530","구로구","10300","가리봉동","1","대지","0127","0009","라티 포레스트","20251223","45835","32.71","44.080000","5","","","2024","오피스텔","직거래",""
"2026","11740","강동구","10700","암사동","1","대지","0499","0015","만민하늘애","20251223","44700","41.24","26.000000","5","","","2020","연립다세대","중개거래","서울 강동구"
"2026","11500","강서구","10300","화곡동","1","대지","0055","0087","명주빌하모니","20251223","14500","39.26","20.000000","5","","","2002","연립다세대","중개거래","서울 강서구"
"2026","11200","성동구","10500","마장동","1","대지","0783","0004","명성연립나동","20251223","59500","56.93","62.000000","2","","","1982","연립다세대","중개거래","서울 성동구"
"2026","11170","용산구","13600","보광동","1","대지","0151","0000","리버빌(삼성)","20251223","250000","84.96","0.000000","8","","","2000","아파트","중개거래","서울 용산구"
"2026","11140","중구","16500","황학동","1","대지","2545","0000","롯데캐슬","20251223","111500","84.97","0.000000","15","","","2008","아파트","중개거래","서울 중구"
"2026","11545","금천구","10200","독산동","1","대지","1140","0000","독산동중앙하이츠빌","20251223","74500","84.876","0.000000","6","","","2004","아파트","중개거래","서울 금천구"
"2026","11740","강동구","10200","고덕동","1","대지","0632","0005","더힐스테이","20251223","35100","25.03","18.000000","3","","","2023","연립다세대","직거래",""
"2026","11620","관악구","10200","신림동","1","대지","0646","0467","리더스빌(646-467)","20251223","17000","28.78","16.000000","4","","","2013","연립다세대","중개거래","서울 관악구"
"2026","11530","구로구","10600","고척동","1","대지","0349","0000","명품하이츠빌","20251223","37000","48.75","30.000000","2","","","2016","연립다세대","중개거래","서울 구로구"
"2026","11440","마포구","12300","망원동","1","대지","0521","0000","마포한강아이파크","20251223","174500","84.58","0.000000","14","","","2019","아파트","중개거래","서울 마포구"
"2026","11740","강동구","10200","고덕동","1","대지","0632","0005","더힐스테이","20251223","36178","25.03","18.000000","2","","","2023","연립다세대","직거래",""
"2026","11470","양천구","10200","목동","1","대지","0956","0000","롯데캐슬위너","20251223","132000","84.94","0.000000","11","","","2005","아파트","중개거래","서울 강남구, 서울 양천구"
"2026","11650","서초구","10700","반포동","1","대지","1341","0000","반포래미안아이파크","20251223","530000","112.96","0.000000","18","","","2018","아파트","중개거래","서울 서초구"
"2026","11350","노원구","10500","상계동","1","대지","0691","0000","상계주공7(고층)","20251223","46000","58.01","0.000000","1","","","1988","아파트","직거래",""
"2026","11710","송파구","11400","마천동","1","대지","0081","0002","삼안리츠","20251223","90000","60.52","32.000000","3","","","2003","연립다세대","중개거래","서울 송파구"
"2026","11440","마포구","12500","성산동","1","대지","0590","0005","상암월드시티","20251223","13300","19.81","28.290000","7","","","2014","오피스텔","중개거래","서울 마포구"
"2026","11545","금천구","10200","독산동","1","대지","1006","0020","사랑채아트빌","20251223","19500","36.92","17.000000","6","","","2014","연립다세대","중개거래","서울 금천구"
"2026","11590","동작구","10700","사당동","1","대지","0105","0000","사당우성3","20251223","142000","59.89","0.000000","1","","","1993","아파트","중개거래","서울 서초구"
"2026","11470","양천구","10200","목동","1","대지","0231","0196","새한하이츠빌라","20251223","30000","62.24","35.000000","-1","","","1996","연립다세대","중개거래","서울 서초구, 서울 양천구"
"2026","11740","강동구","10600","둔촌동","1","대지","0441","0003","블루빌(가나동)","20251223","27000","29.93","21.000000","5","","","2012","연립다세대","중개거래","서울 강동구"
"2026","11560","영등포구","11000","여의도동","1","대지","0525","0000","브라이튼 여의도","20251223","75000","29.87","47.750000","9","","","2023","오피스텔","중개거래","서울 영등포구"
"2026","11680","강남구","10100","역삼동","1","대지","0792","0033","서담villageA","20251223","36500","29.79","20.000000","3","","","2018","연립다세대","중개거래","서울 강남구"
"2026","11380","은평구","10300","불광동","1","대지","0445","0060","부성빌라","20251223","12300","33.5","33.000000","-1","","","1990","연립다세대","중개거래","서울 은평구"
"2026","11650","서초구","10100","방배동","1","대지","2525","0000","방배우성","20251223","205000","84.99","0.000000","3","","","1991","아파트","중개거래","서울 서초구"
"2026","11650","서초구","10800","서초동","1","대지","1445","0013","서초쌍용플래티넘","20251223","79500","56","0.000000","16","","","2006","아파트","중개거래","서울 서초구"
"2026","11710","송파구","10800","문정동","1","대지","0001","0000","문정래미안","20251223","254500","170.7","0.000000","9","","","2004","아파트","중개거래","서울 송파구"
"2026","11440","마포구","12200","합정동","1","대지","0356","0002","성도빌라","20251223","69800","72.61","55.000000","3","","","1985","연립다세대","중개거래","서울 마포구"
"2026","11470","양천구","10100","신정동","1","대지","1323","0000","목동힐스테이트","20251223","163000","59.95","0.000000","17","","","2016","아파트","중개거래","서울 양천구"
"2026","11470","양천구","10200","목동","1","대지","0925","0000","목동신시가지7","20251223","340000","101.2","0.000000","3","","","1986","아파트","중개거래","서울 양천구"
"2026","11560","영등포구","13200","신길동","1","대지","0897","0001","삼환","20251223","105000","59.53","0.000000","1","","","1997","아파트","중개거래","서울 영등포구"
"2026","11350","노원구","10500","상계동","1","대지","0666","0000","상계주공10(고층)","20251223","50000","49.94","0.000000","3","","","1988","아파트","중개거래","서울 노원구"
"2026","11350","노원구","10500","상계동","1","대지","0652","0000","상계주공11(고층)","20251223","56500","60.5","0.000000","7","","","1988","아파트","중개거래","서울 노원구"
"2026","11380","은평구","11400","진관동","1","대지","0066","0000","은평뉴타운꿈에그린","20251223","73000","59.92","0.000000","15","","","2018","아파트","중개거래","서울 은평구"
"2026","11305","강북구","10300","수유동","1","대지","0733","0000","수유역하이씨티","20251223","8000","12.01","0.000000","5","","","2014","아파트","중개거래","서울 강북구"
"2026","11680","강남구","10100","역삼동","1","대지","0719","0024","역삼역센트럴푸르지오시티","20251223","20500","17.573","28.042300","15","","","2019","오피스텔","중개거래","서울 강남구"
"2026","11650","서초구","10200","양재동","1","대지","0275","0002","윈드스톤호피스텔빌딩","20251223","48500","81.94","109.320000","11","","","1992","오피스텔","중개거래","서울 서초구"
"2026","11650","서초구","10200","양재동","1","대지","0275","0002","윈드스톤호피스텔빌딩","20251223","23500","40.97","54.660000","11","","","1992","오피스텔","중개거래","서울 서초구"
"2026","11740","강동구","10500","길동","1","대지","0076","0003","이명에코빌","20251223","26700","22.63","14.000000","3","","","2013","연립다세대","중개거래","서울 강동구"
"2026","11200","성동구","10200","하왕십리동","1","대지","1070","0000","센트라스","20251223","234000","84.99","0.000000","8","","","2016","아파트","중개거래","서울 성동구"
"2026","11560","영등포구","12100","문래동3가","1","대지","0055","0016","영등포 SK 리더스뷰","20251223","115000","117.73","147.430000","25","","","2007","오피스텔","중개거래","서울 영등포구"
"2026","11590","동작구","10900","신대방동","1","대지","0565","0000","우성1차","20251223","168000","157.07","0.000000","3","","","1988","아파트","중개거래","서울 동작구"
"2026","11530","구로구","10200","구로동","1","대지","0042","0000","신도림LG자이","20251223","100000","84.952","0.000000","13","","","2004","아파트","중개거래","서울 구로구"
"2026","11500","강서구","10300","화곡동","1","대지","1039","0036","와이엔비","20251223","27000","36.7","21.000000","2","","","2017","연립다세대","중개거래","서울 강서구"
"2026","11710","송파구","10700","가락동","1","대지","0101","0003","아키죤아파트1동","20251223","84500","75.29","0.000000","2","","","2002","아파트","중개거래","서울 송파구"
"2026","11380","은평구","10700","응암동","1","대지","0588","0023","아미공간","20251223","40900","58.52","33.000000","3","","","2018","연립다세대","중개거래","서울 은평구"
"2026","11350","노원구","10500","상계동","1","대지","1256","0000","은빛2단지","20251223","41000","49.77","0.000000","15","","","1998","아파트","직거래",""
"2026","11215","광진구","10300","구의동","1","대지","0239","0041","구의향기빌","20251223","33500","29.92","20.000000","4","","","2016","연립다세대","중개거래","서울 광진구"
"2026","11650","서초구","10300","우면동","1","대지","0057","0000","대림","20251223","220000","130.89","0.000000","10","","","1995","아파트","중개거래","서울 서초구"
"2026","11215","광진구","10300","구의동","","","","","","20251223","126000","135.99","119.000000","","","","1973","단독다가구","중개거래","서울 광진구"
"2026","11470","양천구","10200","목동","1","대지","0907","0000","현대월드타워","20251223","23500","38.07","54.560000","20","","","1999","오피스텔","중개거래","서울 양천구"
"2026","11530","구로구","10600","고척동","1","대지","0148","0001","고척 푸르지오 힐스테이트","20251223","90000","84.934","0.000000","16","입주권","","0","아파트","직거래",""
"2026","11710","송파구","10800","문정동","1","대지","0072","0003","건영1","20251223","158000","84.39","0.000000","2","","","1996","아파트","중개거래","서울 송파구"
"2026","11230","동대문구","10700","청량리동","","","","","","20251223","102000","49.58","86.000000","","","","1980","단독다가구","중개거래","서울 동대문구"
"2026","11710","송파구","10600","삼전동","","","","","","20251223","330000","262.44","192.000000","","","","2026","단독다가구","중개거래","서울 송파구"
"2026","11350","노원구","10500","상계동","1","대지","1383","0001","그린하이츠빌라","20251223","27500","43.5","24.000000","2","","","1995","연립다세대","중개거래","서울 노원구"
"2026","11215","광진구","10300","구의동","1","대지","0239","0041","구의향기빌","20251223","33000","29.82","20.000000","3","","","2016","연립다세대","중개거래","서울 광진구"
"2026","11590","동작구","10700","사당동","1","대지","0105","0000","극동(105)","20251223","150000","84.32","0.000000","17","","","1993","아파트","중개거래","서울 동작구"
"2026","11500","강서구","10300","화곡동","1","대지","0475","0009","광명그린맨션13차","20251223","20200","62.33","28.000000","2","","","1996","연립다세대","중개거래","서울 강서구"
"2026","11215","광진구","10300","구의동","1","대지","0239","0041","구의향기빌","20251223","30500","29.82","20.000000","2","","","2016","연립다세대","중개거래","서울 광진구"
"2026","11680","강남구","10100","역삼동","1","대지","0825","0020","강남역 센트럴 푸르지오 시티","20251223","29400","24.61","32.992000","7","","","2015","오피스텔","중개거래","서울 강남구"
"2026","11740","강동구","10900","천호동","","","","","","20251223","146000","348.12","152.000000","","","","1989","단독다가구","중개거래","서울 강동구"
"2026","11260","중랑구","10100","면목동","","","","","","20251223","102000","252","141.000000","","","","1996","단독다가구","중개거래","서울 중랑구"
"2026","11290","성북구","13400","길음동","1","대지","1283","0000","길음뉴타운6단지(래미안)","20251223","134000","84.049","0.000000","17","","","2007","아파트","중개거래","서울 도봉구, 서울 성북구"
"2026","11710","송파구","10700","가락동","","","","","","20251223","239650","592.61","240.000000","","","","1988","단독다가구","직거래",""
"2026","11410","서대문구","12000","남가좌동","1","대지","0388","0000","DMC센트럴아이파크","20251223","134950","84.98","0.000000","7","","","2018","아파트","중개거래","서울 서대문구"
"2026","11290","성북구","13400","길음동","1","대지","1284","0000","길음뉴타운8단지(래미안)","20251223","107300","59.99","0.000000","5","","","2010","아파트","중개거래","서울 성북구"
"2026","11290","성북구","13400","길음동","1","대지","0635","0168","길음뉴타운신안파크아파트","20251223","52200","79.87","0.000000","3","","","1988","아파트","중개거래","서울 노원구"
"2026","11215","광진구","10300","구의동","1","대지","0239","0041","구의향기빌","20251223","33500","29.82","20.000000","4","","","2016","연립다세대","중개거래","서울 광진구"
"2026","11740","강동구","10200","고덕동","1","대지","0531","0000","고덕어반휴","20251223","63500","36.87","22.000000","2","","","2022","연립다세대","직거래",""
"2026","11215","광진구","10300","구의동","1","대지","0239","0041","구의향기빌","20251223","33500","29.92","20.000000","3","","","2016","연립다세대","중개거래","서울 광진구"
"2026","11740","강동구","10200","고덕동","1","대지","0693","0000","고덕그라시움","20251223","194500","59.785","0.000000","16","","","2019","아파트","중개거래","서울 강동구"
"2026","11470","양천구","10200","목동","1","대지","0318","0213","효성","20251223","27800","58.29","26.000000","3","","","2001","연립다세대","중개거래","서울 성동구, 서울 양천구"
"2026","11110","종로구","11800","내수동","1","대지","0095","0000","경희궁파크팰리스","20251223","185000","117.26","0.000000","7","","","2003","아파트","중개거래","서울 종로구"
"2026","11560","영등포구","12400","문래동6가","1","대지","0058","0000","e편한세상 문래 에듀플라츠","20251223","124000","59.985","0.000000","11","","","2020","아파트","중개거래","서울 영등포구"
"2026","11200","성동구","10400","도선동","","","","","","20251223","69000","142.56","88.000000","","","","1983","단독다가구","중개거래","서울 성동구"
"2026","11230","동대문구","10500","답십리동","1","대지","0111","0000","답십리대우","20251223","100000","84.99","0.000000","2","","","2002","아파트","중개거래","서울 동대문구"
"2026","11470","양천구","10200","목동","1","대지","0907","0010","현대파리지앙","20251223","23000","37.78","48.230000","9","","","2004","오피스텔","중개거래","서울 양천구"
"2026","11590","동작구","10100","노량진동","","","","","","20251223","347000","164.16","185.000000","","","","1983","단독다가구","중개거래","서울 동작구"
"2026","11710","송파구","11200","오금동","1","대지","0054","0009","현대파크빌라","20251222","22000","36.22","25.000000","1","","","1991","연립다세대","중개거래","서울 송파구"
"2026","11110","종로구","12100","신문로2가","","","","","","20251222","800000","328.94","520.000000","","","","1981","단독다가구","중개거래","서울 종로구"
"2026","11740","강동구","10500","길동","1","대지","0445","0001","강동역에스케이허브","20251222","36000","47.43","76.150000","3","","","2006","오피스텔","중개거래","서울 강동구"
"2026","11470","양천구","10100","신정동","","","","","","20251222","180000","83.63","151.000000","","","","1977","단독다가구","중개거래","서울 양천구"
"2026","11500","강서구","10500","마곡동","1","대지","0760","0001","힐스테이트에코 마곡나루역 라마다앙코르 서울마곡","20251222","17000","21.502","30.104000","9","","","2017","오피스텔","중개거래","서울 강서구"
"2026","11140","중구","17400","만리동2가","1","대지","0011","0001","KCC 파크타운","20251222","68000","66.47","81.160000","1","","","2004","오피스텔","중개거래","서울 중구"
"2026","11740","강동구","10200","고덕동","","","","","","20251222","286000","312.84","215.000000","","","","1986","단독다가구","중개거래","경기 고양시 일산동구, 서울 강동구"
"2026","11140","중구","16200","신당동","","","","","","20251222","260000","411.43","218.000000","","","","2002","단독다가구","중개거래","서울 중구"
"2026","11230","동대문구","10200","용두동","1","대지","0039","0535","그린캐슬","20251222","67000","44.56","27.000000","3","","","2019","연립다세대","중개거래","서울 동대문구"
"2026","11110","종로구","12100","신문로2가","","","","","","20251222","650000","527.3","268.000000","","","","1911","단독다가구","중개거래","서울 용산구, 서울 종로구"
"2026","11110","종로구","12100","신문로2가","","","","","","20251222","450000","139.38","243.000000","","","","1964","단독다가구","중개거래","서울 종로구"
"2026","11710","송파구","11300","거여동","","","","","","20251222","130000","138.24","93.000000","","","","1989","단독다가구","중개거래","서울 송파구"
"2026","11200","성동구","11800","송정동","","","","","","20251222","87000","85.17","96.000000","","","","1972","단독다가구","중개거래","서울 성동구"
"2026","11350","노원구","10500","상계동","1","대지","1410","0000","노원롯데캐슬시그니처","20251222","87500","59.996","0.000000","9","","","2023","아파트","중개거래","서울 노원구"
"2026","11410","서대문구","10400","미근동","","","","","","20251222","165000","221.75","82.000000","","","","1971","단독다가구","중개거래","서울 강남구"
"2026","11500","강서구","10300","화곡동","1","대지","0163","0027","광산빌라(163-27)","20251222","13000","58.66","29.000000","-1","","","2001","연립다세대","중개거래","서울 구로구"
"2026","11170","용산구","10100","후암동","1","대지","0185","0005","현대하이츠빌라(나)","20251222","114000","37.01","25.000000","2","","","1994","연립다세대","중개거래","서울 용산구"
"2026","11380","은평구","10800","역촌동","1","대지","0058","0024","현대하우징","20251222","18000","29.76","17.000000","2","","","2012","연립다세대","중개거래","서울 은평구"
"2026","11590","동작구","10100","노량진동","","","","","","20251222","325000","213.39","166.000000","","","","1990","단독다가구","중개거래","서울 동작구"
"2026","11200","성동구","10200","하왕십리동","","","","","","20251222","120000","152.37","119.000000","","","","1988","단독다가구","중개거래","서울 광진구, 서울 성동구"
"2026","11380","은평구","10600","대조동","1","대지","0216","0026","다원파크뷰A동","20251222","43500","29.22","30.000000","5","","","2023","연립다세대","중개거래","서울 서초구, 서울 은평구"
"2026","11110","종로구","18200","구기동","1","대지","0095","0006","DMKO","20251222","31870","59.91","35.000000","3","","","2017","연립다세대","직거래",""
"2026","11470","양천구","10200","목동","1","대지","0907","0000","현대월드타워","20251222","20000","38.22","54.780000","9","","","1999","오피스텔","중개거래","서울 양천구"
"2026","11740","강동구","10500","길동","1","대지","0389","0009","광남캐스빌","20251222","17000","37.46","44.630000","3","","","2005","오피스텔","직거래",""
"2026","11710","송파구","11200","오금동","1","대지","0149","0001","골든빌리지","20251222","44500","36.14","24.000000","4","","","2018","연립다세대","중개거래","서울 송파구"
"2026","11620","관악구","10200","신림동","1","대지","1703","0001","LIG대학마을(건영아파트3차)","20251222","39200","69.17","0.000000","7","","","1996","아파트","직거래",""
"2026","11410","서대문구","11100","홍제동","","","","","","20251222","95000","480.35","214.000000","","","","1997","단독다가구","중개거래","서울 서대문구"
"2026","11410","서대문구","11800","홍은동","1","대지","0470","0000","힐스테이트홍은포레스트","20251222","102000","72.97","0.000000","10","","","2023","아파트","중개거래","서울 은평구"
"2026","11650","서초구","10900","내곡동","","","","","","20251222","274000","177.66","387.000000","","","","1985","단독다가구","중개거래","서울 서초구"
"2026","11200","성동구","10200","하왕십리동","","","","","","20251222","80000","48.93","79.000000","","","","1960","단독다가구","중개거래","서울 광진구, 서울 성동구"
"2026","11215","광진구","10500","자양동","1","대지","0651","0040","미래하이츠","20251222","67000","24.36","19.000000","6","","","2016","연립다세대","중개거래","서울 광진구"
"2026","11500","강서구","10300","화곡동","1","대지","0042","0121","서모팰리스(42-121)","20251222","20300","58.92","30.000000","4","","","2004","연립다세대","중개거래","서울 광진구"
"2026","11740","강동구","10500","길동","1","대지","0341","0018","선경하이빌","20251222","31000","19.58","12.000000","3","","","2018","연립다세대","중개거래","서울 강동구"
"2026","11650","서초구","10800","서초동","1","대지","1347","0020","서초벽산블루밍","20251222","194000","84.39","0.000000","11","","","2006","아파트","중개거래","서울 서초구"
"2026","11500","강서구","10100","염창동","1","대지","0248","0003","삼성하나로","20251222","89000","84.78","0.000000","13","","","1994","아파트","중개거래","서울 강서구"
"2026","11470","양천구","10200","목동","1","대지","0917","0000","목동파라곤","20251222","155000","82.69","97.310000","4","","","2004","오피스텔","중개거래","서울 양천구"
"2026","11470","양천구","10200","목동","1","대지","0917","0000","목동파라곤","20251222","383000","179.21","210.900000","27","","","2004","오피스텔","중개거래","서울 양천구"
"2026","11230","동대문구","10400","전농동","1","대지","0213","0028","벨루스전농","20251222","43000","20.46","15.000000","6","","","2023","연립다세대","중개거래","서울 동대문구"
"2026","11440","마포구","11500","상수동","1","대지","0396","0000","상수두산위브","20251222","149000","84.79","0.000000","1","","20260114","2004","아파트","중개거래","서울 마포구"
"2026","11305","강북구","10100","미아동","1","대지","0122","0030","성우뷰티빌","20251222","17000","32.91","16.000000","5","","","2002","연립다세대","중개거래","서울 강북구"
"2026","11650","서초구","10700","반포동","1","대지","0712","0007","벨뷰반포","20251222","80000","29.6","19.000000","4","","","2022","연립다세대","중개거래","경기 과천시, 서울 서초구"
"2026","11440","마포구","12300","망원동","1","대지","0433","0003","성신","20251222","44800","47.57","0.000000","1","","","1976","아파트","중개거래","서울 마포구"
"2026","11560","영등포구","12400","문래동6가","1","대지","0016","0000","문래파라곤 201동","20251222","63000","81.32","100.580000","7","","","2005","오피스텔","중개거래","서울 영등포구"
"2026","11230","동대문구","10500","답십리동","1","대지","0530","0004","보광타워","20251222","25700","24.46","0.000000","10","","","2019","아파트","중개거래","서울 동대문구"
"2026","11470","양천구","10300","신월동","1","대지","1041","0000","삼정그린뷰","20251222","57000","59.6","0.000000","5","","","2005","아파트","중개거래","서울 양천구"
"2026","11470","양천구","10200","목동","1","대지","0521","0001","백문하우스","20251222","30500","26.14","16.000000","5","","","2017","연립다세대","중개거래","서울 양천구"
"2026","11740","강동구","10800","성내동","1","대지","0590","0000","성내동삼성아파트","20251222","177000","114.93","0.000000","5","","","1999","아파트","중개거래","서울 강남구, 서울 강동구"
"2026","11710","송파구","11400","마천동","1","대지","0211","0012","성광빌라트","20251222","85000","61.46","28.000000","2","","","2002","연립다세대","중개거래","서울 송파구"
"2026","11500","강서구","10300","화곡동","1","대지","0818","0011","성훈에이스빌","20251222","18680","53.39","27.000000","2","","","2002","연립다세대","중개거래","서울 강서구"
"2026","11200","성동구","11400","성수동1가","1","대지","0676","0005","서울숲성수현대","20251222","140000","84.73","0.000000","10","","","1990","아파트","중개거래","서울 성동구"
"2026","11650","서초구","10100","방배동","1","대지","0790","0026","방배타운하우스","20251222","99000","68.33","0.000000","6","","","2003","아파트","중개거래","서울 서초구"
"2026","11410","서대문구","11100","홍제동","1","대지","0463","0000","문화촌현대","20251222","83000","84.99","0.000000","15","","","2002","아파트","중개거래","서울 서대문구"
"2026","11680","강남구","10800","논현동","1","대지","0044","0009","지고하임(102동)","20251222","108000","73.17","0.000000","2","","","2003","아파트","중개거래","서울 강남구"
"2026","11350","노원구","10600","중계동","1","대지","0364","0012","주공6","20251222","44000","44.1","0.000000","5","","","1993","아파트","중개거래","서울 노원구"
"2026","11170","용산구","10800","서계동","1","대지","0245","0028","(245-28)","20251222","86000","42.62","18.000000","1","","","1999","연립다세대","중개거래","서울 용산구, 서울 중구"
"2026","11290","성북구","13500","종암동","1","대지","0054","0289","천우네오젠(8차)","20251222","24000","37.6","30.000000","2","","","2015","연립다세대","직거래",""
"2026","11560","영등포구","11000","여의도동","1","대지","0061","0003","(61-3)","20251222","16500","23","31.010000","5","","","1991","오피스텔","중개거래","서울 영등포구"
"2026","11710","송파구","10400","송파동","1","대지","0182","0001","파인빌리지","20251222","48400","61.02","28.000000","4","","","2003","연립다세대","중개거래","서울 송파구"
"2026","11410","서대문구","11600","창천동","1","대지","0501","0011","프릭스빌","20251222","46000","21.725","14.000000","5","","","2022","연립다세대","직거래",""
"2026","11710","송파구","11100","방이동","1","대지","0046","0006","잠실 에스뜨레야90","20251222","73500","50.98","73.906000","10","","","2023","오피스텔","중개거래","서울 송파구"
"2026","11290","성북구","13300","정릉동","1","대지","1031","0000","정릉힐스테이트3차","20251222","74500","59.98","0.000000","3","","","2008","아파트","중개거래","서울 성북구"
"2026","11710","송파구","10500","석촌동","1","대지","0251","0013","(251-13)","20251222","52000","83.79","41.000000","5","","","2004","연립다세대","중개거래","서울 송파구"
"2026","11530","구로구","10200","구로동","1","대지","0522","0016","(522-16)","20251222","26800","63","42.000000","2","","","1986","연립다세대","직거래",""
"2026","11590","동작구","10200","상도동","1","대지","0301","0051","킹스와이드(301-51)","20251222","40000","44.52","31.000000","5","","","2014","연립다세대","중개거래","서울 동작구"
"2026","11380","은평구","10300","불광동","1","대지","0120","0000","청나맨션","20251222","24500","72.55","45.000000","2","","","1996","연립다세대","직거래",""
"2026","11680","강남구","11800","도곡동","1","대지","0467","0000","타워팰리스1","20251222","320001","84.15","0.000000","39","","","2002","아파트","중개거래","서울 강남구"
"2026","11710","송파구","11400","마천동","1","대지","0307","0016","(307-16)","20251222","65000","29.72","13.000000","6","","","2020","연립다세대","중개거래","서울 송파구"
"2026","11260","중랑구","10300","중화동","1","대지","0319","0001","(319-1)","20251222","22000","26.6","16.000000","5","","","2014","연립다세대","직거래",""
"2026","11740","강동구","10900","천호동","1","대지","0040","0055","(40-55)","20251222","14300","35.35","19.000000","1","","","1993","연립다세대","중개거래","서울 강동구"
"2026","11380","은평구","10300","불광동","1","대지","0331","0126","좋은사람좋은집","20251222","36500","42.39","20.000000","1","","","2001","연립다세대","중개거래","서울 은평구"
"2026","11320","도봉구","10700","창동","1","대지","0585","0011","한원힐트리움 골든캐슬","20251222","28500","47.04","23.000000","2","","","2016","연립다세대","중개거래","서울 도봉구"
"2026","11650","서초구","10800","서초동","1","대지","1363","0025","한라비발디스튜디오193","20251222","25500","19.99","0.000000","6","","","2013","아파트","중개거래","서울 서초구"
"2026","11230","동대문구","10600","장안동","1","대지","0329","0002","장안힐스테이트","20251222","133500","133.275","0.000000","4","","","2007","아파트","중개거래","서울 광진구"
"2026","11530","구로구","10700","개봉동","1","대지","0476","0000","한마을","20251222","75800","59.57","0.000000","5","","","1999","아파트","중개거래","서울 구로구"
"2026","11710","송파구","10700","가락동","1","대지","0913","0000","헬리오시티","20251222","369000","130.06","0.000000","14","","","2018","아파트","중개거래","서울 송파구"
"2026","11350","노원구","10300","공릉동","1","대지","0670","0007","67디벨리움","20251222","16000","17.27","0.000000","14","","","2016","아파트","중개거래","서울 노원구"
"2026","11560","영등포구","13200","신길동","1","대지","0310","0025","해밀리움2동","20251222","41000","23.33","15.000000","5","","","2023","연립다세대","중개거래","서울 영등포구"
"2026","11215","광진구","10100","중곡동","1","대지","0104","0091","104-91","20251222","32900","40.36","33.000000","2","","","2015","연립다세대","중개거래","서울 광진구"
"2026","11530","구로구","10700","개봉동","1","대지","0345","0010","카사펠리즈(345-10)","20251222","15300","39.84","27.000000","4","","","2002","연립다세대","중개거래","서울 구로구"
"2026","11170","용산구","13000","이태원동","1","대지","0227","0018","(227-18)","20251222","43000","37.74","24.000000","3","","","2007","연립다세대","중개거래","서울 용산구"
"2026","11710","송파구","10200","신천동","1","대지","0017","0000","파크리오","20251222","296000","84.79","0.000000","12","","","2008","아파트","중개거래","서울 송파구"
"2026","11530","구로구","10700","개봉동","1","대지","0346","0038","디자인아트빌","20251222","15300","29.97","16.000000","4","","","2013","연립다세대","중개거래","서울 구로구"
"2026","11215","광진구","10300","구의동","1","대지","0668","0000","래미안파크스위트","20251222","198000","84.98","0.000000","19","","","2018","아파트","중개거래","서울 광진구"
"2026","11530","구로구","11000","온수동","1","대지","0013","0001","디아이빌3차","20251222","31000","46.84","30.000000","6","","","2015","연립다세대","중개거래","서울 구로구"
"2026","11590","동작구","10200","상도동","1","대지","0210","0193","모건하이빌(210-193)","20251222","45000","50.16","30.000000","4","","","2014","연립다세대","중개거래","서울 동작구"
"2026","11110","종로구","12100","신문로2가","1","대지","0171","0000","디팰리스","20251222","315000","118.749","0.000000","12","","","2020","아파트","중개거래","서울 송파구"
"2026","11380","은평구","10300","불광동","1","대지","0110","0004","로얄빌라","20251222","30000","63.21","28.000000","1","","","2000","연립다세대","중개거래","서울 은평구"
"2026","11530","구로구","11000","온수동","1","대지","0013","0001","디아이빌3차","20251222","32000","46.84","30.000000","6","","20260119","2015","연립다세대","중개거래","서울 구로구"
"2026","11260","중랑구","10200","상봉동","1","대지","0103","0002","루체빌","20251222","28500","26.25","9.000000","6","","","2019","연립다세대","중개거래","서울 중랑구"
"2026","11500","강서구","10300","화곡동","1","대지","0362","0023","더메르씨엘","20251222","23000","28.43","18.000000","5","","","2020","연립다세대","중개거래","서울 강서구"
"2026","11215","광진구","10100","중곡동","1","대지","0193","0064","라인빌14차","20251222","49500","56.64","34.000000","2","","","2022","연립다세대","중개거래","서울 광진구"
"2026","11650","서초구","10800","서초동","1","대지","1332","0013","래미안서초에스티지","20251222","383000","101.55","0.000000","21","","","2016","아파트","중개거래","서울 서초구"
"2026","11470","양천구","10200","목동","1","대지","0956","0000","롯데캐슬위너","20251222","149500","127.65","0.000000","8","","","2005","아파트","중개거래","서울 강서구, 서울 양천구"
"2026","11650","서초구","10700","반포동","1","대지","0018","0001","래미안퍼스티지","20251222","799000","169.31","0.000000","19","","","2009","아파트","중개거래","서울 서초구"
"2026","11140","중구","15400","오장동","1","대지","0145","0001","오렌지카운티을지로","20251222","10850","16.32","26.070000","7","","20260105","2020","오피스텔","직거래",""
"2026","11560","영등포구","13200","신길동","1","대지","0365","0000","우성1","20251222","85000","49.64","0.000000","3","","","1986","아파트","중개거래","서울 영등포구"
"2026","11350","노원구","10600","중계동","1","대지","0107","0004","약수(107-4)","20251222","9400","41.04","17.000000","-1","","","1996","연립다세대","중개거래","서울 노원구"
"2026","11710","송파구","10600","삼전동","1","대지","0065","0002","어반하임","20251222","57300","21.8","14.000000","6","","","2019","연립다세대","중개거래","경기 용인시 수지구, 서울 송파구"
"2026","11140","중구","12200","회현동2가","1","대지","0087","0000","쌍용남산플래티넘","20251222","268000","177","0.000000","9","","","2010","아파트","중개거래","서울 동작구, 서울 중구"
"2026","11290","성북구","13600","하월곡동","1","대지","0222","0000","월곡두산위브","20251222","90000","114.752","0.000000","2","","","2003","아파트","중개거래","서울 성북구"
"2026","11170","용산구","12200","문배동","1","대지","0024","0021","용산아크로타워","20251222","54500","38.37","54.720000","7","","","2007","오피스텔","중개거래","서울 용산구"
"2026","11650","서초구","10600","잠원동","1","대지","0056","0002","신반포27","20251222","268000","53.46","0.000000","12","","","1985","아파트","중개거래","서울 서초구"
"2026","11620","관악구","10200","신림동","1","대지","0011","0008","신림뉴씨엘(11-8)","20251222","47300","46.44","26.000000","6","","","2017","연립다세대","중개거래","서울 관악구"
"2026","11320","도봉구","10600","방학동","1","대지","0271","0001","신동아아파트1","20251222","42000","70.62","0.000000","4","","","1986","아파트","중개거래","서울 도봉구"
"2026","11215","광진구","10300","구의동","1","대지","0251","0034","신도브래뉴오피스텔","20251222","14100","31.2","42.150000","9","","","2003","오피스텔","중개거래","서울 광진구"
"2026","11260","중랑구","10400","묵동","1","대지","0236","0017","에코펠리스","20251222","29000","42.42","24.000000","2","","","2016","연립다세대","중개거래","서울 중랑구"
"2026","11290","성북구","13800","장위동","1","대지","0233","0170","세영빌라","20251222","45000","45.36","37.000000","3","","","1991","연립다세대","중개거래","서울 성북구"
"2026","11350","노원구","10300","공릉동","1","대지","0707","0000","시영2단지(라이프)아파트","20251222","31800","34.44","0.000000","4","","20260107","1994","아파트","중개거래","서울 노원구"
"2026","11350","노원구","10300","공릉동","1","대지","0707","0000","시영2단지(라이프)아파트","20251222","31800","34.44","0.000000","4","","","1994","아파트","중개거래","서울 노원구"
"2026","11440","마포구","12200","합정동","1","대지","0443","0001","위산빌라","20251222","40000","20.42","12.000000","5","","","2010","연립다세대","중개거래","서울 마포구"
"2026","11260","중랑구","10100","면목동","1","대지","0117","0004","스마트빌","20251222","44800","50.79","19.000000","4","","","2016","연립다세대","중개거래","서울 중랑구"
"2026","11350","노원구","10500","상계동","1","대지","1256","0000","은빛2단지","20251222","57000","59.92","0.000000","13","","","1998","아파트","중개거래","서울 노원구"
"2026","11680","강남구","11400","일원동","1","대지","0711","0000","수서","20251222","165000","59.94","0.000000","3","","","1992","아파트","중개거래","서울 강남구"
"2026","11680","강남구","11400","일원동","1","대지","0711","0000","수서","20251222","150000","52.29","0.000000","3","","","1992","아파트","중개거래","서울 강남구"
"2026","11140","중구","15400","오장동","1","대지","0145","0001","오렌지카운티을지로","20251222","10850","16.32","26.070000","7","","","2020","오피스텔","직거래",""
"2026","11590","동작구","10200","상도동","1","대지","0283","0046","예가스위트","20251222","70500","38.78","28.000000","4","","","2015","연립다세대","중개거래","서울 동작구"
"2026","11380","은평구","10300","불광동","1","대지","0484","0063","연신내역트리플라101동","20251222","33800","25.43","0.000000","9","","","2021","아파트","직거래",""
"2026","11260","중랑구","10100","면목동","1","대지","0064","0055","수옥하우스","20251221","21000","13.95","9.000000","2","","","2021","연립다세대","중개거래","서울 중랑구"
"2026","11560","영등포구","12600","양평동2가","1","대지","0023","0000","양평벽산블루밍","20251221","81300","59.58","0.000000","2","","","1990","아파트","중개거래","서울 영등포구"
"2026","11590","동작구","10700","사당동","1","대지","0431","0004","옵티뭄빌","20251221","85000","45.23","28.000000","3","","","2016","연립다세대","중개거래","서울 동작구"
"2026","11290","성북구","13300","정릉동","1","대지","0266","0508","스카이뷰(266-508)","20251221","28500","41.25","26.000000","1","","","2022","연립다세대","직거래",""
"2026","11260","중랑구","10100","면목동","1","대지","0064","0055","수옥하우스","20251221","32500","28.03","19.000000","4","","","2021","연립다세대","중개거래","서울 중랑구"
"2026","11260","중랑구","10100","면목동","1","대지","0064","0055","수옥하우스","20251221","21000","13.74","9.000000","2","","","2021","연립다세대","중개거래","서울 중랑구"
"2026","11470","양천구","10100","신정동","1","대지","0927","0004","예지보금자리(102동)","20251221","69000","84.94","0.000000","5","","","2004","아파트","중개거래","서울 양천구"
"2026","11110","종로구","18600","신영동","1","대지","0003","0003","신영빌라","20251221","49000","104.05","87.000000","2","","","1983","연립다세대","중개거래","서울 종로구"
"2026","11290","성북구","13800","장위동","1","대지","0233","0681","태광하이츠(233-681)","20251221","32500","31.52","17.000000","3","","","1994","연립다세대","중개거래","서울 성북구"
"2026","11230","동대문구","10300","제기동","1","대지","0136","0037","(136-37)","20251221","32800","50.7","19.000000","4","","","1994","연립다세대","중개거래","서울 동대문구"
"2026","11470","양천구","10200","목동","1","대지","0962","0000","트라팰리스웨스턴에비뉴","20251221","310000","124.95","0.000000","23","","","2009","아파트","중개거래","서울 서대문구, 서울 양천구"
"2026","11620","관악구","10100","봉천동","1","대지","0180","0274","탠디하우스5차","20251221","22700","54.03","27.000000","4","","","2002","연립다세대","중개거래","서울 관악구"
"2026","11590","동작구","10200","상도동","1","대지","0056","0105","진흥푸르지오","20251221","30000","29.86","19.000000","3","","","2013","연립다세대","직거래",""
"2026","11230","동대문구","10200","용두동","1","대지","0795","0000","이편한세상청계센트럴포레","20251221","154500","59.96","0.000000","21","","","2021","아파트","중개거래","서울 동대문구"
"2026","11560","영등포구","12600","양평동2가","","","","","","20251221","33000","24.3","25.000000","","","","1985","단독다가구","중개거래","서울 영등포구"
"2026","11440","마포구","12300","망원동","1","대지","0416","0005","대명엘레강스3","20251221","30900","13.58","9.000000","3","","","2011","연립다세대","중개거래","서울 마포구"
"2026","11500","강서구","10300","화곡동","1","대지","0807","0006","MVILEE12","20251221","31500","47.5","26.000000","6","","","2025","연립다세대","직거래",""
"2026","11140","중구","16200","신당동","","","","","","20251221","153000","214.44","226.000000","","","","1990","단독다가구","중개거래","서울 중구"
"2026","11110","종로구","14900","원서동","","","","","","20251221","106000","64.59","73.000000","","","","2017","단독다가구","중개거래","서울 중구"
"2026","11710","송파구","11400","마천동","","","","","","20251221","125000","164.2","90.000000","","","","1981","단독다가구","중개거래","서울 송파구"
"2026","11200","성동구","11200","금호동4가","1","대지","1092","0001","금호빌딩","20251221","54000","49.36","20.000000","5","","","1996","연립다세대","중개거래","서울 성동구"
"2026","11350","노원구","10500","상계동","1","대지","1304","0000","대망드림힐1","20251221","70000","102.014","0.000000","13","","","2003","아파트","중개거래","서울 노원구"
"2026","11740","강동구","10700","암사동","1","대지","0500","0014","LaForet","20251221","52000","41.17","15.000000","7","","","2023","연립다세대","직거래",""
"2026","11560","영등포구","13200","신길동","","","","","","20251221","100000","72.2","145.000000","","","","1971","단독다가구","중개거래","서울 영등포구"
"2026","11290","성북구","13400","길음동","1","대지","1283","0000","길음뉴타운6단지(래미안)","20251221","147000","113.226","0.000000","9","","","2007","아파트","중개거래","서울 성북구"
"2026","11380","은평구","10300","불광동","1","대지","0330","0063","문영빌라(B)","20251221","55000","63.48","29.000000","3","","","2002","연립다세대","중개거래","서울 은평구"
"2026","11590","동작구","10700","사당동","1","대지","0274","0002","베스트타운A동","20251221","49000","65.96","33.000000","4","","","2002","연립다세대","중개거래","서울 동작구, 서울 서초구"
"2026","11380","은평구","10300","불광동","1","대지","0295","0004","삼우렉스빌","20251221","64000","54.67","34.000000","2","","","2018","연립다세대","중개거래","서울 은평구"
"2026","11440","마포구","12000","서교동","1","대지","0473","0036","벨라","20251221","31800","26.39","19.000000","5","","","2017","연립다세대","중개거래","서울 마포구"
"2026","11710","송파구","10800","문정동","1","대지","0059","0008","성우빌라","20251221","35000","55.44","26.000000","5","","","2002","연립다세대","중개거래","서울 송파구"
"2026","11260","중랑구","10100","면목동","1","대지","1511","0000","두산3","20251221","72000","84.77","0.000000","4","","","1995","아파트","중개거래","경기 김포시, 서울 중랑구"
"2026","11500","강서구","10500","마곡동","1","대지","0767","0004","롯데캐슬 르웨스트","20251221","165800","82.038","88.126800","15","","","2024","오피스텔","직거래",""
"2026","11680","강남구","10600","대치동","1","대지","0945","0020","대치3차 아이파크 오피스텔","20251221","31800","22.24","34.250000","12","","","2019","오피스텔","중개거래","서울 강남구"
"2026","11500","강서구","10500","마곡동","1","대지","0767","0004","롯데캐슬 르웨스트","20251221","160100","82.038","88.126800","10","","","2024","오피스텔","직거래",""
"2026","11650","서초구","10100","방배동","1","대지","0754","0001","롯데캐슬헤론","20251221","34000","38.539","58.781000","5","","","2006","오피스텔","중개거래","서울 서초구"
"2026","11680","강남구","11400","일원동","1","대지","0741","0000","래미안 개포 루체하임","20251221","315000","59.99","0.000000","8","","","2018","아파트","중개거래","서울 강남구"
"2026","11740","강동구","10900","천호동","1","대지","0571","0000","래미안강동팰리스","20251221","175000","84.97","0.000000","43","","","2017","아파트","중개거래","서울 강동구"
"2026","11410","서대문구","11900","북가좌동","1","대지","0003","0106","동화빌라2차","20251221","31500","51.11","28.000000","2","","","2008","연립다세대","중개거래","서울 서대문구"
"2026","11740","강동구","10600","둔촌동","1","대지","0490","0007","모운7","20251221","96000","29.46","24.000000","2","","","2023","연립다세대","중개거래","서울 강동구"
"2026","11290","성북구","13800","장위동","1","대지","0233","0344","대평빌라","20251220","41200","48.49","29.000000","1","","","1992","연립다세대","중개거래","서울 성북구"
"2026","11650","서초구","10800","서초동","1","대지","1754","0000","래미안서초에스티지S","20251220","340500","84.96","0.000000","4","","","2018","아파트","중개거래","서울 서초구"
"2026","11650","서초구","10100","방배동","1","대지","3001","0001","디오수페리움2","20251220","151000","84.98","0.000000","10","","","2006","아파트","중개거래","서울 관악구, 서울 서초구"
"2026","11740","강동구","10700","암사동","1","대지","0414","0002","롯데캐슬퍼스트","20251220","200000","111.22","0.000000","19","","","2008","아파트","중개거래","서울 강동구, 서울 서초구"
"2026","11440","마포구","12300","망원동","1","대지","0398","0009","동광탑스빌","20251220","31500","18.46","11.000000","3","","","2011","연립다세대","중개거래","서울 마포구"
"2026","11110","종로구","18300","평창동","1","대지","0148","0028","더스마츠","20251220","59000","79.62","101.000000","3","","","2016","연립다세대","중개거래","서울 종로구"
"2026","11650","서초구","10100","방배동","1","대지","0932","0025","동문안","20251220","38500","28.7","17.000000","5","","","2013","연립다세대","중개거래","서울 서초구"
"2026","11440","마포구","12300","망원동","1","대지","0459","0015","대주하이츠빌라","20251220","63000","52.48","30.000000","2","","","1991","연립다세대","중개거래","서울 마포구"
"2026","11350","노원구","10600","중계동","1","대지","0103","0000","동진","20251220","20500","38.79","0.000000","5","","","1988","아파트","중개거래","서울 노원구"
"2026","11290","성북구","13500","종암동","1","대지","0133","0000","래미안세레니티","20251220","92900","59.92","0.000000","18","","","2009","아파트","중개거래","서울 성북구"
"2026","11500","강서구","10100","염창동","1","대지","0292","0000","동아","20251220","89500","59.97","0.000000","16","","","1998","아파트","중개거래","서울 강서구"
"2026","11500","강서구","10600","내발산동","1","대지","0704","0017","리치펠리스","20251220","28500","33.27","21.000000","2","","","2015","연립다세대","중개거래","서울 강서구"
"2026","11230","동대문구","10200","용두동","1","대지","0790","0000","롯데캐슬피렌체","20251220","30600","26.08","0.000000","5","","","2009","아파트","중개거래","서울 동대문구"
"2026","11620","관악구","10100","봉천동","1","대지","0480","0131","대원현대빌라","20251220","87000","91.62","66.000000","2","","","1985","연립다세대","중개거래","서울 관악구"
"2026","11500","강서구","10300","화곡동","1","대지","0422","0003","다솜(422-3)","20251220","19000","29.81","17.000000","2","","","2014","연립다세대","중개거래","서울 강서구, 서울 양천구"
"2026","11560","영등포구","11500","당산동5가","1","대지","0011","0033","당산디오빌","20251220","38000","29.23","0.000000","8","","","2005","아파트","중개거래","서울 영등포구"
"2026","11290","성북구","10200","성북동1가","1","대지","0035","0022","휴아름 스튜디오","20251220","17500","17.8","25.660000","6","","","2015","오피스텔","중개거래","서울 성북구"
"2026","11215","광진구","10300","구의동","1","대지","0205","0013","구의빌라(205-13)","20251220","58000","90.64","68.000000","1","","","1985","연립다세대","중개거래","서울 광진구"
"2026","11710","송파구","11300","거여동","1","대지","0290","0000","거여1단지","20251220","96000","49.8","0.000000","9","","","1997","아파트","중개거래","서울 송파구"
"2026","11200","성동구","12200","용답동","","","","","","20251220","89000","65.22","97.000000","","","","1973","단독다가구","중개거래","서울 성동구"
"2026","11545","금천구","10300","시흥동","1","대지","0818","0025","대광빌라","20251220","26000","49.68","27.000000","2","","","1991","연립다세대","중개거래","서울 금천구"
"2026","11680","강남구","10800","논현동","1","대지","0264","0004","그린빌비동","20251220","38000","29.24","17.000000","3","","","2016","연립다세대","중개거래","서울 강남구"
"2026","11380","은평구","10600","대조동","1","대지","0088","0000","힐스테이트 메디알레","20251220","110045","59.91","0.000000","11","입주권","","0","아파트","중개거래","서울 은평구"
"2026","11380","은평구","10600","대조동","1","대지","0088","0000","힐스테이트 메디알레","20251220","117376","74.9","0.000000","4","입주권","","0","아파트","중개거래","서울 송파구, 서울 은평구"
"2026","11500","강서구","10400","가양동","1","대지","1462","0000","강서한강월드메르디앙","20251220","99000","84.9","0.000000","3","","","2006","아파트","중개거래","서울 강서구"
"2026","11230","동대문구","10600","장안동","1","대지","0415","0010","글로벌팰리스","20251220","26900","22.59","0.000000","12","","","2019","아파트","중개거래","서울 강서구, 서울 동대문구"
"2026","11440","마포구","11100","신수동","1","대지","0250","0001","금강쉐르빌","20251220","100000","45.38","28.000000","3","","","2015","연립다세대","중개거래","서울 마포구"
"2026","11215","광진구","10100","중곡동","1","대지","0636","0012","대광빌리지(636-12)","20251220","42000","67.41","37.000000","5","","","2007","연립다세대","중개거래","서울 광진구"
"2026","11215","광진구","10300","구의동","1","대지","0024","0001","현진빌라","20251220","41000","67.35","34.000000","2","","","2002","연립다세대","중개거래","서울 광진구"
"2026","11290","성북구","13600","하월곡동","1","대지","0228","0000","꿈의숲푸르지오","20251220","82000","59.65","0.000000","12","","","2010","아파트","중개거래","서울 성북구"
"2026","11500","강서구","10300","화곡동","1","대지","0158","0024","남경베스트빌(A동)","20251220","25800","61.53","26.000000","1","","","2001","연립다세대","중개거래","서울 강서구"
"2026","11215","광진구","10300","구의동","1","대지","0596","0013","힐카운티13","20251220","35000","26.64","16.000000","5","","","2017","연립다세대","중개거래","서울 광진구"
"2026","11545","금천구","10300","시흥동","1","대지","0384","0012","남서울건영2","20251220","30800","41.34","0.000000","10","","","1989","아파트","중개거래","서울 금천구"
"2026","11740","강동구","10700","암사동","1","대지","0500","0014","LaForet","20251220","50500","41.17","15.000000","6","","","2023","연립다세대","직거래",""
"2026","11710","송파구","11400","마천동","1","대지","0209","0011","현대아트빌라","20251220","99500","55.86","32.000000","1","","","1994","연립다세대","중개거래","서울 송파구"
"2026","11710","송파구","10800","문정동","1","대지","0105","0007","다온빌","20251220","42000","32.89","22.000000","3","","","2019","연립다세대","중개거래","서울 송파구"
"2026","11590","동작구","10700","사당동","1","대지","0419","0135","다인아트빌I","20251220","40000","47.15","31.000000","3","","","2007","연립다세대","중개거래","서울 동작구, 서울 송파구"
"2026","11230","동대문구","10200","용두동","","","","","","20251220","52000","55.76","37.000000","","","","1983","단독다가구","중개거래","서울 동대문구"
"2026","11230","동대문구","10500","답십리동","1","대지","0080","0000","답십리청솔우성","20251220","80000","59.74","0.000000","22","","","2000","아파트","중개거래","서울 동대문구"
"2026","11500","강서구","10300","화곡동","1","대지","0166","0019","계명위너스(166-19)","20251220","16000","40.28","22.000000","2","","","2007","연립다세대","중개거래","서울 강서구"
"2026","11230","동대문구","10500","답십리동","1","대지","0080","0000","답십리청솔우성","20251220","78000","59.74","0.000000","2","","","2000","아파트","중개거래","서울 동대문구"
"2026","11170","용산구","11900","효창동","1","대지","0274","0000","효창파크푸르지오","20251220","210000","84.45","0.000000","17","","","2010","아파트","중개거래","서울 마포구, 서울 용산구"
"2026","11230","동대문구","10500","답십리동","1","대지","0080","0000","답십리청솔우성","20251220","94000","114.76","0.000000","20","","","2000","아파트","중개거래","서울 동대문구"
"2026","11650","서초구","10200","양재동","1","대지","0004","0005","공간11차","20251220","34900","26.22","16.000000","3","","","2017","연립다세대","중개거래","서울 강남구, 서울 서초구"
"2026","11560","영등포구","12800","양평동4가","1","대지","0163","0001","세이지빌2차","20251220","24500","29.44","14.000000","5","","","2011","연립다세대","중개거래","서울 영등포구"
"2026","11740","강동구","10800","성내동","1","대지","0194","0000","에스케이허브진","20251220","33500","33.71","0.000000","12","","","2004","아파트","중개거래","서울 강동구"
"2026","11500","강서구","10900","방화동","1","대지","0247","0002","예담알데아","20251220","19000","28.21","17.000000","3","","","2017","연립다세대","중개거래","서울 강서구"
"2026","11170","용산구","12700","용산동5가","1","대지","0024","0000","용산파크타워(24-0)","20251220","360000","131.53","0.000000","31","","","2009","아파트","중개거래","서울 서초구, 서울 용산구"
"2026","11215","광진구","10100","중곡동","1","대지","0288","0004","수플러스(288-4)","20251220","14000","19.52","16.000000","4","","","2013","연립다세대","중개거래","서울 광진구"
"2026","11740","강동구","10800","성내동","1","대지","0210","0007","수정연립3동","20251220","29750","46.26","38.000000","1","","","1986","연립다세대","중개거래","서울 강동구"
"2026","11440","마포구","12200","합정동","1","대지","0360","0004","에덴쉐르빌","20251220","60000","57.3","27.000000","4","","","2000","연립다세대","중개거래","서울 마포구"
"2026","11170","용산구","11200","원효로1가","1","대지","0041","0000","용산더프라임","20251220","110000","55.325","0.000000","5","","","2014","아파트","직거래",""
"2026","11680","강남구","11200","자곡동","1","대지","0646","0000","엘에이치강남8단지","20251220","138000","59.6","82.000000","3","","","2013","연립다세대","중개거래","서울 강남구"
"2026","11560","영등포구","10500","영등포동4가","1","대지","0443","0000","영등포 센트럴 푸르지오 시티","20251220","21500","29.75","41.850000","12","","","2013","오피스텔","중개거래","서울 영등포구"
"2026","11380","은평구","10400","갈현동","1","대지","0529","0032","스마트시티","20251220","21000","47.09","26.000000","4","","","2011","연립다세대","중개거래","서울 은평구"
"2026","11740","강동구","10700","암사동","1","대지","0419","0000","암사동한솔","20251220","110000","84.73","0.000000","9","","","2002","아파트","중개거래","서울 강동구"
"2026","11620","관악구","10200","신림동","1","대지","1730","0000","신림푸르지오","20251220","100000","84.79","0.000000","17","","","2005","아파트","중개거래","서울 관악구"
"2026","11230","동대문구","10900","휘경동","1","대지","0377","0000","이문휘경지웰에스테이트","20251220","15500","14.144","0.000000","19","","","2021","아파트","중개거래","서울 동대문구"
"2026","11230","동대문구","10600","장안동","1","대지","0347","0008","정은스카이빌201동","20251220","61500","84.6","0.000000","13","","","2006","아파트","중개거래","서울 동대문구"
"2026","11260","중랑구","10300","중화동","1","대지","0018","0002","장미빌라타운","20251220","20000","47.34","39.000000","2","","","1989","연립다세대","중개거래","서울 중랑구"
"2026","11710","송파구","11200","오금동","1","대지","0056","0007","한빛주택","20251220","28800","64.13","37.000000","2","","","2002","연립다세대","중개거래","서울 송파구"
"2026","11170","용산구","11900","효창동","1","대지","0005","0300","한서빌라(5-300)","20251220","100000","38.66","32.000000","1","","","2007","연립다세대","중개거래","서울 용산구"
"2026","11320","도봉구","10700","창동","1","대지","0582","0088","정원베스트빌104동","20251220","27500","50.91","25.000000","5","","","2013","연립다세대","중개거래","서울 도봉구"
"2026","11710","송파구","10500","석촌동","1","대지","0237","0021","제네시스","20251220","36000","28.145","15.000000","5","","","2015","연립다세대","중개거래","서울 송파구"
"2026","11380","은평구","10700","응암동","1","대지","0730","0029","제니스빌","20251220","23000","27.02","15.000000","4","","","2017","연립다세대","중개거래","서울 중랑구"
"2026","11290","성북구","13800","장위동","1","대지","0233","0205","토암쉐르빌","20251220","41000","40.92","19.000000","4","","","2002","연립다세대","중개거래","서울 성북구"
"2026","11410","서대문구","10200","충정로3가","1","대지","0032","0057","(32-57)","20251220","140100","113.03","100.000000","1","","","1992","연립다세대","중개거래","서울 서대문구"
"2026","11590","동작구","10700","사당동","1","대지","0307","0003","(307-3)","20251220","59500","36.76","26.000000","1","","","1986","연립다세대","중개거래","서울 동작구, 서울 서초구"
"2026","11110","종로구","18400","부암동","1","대지","0129","0008","타임730오피스텔","20251220","13000","31.27","40.990000","4","","","2002","오피스텔","중개거래","서울 종로구"
"2026","11710","송파구","10700","가락동","1","대지","0078","0001","한화오벨리스크","20251220","20200","37.93","51.840000","4","","","2004","오피스텔","중개거래","서울 송파구"
"2026","11740","강동구","10100","명일동","1","대지","0048","0017","한화오벨리스크스위트","20251220","78000","100.24","121.250000","15","","","2005","오피스텔","중개거래","서울 강동구"
"2026","11560","영등포구","13200","신길동","1","대지","0310","0003","해밀리움1동","20251220","48500","27.5","19.000000","2","","","2023","연립다세대","중개거래","서울 영등포구"
"2026","11560","영등포구","13200","신길동","1","대지","0310","0025","해밀리움2동","20251220","50500","28.75","19.000000","2","","","2023","연립다세대","중개거래","서울 영등포구"
"2026","11560","영등포구","13200","신길동","1","대지","0310","0025","해밀리움2동","20251220","51500","29.2","20.000000","4","","","2023","연립다세대","중개거래","서울 영등포구"
"2026","11650","서초구","10800","서초동","1","대지","1589","0014","(1589-14)","20251220","14000","24.13","37.420000","7","","","1990","오피스텔","직거래",""
"2026","11380","은평구","10400","갈현동","1","대지","0487","0009","행복한집","20251220","24000","51.27","28.000000","4","","","2009","연립다세대","중개거래","서울 은평구"
"2026","11710","송파구","10700","가락동","1","대지","0913","0000","헬리오시티","20251220","170000","39.12","0.000000","16","","","2018","아파트","중개거래","서울 송파구"
"2026","11740","강동구","10900","천호동","1","대지","0049","0004","천호동1차예전이룸아파트","20251220","63300","84.18","0.000000","1","","","2004","아파트","중개거래","서울 강동구"
"2026","11740","강동구","10700","암사동","1","대지","0449","0020","목화가든빌라","20251220","45000","63.525","35.000000","1","","","1991","연립다세대","중개거래","서울 강동구"
"2026","11740","강동구","10800","성내동","1","대지","0379","0064","삼정하우스","20251220","44000","42.08","27.000000","2","","","2015","연립다세대","중개거래","서울 강동구"
"2026","11500","강서구","10100","염창동","1","대지","0264","0027","삼성한아름","20251220","87000","84.9","0.000000","14","","","1993","아파트","중개거래","서울 강서구"
"2026","11545","금천구","10200","독산동","1","대지","1022","0093","문성빌(1022-93)","20251220","39300","31.56","25.000000","3","","","2023","연립다세대","직거래",""
"2026","11440","마포구","12500","성산동","1","대지","0111","0015","성산트윈빌(111-15)","20251220","43500","70.14","35.000000","1","","","2001","연립다세대","중개거래","서울 마포구"
"2026","11590","동작구","10200","상도동","1","대지","0363","0164","상도휴엔하임","20251220","14800","14.7","0.000000","9","","","2016","아파트","중개거래","서울 동작구"
"2026","11380","은평구","10200","녹번동","1","대지","0281","0000","북한산푸르지오","20251220","104000","84.99","0.000000","3","","","2015","아파트","중개거래","서울 성동구"
"2026","11590","동작구","10200","상도동","1","대지","0211","0405","성문빌라","20251220","23000","39.37","19.000000","1","","","1991","연립다세대","중개거래","서울 동작구"
"2026","11470","양천구","10200","목동","1","대지","0917","0000","목동파라곤","20251220","220000","131.56","154.820000","7","","","2004","오피스텔","중개거래","서울 양천구"
"2026","11530","구로구","10600","고척동","1","대지","0334","0000","벽산","20251220","93000","84.878","0.000000","6","","","2003","아파트","중개거래","서울 구로구"
"2026","11350","노원구","10200","월계동","1","대지","0322","0001","성원(사슴4)","20251220","59800","59.94","0.000000","10","","","1995","아파트","중개거래","서울 노원구"
"2026","11650","서초구","10100","방배동","1","대지","0854","0023","방배그레이스A","20251220","100000","84.93","54.000000","2","","","1992","연립다세대","중개거래","서울 서초구"
"2026","11305","강북구","10300","수유동","1","대지","0491","0083","설악빌라(491-83)","20251220","21000","43.88","33.000000","1","","20260121","2019","연립다세대","중개거래","서울 강북구"
"2026","11380","은평구","10700","응암동","1","대지","0118","0072","민성아트빌","20251220","24200","47.24","22.000000","4","","","2002","연립다세대","중개거래","서울 은평구"
"2026","11710","송파구","10400","송파동","1","대지","0161","0000","미성맨션","20251220","246000","116.94","0.000000","3","","","1985","아파트","중개거래","서울 송파구"
"2026","11320","도봉구","10700","창동","1","대지","0647","0011","북한산현대홈시티","20251220","32000","60.97","74.816000","7","","","2005","오피스텔","중개거래","서울 도봉구"
"2026","11170","용산구","12100","용문동","1","대지","0038","0173","서현하우스","20251220","26200","12.48","8.000000","2","","","2012","연립다세대","중개거래","서울 용산구"
"2026","11200","성동구","10400","도선동","1","대지","0069","0000","삼성쉐르빌","20251219","108700","84.74","0.000000","16","","","2006","아파트","중개거래","서울 성동구"
"2026","11305","강북구","10200","번동","1","대지","0510","0022","번창하이츠빌라","20251219","20000","50.3","29.000000","2","","","1994","연립다세대","중개거래","서울 강북구"
"2026","11680","강남구","11100","세곡동","1","대지","0533","0000","세곡푸르지오","20251219","190000","74.74","0.000000","11","","","2012","아파트","중개거래","서울 강남구"
"2026","11230","동대문구","10300","제기동","1","대지","0615","0001","민족통일빌","20251219","30000","29.99","13.000000","3","","","2015","연립다세대","직거래",""
"2026","11740","강동구","10700","암사동","1","대지","0459","0019","선사리버빌","20251219","19000","56.18","24.000000","-1","","","2002","연립다세대","중개거래","서울 중랑구"
"2026","11440","마포구","10100","아현동","1","대지","0692","0000","서서울삼성","20251219","111000","84.89","0.000000","5","","","1998","아파트","중개거래","서울 마포구"
"2026","11320","도봉구","10700","창동","1","대지","0825","0000","북한산아이파크5차","20251219","97500","84.451","0.000000","7","","","2004","아파트","중개거래","서울 도봉구"
"2026","11440","마포구","12300","망원동","1","대지","0456","0036","세명파크빌","20251219","66500","60.33","39.000000","2","","","2010","연립다세대","중개거래","서울 마포구"
"2026","11650","서초구","10800","서초동","1","대지","1677","0001","브라운스톤서초(1677-1)","20251219","150000","80.09","0.000000","10","","","2006","아파트","중개거래","서울 서초구"
"2026","11170","용산구","12000","도원동","1","대지","0023","0000","삼성래미안","20251219","173000","84.69","0.000000","3","","","2001","아파트","중개거래","서울 강남구, 서울 용산구"
"2026","11620","관악구","10100","봉천동","1","대지","1688","0022","목화빌라","20251219","24300","53.66","28.000000","2","","","1991","연립다세대","중개거래","서울 관악구"
"2026","11680","강남구","10100","역삼동","1","대지","0832","0033","성우스타우스오피스텔","20251219","20000","32.03","41.120000","2","","","2004","오피스텔","중개거래","서울 강남구"
"2026","11140","중구","17100","중림동","1","대지","0200","0000","삼성사이버빌리지","20251219","170000","84.95","0.000000","3","","","2001","아파트","중개거래","서울 중구"
"2026","11470","양천구","10200","목동","1","대지","0917","0000","목동파라곤","20251219","264500","131.56","154.820000","16","","","2004","오피스텔","중개거래","서울 양천구"
"2026","11410","서대문구","11100","홍제동","1","대지","0277","0005","삼성캐슬","20251219","35700","49.42","28.000000","4","","","2017","연립다세대","중개거래","서울 용산구"
"2026","11290","성북구","12300","안암동3가","1","대지","0135","0000","삼익","20251219","72500","98.68","0.000000","2","","","1983","아파트","중개거래","서울 성북구"
"2026","11380","은평구","10700","응암동","1","대지","0767","0000","백련산에스케이뷰아이파크","20251219","93500","59.933","0.000000","15","","","2020","아파트","중개거래","서울 은평구"
"2026","11500","강서구","10900","방화동","1","대지","0814","0000","방화5","20251219","64800","49.77","0.000000","5","","","1994","아파트","중개거래","서울 강서구"
"2026","11350","노원구","10500","상계동","1","대지","1255","0000","은빛1단지","20251219","40750","49.77","0.000000","5","","","1998","아파트","중개거래","서울 노원구, 서울 송파구"
"2026","11620","관악구","10200","신림동","1","대지","1567","0006","위드비엠","20251219","19000","29.69","18.000000","5","","","2019","연립다세대","직거래",""
"2026","11350","노원구","10500","상계동","1","대지","1255","0000","은빛1단지","20251219","34000","39.7","0.000000","3","","","1998","아파트","중개거래","서울 노원구"
"2026","11650","서초구","10300","우면동","1","대지","0008","0008","위드빌2","20251219","87500","72.45","33.000000","2","","","2001","연립다세대","중개거래","서울 서초구"
"2026","11680","강남구","10100","역삼동","1","대지","0837","0011","유니온오피스텔","20251219","48000","57.6","81.910000","13","","","1993","오피스텔","중개거래","서울 강남구"
"2026","11710","송파구","11100","방이동","1","대지","0131","0018","유진빌라","20251219","38500","53.3","39.000000","1","","","1986","연립다세대","중개거래","서울 송파구"
"2026","11410","서대문구","11700","연희동","1","대지","0218","0001","연희체스트빌","20251219","11500","16.83","21.935000","4","","","2005","오피스텔","중개거래","서울 서대문구"
"2026","11380","은평구","11400","진관동","1","대지","0094","0000","은평뉴타운 제각말 푸르지오(5-3단지)","20251219","81000","84.89","0.000000","4","","","2010","아파트","중개거래","서울 은평구"
"2026","11200","성동구","12200","용답동","1","대지","0037","0009","센텀시티","20251219","58000","29.75","19.000000","5","","","2022","연립다세대","직거래",""
"2026","11740","강동구","10100","명일동","1","대지","0360","0000","시앤디아파트","20251219","77000","54.55","0.000000","5","","","2025","아파트","중개거래","서울 강동구"
"2026","11530","구로구","10700","개봉동","1","대지","0475","0000","영화","20251219","63500","59.78","0.000000","3","","","1998","아파트","중개거래","서울 구로구"
"2026","11650","서초구","10600","잠원동","1","대지","0073","0000","신반포2","20251219","385000","68.91","0.000000","1","","","1978","아파트","중개거래","서울 서초구"
"2026","11470","양천구","10100","신정동","1","대지","0966","0008","수팰리스(966-8)","20251219","28000","12.05","6.000000","3","","","2011","연립다세대","중개거래","서울 양천구, 인천 계양구"
"2026","11350","노원구","10500","상계동","1","대지","1376","0024","월드맨션빌라","20251219","21200","30.48","15.000000","1","","","1997","연립다세대","중개거래","서울 노원구"
"2026","11440","마포구","12500","성산동","1","대지","0667","0000","월드컵아이파크(667)","20251219","105600","59.73","0.000000","21","","","2009","아파트","중개거래","서울 마포구"
"2026","11710","송파구","10100","잠실동","1","대지","0101","0001","우성아파트","20251219","380000","131.08","0.000000","4","","","1981","아파트","중개거래","서울 송파구"
"2026","11140","중구","16200","신당동","1","대지","0349","0200","양지빌라","20251219","120000","84.97","45.000000","3","","","1992","연립다세대","중개거래","서울 강남구, 서울 중구"
"2026","11500","강서구","10100","염창동","1","대지","0262","0005","목동더채움","20251219","70400","62.01","78.000000","10","","","2023","오피스텔","직거래",""
"2026","11440","마포구","10400","도화동","1","대지","0204","0002","도화아센트로","20251219","80000","22.04","19.000000","3","","","2024","연립다세대","중개거래","서울 용산구"
"2026","11215","광진구","10200","능동","1","대지","0239","0042","로뎀하우스","20251219","14000","12.9","9.000000","1","","","2009","연립다세대","중개거래","서울 광진구"
"2026","11215","광진구","10200","능동","1","대지","0239","0042","로뎀하우스","20251219","16000","12.74","10.000000","2","","","2009","연립다세대","중개거래","서울 광진구"
"2026","11215","광진구","10200","능동","1","대지","0239","0042","로뎀하우스","20251219","16900","12.15","10.000000","2","","","2009","연립다세대","중개거래","서울 광진구"
"2026","11140","중구","16200","신당동","1","대지","0346","0463","럭키빌라","20251219","95000","59.16","29.000000","2","","","1997","연립다세대","중개거래","서울 강남구, 서울 중구"
"2026","11215","광진구","10500","자양동","1","대지","0859","0000","래미안프리미어팰리스","20251219","54700","49.81","72.710000","4","","","2017","오피스텔","중개거래","서울 광진구"
"2026","11500","강서구","10500","마곡동","1","대지","0739","0004","마곡 헤리움1차","20251219","14250","24.07","34.030000","4","","","2015","오피스텔","중개거래","서울 강서구"
"2026","11230","동대문구","10500","답십리동","1","대지","1003","0000","래미안위브","20251219","180000","140.62","0.000000","5","","","2014","아파트","중개거래","서울 동대문구"
"2026","11650","서초구","10800","서초동","1","대지","1445","0004","래미안서초유니빌","20251219","66000","56.344","0.000000","11","","","2003","아파트","중개거래","서울 서초구"
"2026","11650","서초구","10800","서초동","1","대지","1445","0004","래미안서초유니빌","20251219","44000","42","0.000000","12","","","2003","아파트","중개거래","서울 서초구"
"2026","11650","서초구","10800","서초동","1","대지","1754","0000","래미안서초에스티지S","20251219","366000","84.96","0.000000","20","","","2018","아파트","중개거래","서울 서초구"
"2026","11710","송파구","11400","마천동","1","대지","0575","0000","마천금호어울림1차아파트","20251219","111000","101.91","0.000000","19","","","2002","아파트","중개거래","서울 송파구"
"2026","11440","마포구","12600","중동","1","대지","0392","0000","마포중동현대","20251219","129000","114.93","0.000000","21","","","2001","아파트","중개거래","서울 마포구"
"2026","11260","중랑구","10100","면목동","1","대지","0174","0001","동서그랜드맨션","20251219","65000","131.34","0.000000","2","","","1993","아파트","중개거래","서울 중랑구"
"2026","11680","강남구","11800","도곡동","1","대지","0966","0000","매봉삼성","20251219","228000","84.95","0.000000","15","","","1999","아파트","중개거래","서울 강남구"
"2026","11740","강동구","10900","천호동","1","대지","0571","0000","래미안강동팰리스","20251219","159000","84.97","0.000000","4","","","2017","아파트","중개거래","서울 강동구"
"2026","11710","송파구","11400","마천동","1","대지","0018","0000","모드니하우스","20251219","42500","43.14","24.000000","5","","","2023","연립다세대","중개거래","서울 송파구"
"2026","11470","양천구","10200","목동","1","대지","0923","0015","목동 굿모닝탑","20251219","164000","112.998","131.608000","8","","","2004","오피스텔","중개거래","서울 양천구"
"2026","11380","은평구","10900","신사동","1","대지","0023","0038","두성쉐르빌(23-38)","20251219","24500","44.92","17.000000","1","","","2001","연립다세대","중개거래","서울 은평구"
"2026","11260","중랑구","10500","망우동","1","대지","0458","0010","드림캐슬","20251219","25300","26.59","17.000000","6","","","2019","연립다세대","중개거래","서울 중랑구"
"2026","11200","성동구","11800","송정동","1","대지","0067","0005","히페리온리버팰리스","20251219","94500","83.453","0.000000","3","","","2022","아파트","중개거래","서울 강남구"
"2026","11740","강동구","10200","고덕동","1","대지","0210","0001","고덕 센트럴 푸르지오","20251219","18000","20.9","38.480000","7","","","2020","오피스텔","중개거래","서울 강동구"
"2026","11560","영등포구","13300","대림동","1","대지","1127","0000","e편한세상영등포아델포레","20251219","134200","59.968","0.000000","8","","","2020","아파트","중개거래","서울 영등포구"
"2026","11380","은평구","11000","증산동","1","대지","0258","0000","DMC센트럴자이(2단지)","20251219","133000","59.97","0.000000","3","","","2023","아파트","중개거래","서울 은평구"
"2026","11620","관악구","10200","신림동","1","대지","0721","0002","건영2","20251219","31000","43.92","0.000000","3","","","1988","아파트","중개거래","서울 관악구, 서울 금천구"
"2026","11500","강서구","10300","화곡동","1","대지","1091","0000","화곡푸르지오","20251219","121000","129.204","0.000000","14","","","2002","아파트","중개거래","서울 강서구"
"2026","11140","중구","16200","신당동","","","","","","20251219","160000","203.57","79.000000","","","","1993","단독다가구","중개거래","서울 중구"
"2026","11680","강남구","10800","논현동","1","대지","0124","0026","가야하우스","20251219","55500","61.68","30.000000","3","","","2002","연립다세대","중개거래","서울 강남구"
"2026","11215","광진구","10700","화양동","1","대지","0131","0000","대성빌라","20251219","49000","110.62","83.000000","1","","","1983","연립다세대","중개거래","서울 광진구"
"2026","11470","양천구","10200","목동","","","","","","20251219","140000","256.82","233.000000","","","","1984","단독다가구","중개거래","서울 마포구, 서울 양천구"
"2026","11170","용산구","12400","한강로1가","","","","","","20251219","249000","41.32","71.000000","","","","1967","단독다가구","중개거래","서울 용산구"
"2026","11740","강동구","10500","길동","1","대지","0472","0000","희훈리치파크1","20251219","73000","82.42","0.000000","6","","","2002","아파트","중개거래","서울 강동구"
"2026","11290","성북구","10300","돈암동","","","","","","20251219","56000","31.19","60.000000","","","20260113","1985","단독다가구","중개거래","서울 동대문구, 서울 성북구"
"2026","11440","마포구","11100","신수동","","","","","","20251219","79000","20.3","46.000000","","","","1900","단독다가구","중개거래","서울 마포구"
"2026","11290","성북구","11200","삼선동2가","","","","","","20251219","87000","162.48","94.000000","","","","2000","단독다가구","중개거래","서울 성북구"
"2026","11305","강북구","10300","수유동","1","대지","0569","0104","건영주택","20251219","28000","82.53","46.000000","3","","","2003","연립다세대","중개거래","서울 강북구"
"2026","11545","금천구","10300","시흥동","1","대지","1026","0000","남서울힐스테이트","20251219","111000","115.801","0.000000","13","","","2014","아파트","중개거래","서울 금천구"
"2026","11500","강서구","10300","화곡동","1","대지","1103","0003","굿이모션(1103-3)","20251219","40000","77.76","0.000000","3","","","2004","아파트","중개거래","서울 강서구"
"2026","11215","광진구","10300","구의동","1","대지","0680","0000","e편한세상광진그랜드파크","20251219","201000","84.983","0.000000","22","","","2021","아파트","중개거래","서울 강남구"
"2026","11110","종로구","17400","창신동","1","대지","0702","0000","창신쌍용1","20251219","79000","79.87","0.000000","11","","","1992","아파트","중개거래","서울 성북구, 서울 종로구"
"2026","11440","마포구","11100","신수동","1","대지","0089","0038","(89-38)","20251219","70000","47.09","33.000000","4","","","1991","연립다세대","중개거래","서울 마포구"
"2026","11710","송파구","10400","송파동","1","대지","0119","0000","한양아파트","20251219","203000","64.26","0.000000","6","","","1983","아파트","중개거래","서울 송파구"
"2026","11680","강남구","10100","역삼동","1","대지","0780","0009","780-9","20251219","81500","54.39","32.000000","2","","","2016","연립다세대","중개거래","서울 강남구"
"2026","11590","동작구","10700","사당동","1","대지","0077","0050","(77-50)","20251219","65000","46.77","21.000000","3","","","2001","연립다세대","중개거래","서울 동작구"
"2026","11200","성동구","12200","용답동","1","대지","0016","0007","(16-7)","20251219","56000","27.47","27.000000","1","","","2023","연립다세대","중개거래","서울 성동구"
"2026","11440","마포구","12500","성산동","1","대지","0200","0119","중앙주택","20251219","30000","34.74","17.000000","-1","","","2003","연립다세대","직거래",""
"2026","11650","서초구","10600","잠원동","1","대지","0053","0000","현대","20251219","295000","84.87","0.000000","6","","","1993","아파트","중개거래","서울 서초구"
"2026","11500","강서구","10200","등촌동","1","대지","0634","0010","투웨니퍼스트1차","20251219","23400","29.74","38.030000","8","","","null","오피스텔","중개거래","서울 강서구"
"2026","11305","강북구","10200","번동","1","대지","0242","0000","주공1단지","20251219","52000","49.94","0.000000","4","","","1991","아파트","중개거래","서울 강북구, 서울 성북구"
"2026","11230","동대문구","10900","휘경동","1","대지","0295","0032","(295-32)","20251219","27000","49.47","38.000000","1","","","1989","연립다세대","중개거래","서울 동대문구"
"2026","11350","노원구","10600","중계동","1","대지","0130","0001","한솔에코빌(130-1)","20251219","18700","27.47","14.000000","6","","","2014","연립다세대","중개거래","서울 노원구"
"2026","11440","마포구","12000","서교동","1","대지","0382","0027","(382-27)","20251219","50000","65.68","49.000000","2","","","1977","연립다세대","중개거래","서울 마포구"
"2026","11440","마포구","12000","서교동","1","대지","0382","0027","(382-27)","20251219","50000","65.68","49.000000","2","","","1977","연립다세대","중개거래","서울 마포구"
"2026","11500","강서구","10900","방화동","1","대지","0247","0097","(247-97)","20251219","15000","46.42","27.000000","1","","","2002","연립다세대","중개거래","서울 강서구"
"2026","11590","동작구","10200","상도동","1","대지","0335","0033","제니스빌(335-33)","20251219","47000","59.98","32.000000","1","","","2009","연립다세대","중개거래","서울 동작구"
"2026","11470","양천구","10200","목동","1","대지","0743","0026","하이텔파크빌","20251219","23000","59.91","27.000000","4","","","2003","연립다세대","중개거래","서울 양천구"
"2026","11650","서초구","10100","방배동","1","대지","0789","0036","파스텔하우스","20251219","80000","52.32","25.000000","4","","","2003","연립다세대","중개거래","서울 서초구"
"2026","11410","서대문구","11900","북가좌동","1","대지","0481","0000","DMC래미안e편한세상","20251219","138800","84.95","0.000000","12","","","2012","아파트","중개거래","경기 고양시 덕양구, 서울 서대문구"
"2026","11215","광진구","10300","구의동","1","대지","0068","0007","한빛홈","20251219","28200","45.04","25.000000","2","","","2002","연립다세대","중개거래","서울 광진구"
"2026","11620","관악구","10100","봉천동","1","대지","0867","0012","프라비다2","20251219","18800","20.45","0.000000","5","","","2013","아파트","중개거래","서울 관악구"
"2026","11620","관악구","10100","봉천동","1","대지","0480","0144","(480-144)","20251219","75000","62.64","54.000000","1","","","1992","연립다세대","중개거래","서울 관악구"
"2026","11440","마포구","12000","서교동","1","대지","0382","0027","(382-27)","20251219","50000","65.68","49.000000","2","","","1977","연립다세대","중개거래","서울 마포구"
"2026","11230","동대문구","10600","장안동","1","대지","0423","0007","집앤사베르타","20251219","44000","29.98","22.000000","5","","","2022","연립다세대","직거래",""
"2026","11410","서대문구","11900","북가좌동","1","대지","0003","0095","한흥시티빌","20251218","23500","78.97","36.000000","3","","","2001","연립다세대","직거래",""
"2026","11470","양천구","10100","신정동","1","대지","0319","0026","젠트리빌 업무복합시설","20251218","72000","59.24","81.550000","8","","","2023","오피스텔","직거래",""
"2026","11710","송파구","10100","잠실동","1","대지","0027","0000","주공아파트 5단지","20251218","407700","76.5","0.000000","9","","","1978","아파트","중개거래","서울 송파구"
"2026","11590","동작구","10200","상도동","1","대지","0236","0034","한강뉴스타2동(236-34)","20251218","79700","50.94","33.000000","4","","","2016","연립다세대","중개거래","서울 동작구"
"2026","11410","서대문구","11100","홍제동","1","대지","0104","0001","인왕","20251218","75000","58.21","0.000000","2","","","1968","아파트","중개거래","서울 마포구, 서울 서대문구"
"2026","11410","서대문구","11700","연희동","1","대지","0136","0031","제니더플래인","20251218","35000","29.95","14.000000","5","","","2019","연립다세대","중개거래","서울 서대문구"
"2026","11380","은평구","10700","응암동","1","대지","0589","0029","한울스페이스V","20251218","9500","20.1","30.940000","3","","","2012","오피스텔","중개거래","서울 은평구"
"2026","11260","중랑구","10300","중화동","1","대지","0122","0000","이화연립가동","20251218","41300","80.02","78.000000","3","","","1983","연립다세대","직거래",""
"2026","11350","노원구","10200","월계동","1","대지","0781","0000","청백4","20251218","28600","39.84","0.000000","7","","","1998","아파트","중개거래","서울 노원구"
"2026","11545","금천구","10200","독산동","1","대지","0934","0002","(청실주택)","20251218","23500","58.49","26.000000","1","","","1996","연립다세대","중개거래","서울 금천구"
"2026","11200","성동구","11800","송정동","1","대지","0097","0020","(97-20)","20251218","34000","33.57","21.000000","1","","","1990","연립다세대","중개거래","서울 성동구"
"2026","11230","동대문구","10600","장안동","1","대지","0336","0000","장안현대홈타운(336)","20251218","132500","133.72","0.000000","18","","","2003","아파트","중개거래","서울 동대문구"
"2026","11410","서대문구","11800","홍은동","1","대지","0202","0005","현대(1,2차)","20251218","68300","73.98","0.000000","1","","","1988","아파트","중개거래","서울 서대문구"
"2026","11545","금천구","10200","독산동","1","대지","0936","0003","해비치빌(936-3)","20251218","26400","29.4","17.000000","3","","","2014","연립다세대","중개거래","서울 금천구"
"2026","11560","영등포구","11000","여의도동","1","대지","0036","0000","롯데캐슬엠파이어","20251218","299500","163.86","0.000000","27","","","2005","아파트","중개거래","서울 영등포구"
"2026","11740","강동구","10500","길동","1","대지","0099","0001","도림씨티빌1","20251218","53000","68.64","0.000000","8","","","2001","아파트","중개거래","서울 강동구"
"2026","11560","영등포구","11500","당산동5가","1","대지","0008","0000","데시앙루브 오피스텔","20251218","22000","24.97","34.970000","13","","","2014","오피스텔","중개거래","서울 영등포구"
"2026","11740","강동구","10900","천호동","1","대지","0316","0000","도원하늘채","20251218","34500","26.5","12.000000","3","","20260126","2021","연립다세대","중개거래","서울 강동구"
"2026","11440","마포구","12200","합정동","1","대지","0473","0000","마포 한강 2차 푸르지오","20251218","29500","23.08","37.374700","13","","","2016","오피스텔","중개거래","서울 마포구"
"2026","11290","성북구","13400","길음동","1","대지","1289","0000","롯데캐슬클라시아","20251218","140000","59.882","0.000000","22","","","2022","아파트","중개거래","서울 성북구"
"2026","11470","양천구","10100","신정동","1","대지","0911","0009","동일아파트","20251218","68000","83.75","0.000000","6","","","2002","아파트","중개거래","서울 양천구"
"2026","11440","마포구","12200","합정동","1","대지","0472","0000","마포한강푸르지오","20251218","191000","84.64","0.000000","4","","","2015","아파트","중개거래","서울 마포구"
"2026","11110","종로구","13600","인사동","1","대지","0043","0000","대일빌딩","20251218","33500","42.53","42.530000","10","","","1992","오피스텔","직거래",""
"2026","11290","성북구","13500","종암동","1","대지","0133","0000","래미안세레니티","20251218","120800","114.99","0.000000","9","","","2009","아파트","중개거래","서울 성북구"
"2026","11680","강남구","10100","역삼동","1","대지","0642","0006","성지하이츠3","20251218","22800","35.35","35.350000","10","","","1993","오피스텔","중개거래","서울 강남구"
"2026","11650","서초구","10900","내곡동","1","대지","0384","0000","서초포레스타2단지","20251218","153000","59.21","0.000000","13","","","2015","아파트","중개거래","서울 서초구"
"2026","11230","동대문구","10700","청량리동","1","대지","0205","0759","삼호빌","20251218","31400","55.94","36.000000","3","","","2012","연립다세대","중개거래","서울 동대문구"
"2026","11110","종로구","18400","부암동","1","대지","0129","0019","부암로자벨","20251218","39900","58.44","75.000000","-1","","","2014","연립다세대","중개거래","서울 종로구"
"2026","11650","서초구","10800","서초동","1","대지","1309","0001","서초동오피스텔","20251218","26900","34.88","46.210000","6","","","2004","오피스텔","중개거래","서울 서초구"
"2026","11680","강남구","10600","대치동","1","대지","0890","0059","선릉역 롯데골드로즈2","20251218","49000","50.73","70.840000","14","","","2004","오피스텔","중개거래","서울 강남구"
"2026","11470","양천구","10200","목동","1","대지","0925","0000","목동신시가지7","20251218","260000","66.6","0.000000","3","","","1986","아파트","중개거래","서울 양천구"
"2026","11560","영등포구","11000","여의도동","1","대지","0525","0000","브라이튼 여의도","20251218","67800","29.98","47.710000","6","","","2023","오피스텔","중개거래","서울 영등포구"
"2026","11710","송파구","10800","문정동","1","대지","0145","0000","문정시영","20251218","95000","39.69","0.000000","13","","","1989","아파트","중개거래","서울 송파구"
"2026","11350","노원구","10500","상계동","1","대지","0652","0000","상계주공11(고층)","20251218","73000","68.86","0.000000","4","","","1988","아파트","중개거래","서울 노원구"
"2026","11650","서초구","10100","방배동","1","대지","0477","0011","방배파크빌","20251218","56000","58.44","36.000000","2","","","2018","연립다세대","중개거래","서울 서초구"
"2026","11380","은평구","11400","진관동","1","대지","0060","0000","은평뉴타운솔하임","20251218","14400","18.717","29.344000","13","","","2017","오피스텔","중개거래","서울 은평구"
"2026","11710","송파구","11100","방이동","1","대지","0089","0000","올림픽선수기자촌3단지","20251218","320000","100.31","0.000000","10","","","1988","아파트","중개거래","서울 송파구"
"2026","11650","서초구","10700","반포동","1","대지","0743","0008","오크트리빌","20251218","90000","59.57","36.000000","5","","","2010","연립다세대","중개거래","서울 서초구"
"2026","11650","서초구","10800","서초동","1","대지","1599","0002","엘지서초에클라트","20251218","36500","37.692","50.041000","22","","","2004","오피스텔","중개거래","서울 서초구"
"2026","11710","송파구","10500","석촌동","1","대지","0233","0003","욱빈ID힐타움(233-3)","20251218","53000","48.79","26.000000","4","","","2014","연립다세대","중개거래","서울 송파구"
"2026","11650","서초구","10200","양재동","1","대지","0011","0004","써밋파크","20251218","24500","19.06","21.260000","7","","","2022","오피스텔","중개거래","서울 서초구"
"2026","11170","용산구","10200","용산동2가","1","대지","0029","0003","신성","20251218","59000","49.46","20.000000","-1","","","1986","연립다세대","중개거래","서울 용산구"
"2026","11215","광진구","10500","자양동","1","대지","0640","0035","수호아트빌","20251218","108000","61.44","33.000000","3","","","2010","연립다세대","중개거래","서울 광진구"
"2026","11500","강서구","10100","염창동","1","대지","0066","0009","염창동한강우성","20251218","106000","84.7","0.000000","4","","","1990","아파트","중개거래","서울 강서구"
"2026","11560","영등포구","11800","도림동","1","대지","0820","0000","쌍용플래티넘시티1단지","20251218","58300","62.42","75.420000","14","","","2006","오피스텔","중개거래","서울 영등포구"
"2026","11260","중랑구","10100","면목동","1","대지","0064","0055","수옥하우스","20251218","32500","28.07","19.000000","3","","","2021","연립다세대","중개거래","서울 중랑구"
"2026","11440","마포구","10900","염리동","1","대지","0082","0018","우노펠리체","20251218","53000","18.51","9.000000","5","","20260121","2020","연립다세대","직거래",""
"2026","11440","마포구","10900","염리동","1","대지","0082","0018","우노펠리체","20251218","53000","18.51","9.000000","5","","","2020","연립다세대","직거래",""
"2026","11500","강서구","10300","화곡동","1","대지","0056","0029","계명나동(56-29)","20251218","33000","76.08","0.000000","7","","","2002","아파트","중개거래","서울 강서구"
"2026","11410","서대문구","11900","북가좌동","1","대지","0431","0000","DMC한양","20251218","89900","105.88","0.000000","2","","","1987","아파트","중개거래","서울 서대문구"
"2026","11680","강남구","10100","역삼동","1","대지","0703","0006","K타워 오피스텔","20251218","17400","21.26","30.470000","13","","","2014","오피스텔","중개거래","서울 강남구"
"2026","11140","중구","16200","신당동","1","대지","0353","0033","각산타운","20251218","69300","82.41","42.000000","4","","","1997","연립다세대","중개거래","서울 중구"
"2026","11500","강서구","10300","화곡동","1","대지","0424","0069","감성빌","20251218","21500","25.22","15.000000","6","","","2016","연립다세대","중개거래","서울 강서구"
"2026","11500","강서구","10300","화곡동","1","대지","0998","0005","강서크라운팰리스","20251218","21164","29.63","45.840000","9","","","2019","오피스텔","직거래",""
"2026","11215","광진구","10500","자양동","1","대지","0646","0018","경성주택","20251218","46000","55.02","23.000000","-1","","","1991","연립다세대","중개거래","서울 광진구"
"2026","11680","강남구","10400","청담동","1","대지","0005","0000","경원오피스텔","20251218","28000","22.77","31.660000","12","","","1991","오피스텔","중개거래","서울 강남구"
"2026","11290","성북구","13900","석관동","1","대지","0189","0025","골든캐슬12차","20251218","42000","47.23","16.000000","8","","","2021","연립다세대","중개거래","서울 노원구, 서울 성북구"
"2026","11140","중구","13200","충무로4가","1","대지","0306","0000","남산센트럴자이","20251218","131500","82.413","0.000000","17","","","2009","아파트","중개거래","서울 강남구, 충북 청주시 상당구"
"2026","11140","중구","16200","신당동","1","대지","0844","0000","남산타운","20251218","154500","84.88","0.000000","12","","","2002","아파트","중개거래","서울 중구"
"2026","11680","강남구","10800","논현동","1","대지","0260","0000","논현아펠바움2차(3단지)","20251218","650000","244.7","185.000000","3","","","2011","연립다세대","중개거래","서울 강남구, 서울 용산구"
"2026","11215","광진구","10300","구의동","1","대지","0591","0015","뉴그린빌리지","20251218","60000","29.67","18.000000","5","","","2017","연립다세대","중개거래","서울 광진구"
"2026","11500","강서구","10300","화곡동","1","대지","0789","0012","다솜빌라트(789-12)","20251218","25000","64.5","34.000000","2","","","2001","연립다세대","직거래",""
"2026","11650","서초구","10100","방배동","1","대지","0475","0011","대룡빌라","20251218","35000","41.67","28.000000","-1","","","1991","연립다세대","중개거래","서울 서초구"
"2026","11710","송파구","11300","거여동","1","대지","0002","0005","대성레전드빌","20251218","33500","37.32","22.000000","3","","","2012","연립다세대","중개거래","서울 송파구"
"2026","11110","종로구","13300","익선동","1","대지","0055","0000","현대뜨레비앙","20251218","46500","46.64","0.000000","4","","","2003","아파트","중개거래","서울 종로구"
"2026","11320","도봉구","10700","창동","1","대지","0549","0007","현대캐슬","20251218","24700","29.99","18.000000","3","","","2018","연립다세대","중개거래","서울 도봉구"
"2026","11500","강서구","10300","화곡동","1","대지","0957","0014","호수타운(957-14)","20251218","18500","36.36","19.000000","5","","","2002","연립다세대","중개거래","서울 강서구"
"2026","11560","영등포구","11000","여의도동","1","대지","0044","0005","힐스테이트 여의도 파인루체","20251218","133000","76.4","109.590000","12","","","2023","오피스텔","중개거래","서울 영등포구"
"2026","11170","용산구","10100","후암동","","","","","","20251218","70000","20.66","34.000000","","","","1973","단독다가구","중개거래","서울 동대문구"
"2026","11110","종로구","15900","원남동","","","","","","20251218","130000","145.99","124.000000","","","","1971","단독다가구","중개거래","서울 성북구"
"2026","11710","송파구","11400","마천동","","","","","","20251218","101000","156.87","99.000000","","","","1992","단독다가구","중개거래","서울 송파구"
"2026","11740","강동구","10900","천호동","","","","","","20251218","86000","195.27","132.000000","","","","1984","단독다가구","중개거래","서울 강동구"
"2026","11740","강동구","10800","성내동","","","","","","20251218","96000","231.67","118.000000","","","","1996","단독다가구","중개거래","서울 강동구"
"2026","11620","관악구","10200","신림동","","","","","","20251217","82000","149.22","89.000000","","","20260117","1993","단독다가구","중개거래","서울 관악구"
"2026","11410","서대문구","11000","북아현동","1","대지","0001","0056","현대빌리지","20251217","150050","131.11","75.000000","3","","","1994","연립다세대","중개거래","서울 강서구, 서울 서대문구"
"2026","11230","동대문구","11000","이문동","","","","","","20251217","70000","42.88","69.000000","","","","1969","단독다가구","중개거래","서울 동대문구"
"2026","11710","송파구","10300","풍납동","1","대지","0261","0000","현대리버빌2지구","20251217","125250","84.97","0.000000","4","","","1999","아파트","중개거래","경기 하남시, 서울 송파구"
"2026","11560","영등포구","11000","여의도동","1","대지","0041","0000","대교","20251217","328000","95.5","0.000000","7","","","1975","아파트","중개거래","서울 영등포구"
"2026","11500","강서구","10200","등촌동","1","대지","0561","0001","대림e편한세상","20251217","89500","84.96","0.000000","1","","","2002","아파트","중개거래","서울 강서구, 서울 양천구"
"2026","11740","강동구","10500","길동","1","대지","0414","0010","강동한신휴플러스","20251217","64000","77.82","0.000000","8","","","2006","아파트","중개거래","서울 강동구"
"2026","11710","송파구","11300","거여동","1","대지","0290","0000","거여1단지","20251217","109700","59.73","0.000000","12","","","1997","아파트","중개거래","서울 송파구"
"2026","11710","송파구","10100","잠실동","","","","","","20251217","540000","829.81","259.000000","","","","1997","단독다가구","중개거래","서울 강남구"
"2026","11110","종로구","17500","숭인동","","","","","","20251217","60000","49.59","74.000000","","","","1959","단독다가구","중개거래","서울 종로구"
"2026","11680","강남구","10400","청담동","1","대지","0128","0001","구산","20251217","220000","80.58","0.000000","1","","","1993","아파트","중개거래","서울 강남구"
"2026","11560","영등포구","12100","문래동3가","","","","","","20251217","31500","25","30.000000","","","","1985","단독다가구","중개거래","서울 영등포구"
"2026","11440","마포구","10700","마포동","1","대지","0450","0000","나루","20251217","125000","71.95","103.400000","11","","","2022","오피스텔","중개거래","서울 마포구"
"2026","11230","동대문구","10900","휘경동","1","대지","0375","0000","휘경해모로프레스티지","20251217","90500","59.77","0.000000","6","","","2021","아파트","중개거래","서울 동대문구"
"2026","11545","금천구","10200","독산동","","","","","","20251217","73500","199.74","126.000000","","","","1991","단독다가구","중개거래","서울 금천구"
"2026","11170","용산구","11900","효창동","1","대지","0002","0015","H파크빌","20251217","37400","29.05","21.000000","4","","","2019","연립다세대","직거래",""
"2026","11110","종로구","18600","신영동","","","","","","20251217","30000","144.74","36.000000","","","","2002","단독다가구","직거래",""
"2026","11710","송파구","10300","풍납동","","","","","","20251217","204400","468.83","212.000000","","","","1994","단독다가구","중개거래","서울 송파구"
"2026","11500","강서구","10300","화곡동","1","대지","0397","0024","남성아트빌(397-24)","20251217","19000","28.39","17.000000","2","","","2013","연립다세대","중개거래","서울 강서구"
"2026","11620","관악구","10200","신림동","","","","","","20251217","72000","96.63","165.000000","","","","1977","단독다가구","중개거래","서울 관악구"
"2026","11590","동작구","10200","상도동","1","대지","0211","0480","현대하이츠103동","20251217","26500","67.6","37.000000","-1","","","1991","연립다세대","중개거래","서울 동작구"
"2026","11320","도봉구","10500","쌍문동","1","대지","0297","0008","광명주택(가,나)","20251217","9100","48.72","33.000000","-1","","","1986","연립다세대","중개거래","서울 도봉구"
"2026","11500","강서구","10300","화곡동","1","대지","0397","0024","남성아트빌(397-24)","20251217","19000","28.39","17.000000","2","","20260113","2013","연립다세대","중개거래","서울 강서구"
"2026","11110","종로구","11500","사직동","","","","","","20251217","143500","32.23","72.000000","","","","1911","단독다가구","중개거래","서울 종로구"
"2026","11650","서초구","10800","서초동","1","대지","1582","0003","서초센트럴IPARK","20251217","30000","24.755","38.641100","4","","","2020","오피스텔","직거래",""
"2026","11380","은평구","11400","진관동","1","대지","0001","0000","상림마을6단지푸르지오(615~621동)BL1-6","20251217","79000","84.79","0.000000","8","","","2008","아파트","중개거래","서울 은평구"
"2026","11590","동작구","10200","상도동","1","대지","0450","0000","상도동래미안1차","20251217","148500","84.959","0.000000","13","","","2004","아파트","중개거래","서울 동작구"
"2026","11590","동작구","10700","사당동","1","대지","1048","0001","목화빌라10차","20251217","54000","59.06","29.000000","2","","","2003","연립다세대","중개거래","서울 동작구"
"2026","11650","서초구","10900","내곡동","1","대지","0411","0000","서초더샵포레","20251217","174000","84.81","0.000000","3","","","2014","아파트","중개거래","서울 서초구"
"2026","11215","광진구","10500","자양동","1","대지","0647","0009","무진그랑빌(647-9)","20251217","79000","39.59","28.000000","2","","","2007","연립다세대","중개거래","경기 하남시, 서울 광진구"
"2026","11530","구로구","10600","고척동","1","대지","0141","0001","서울가든","20251217","60500","84.99","0.000000","1","","","1989","아파트","중개거래","서울 구로구"
"2026","11470","양천구","10200","목동","1","대지","0745","0018","백창빌라","20251217","43000","59.67","26.000000","-1","","","2003","연립다세대","중개거래","서울 양천구"
"2026","11320","도봉구","10800","도봉동","1","대지","0030","0001","한신","20251217","59800","84.94","0.000000","9","","","1995","아파트","중개거래","서울 도봉구"
"2026","11590","동작구","10200","상도동","1","대지","0302","0044","중앙쉐르빌(302-44)","20251217","43000","80.71","45.000000","3","","","2003","연립다세대","중개거래","서울 동작구"
"2026","11215","광진구","10300","구의동","1","대지","0209","0066","크로마하우스","20251217","37200","25.45","16.000000","2","","","2019","연립다세대","중개거래","서울 광진구"
"2026","11740","강동구","10900","천호동","1","대지","0337","0088","(337-88)","20251217","49800","42.05","28.000000","3","","","2016","연립다세대","중개거래","서울 강동구"
"2026","11140","중구","14300","장충동1가","1","대지","0050","0016","장충라인힐","20251217","47000","29.97","23.000000","2","","","2022","연립다세대","직거래",""
"2026","11305","강북구","10300","수유동","1","대지","0519","0022","주영하이츠빌라","20251217","37000","97.35","62.000000","3","","","1998","연립다세대","중개거래","서울 강북구"
"2026","11530","구로구","10200","구로동","1","대지","0685","0223","주공2","20251217","83500","54.9","0.000000","11","","","1987","아파트","중개거래","서울 구로구"
"2026","11620","관악구","10200","신림동","1","대지","0409","0108","전원하이츠빌라나동","20251217","30000","43.02","22.000000","3","","","1991","연립다세대","중개거래","서울 관악구"
"2026","11650","서초구","10700","반포동","1","대지","0731","0014","(731-14)","20251217","80000","28.77","20.000000","4","","","2016","연립다세대","중개거래","서울 서초구"
"2026","11680","강남구","10600","대치동","1","대지","0511","0000","한보미도맨션2","20251217","480000","126.33","0.000000","5","","","1985","아파트","중개거래","서울 강남구"
"2026","11305","강북구","10300","수유동","1","대지","0280","0021","한신빌라B동","20251217","13200","37.26","19.000000","1","","","1994","연립다세대","직거래",""
"2026","11710","송파구","10500","석촌동","1","대지","0285","0000","잠실한솔","20251217","158500","59.86","0.000000","16","","","2000","아파트","중개거래","서울 송파구"
"2026","11710","송파구","10200","신천동","1","대지","0011","0010","잠실아이스페이스","20251217","87500","67.11","0.000000","16","","","2001","아파트","중개거래","서울 송파구"
"2026","11200","성동구","12200","용답동","1","대지","0023","0010","청계리버빌2차","20251217","58900","24.64","19.000000","3","","","2022","연립다세대","중개거래","서울 성동구"
"2026","11215","광진구","10200","능동","1","대지","0245","0010","하우젠팰리스","20251217","35000","29.86","23.000000","3","","","2017","연립다세대","중개거래","서울 광진구"
"2026","11680","강남구","11800","도곡동","1","대지","0467","0029","타워팰리스","20251217","510000","180.311","225.462000","12","","","2004","오피스텔","중개거래","서울 강남구"
"2026","11230","동대문구","10500","답십리동","1","대지","1003","0000","래미안위브","20251217","169000","84.98","0.000000","6","","","2014","아파트","중개거래","서울 동대문구"
"2026","11440","마포구","10200","공덕동","1","대지","0469","0000","래미안공덕5차","20251217","193000","59.97","0.000000","13","","","2011","아파트","중개거래","서울 마포구"
"2026","11650","서초구","10100","방배동","1","대지","0754","0001","롯데캐슬헤론","20251217","261000","168.81","0.000000","15","","","2006","아파트","중개거래","서울 서초구"
"2026","11680","강남구","10800","논현동","1","대지","0114","0023","로체샤르캐슬","20251217","137000","105.99","0.000000","3","","","2009","아파트","중개거래","서울 강남구"
"2026","11170","용산구","10100","후암동","1","대지","0399","0003","마이다스빌(Ⅱ)","20251217","75000","65.25","36.000000","2","","","2001","연립다세대","중개거래","서울 용산구"
"2026","11260","중랑구","10400","묵동","1","대지","0249","0073","대원파크빌(249-73)","20251217","26500","27.71","18.000000","6","","","2020","연립다세대","중개거래","서울 중랑구"
"2026","11530","구로구","11000","온수동","1","대지","0045","0031","대흥빌라","20251217","77300","90.24","80.000000","2","","","1985","연립다세대","중개거래","서울 구로구"
"2026","11380","은평구","10400","갈현동","1","대지","0511","0026","만민베스트빌A동","20251217","16000","28.27","15.000000","4","","","2001","연립다세대","중개거래","서울 은평구"
"2026","11500","강서구","10500","마곡동","1","대지","0767","0004","롯데캐슬 르웨스트","20251217","144400","82.038","88.126800","4","","","2024","오피스텔","직거래",""
"2026","11260","중랑구","10100","면목동","1","대지","0399","0006","아름쉐르빌101동","20251217","28000","21.97","15.000000","6","","","2018","연립다세대","중개거래","서울 중랑구"
"2026","11260","중랑구","10100","면목동","1","대지","0064","0055","수옥하우스","20251217","32000","28.03","19.000000","3","","","2021","연립다세대","중개거래","서울 중랑구"
"2026","11500","강서구","10900","방화동","1","대지","0246","0038","스카이빌","20251217","34000","40.8","30.000000","3","","","2017","연립다세대","중개거래","서울 강서구"
"2026","11590","동작구","10700","사당동","1","대지","1048","0010","월드맨숀","20251217","49500","52.51","26.000000","2","","","2002","연립다세대","중개거래","서울 동작구, 서울 서초구"
"2026","11110","종로구","10500","창성동","1","대지","0021","0001","씨티하우스2차","20251217","117000","82.93","49.000000","3","","","2001","연립다세대","직거래",""
"2026","11290","성북구","12800","보문동6가","1","대지","0036","0002","아남","20251217","62000","84.9","0.000000","1","","","1994","아파트","중개거래","서울 성북구"
"2026","11470","양천구","10300","신월동","1","대지","0987","0001","신월시영","20251217","60000","50.67","0.000000","8","","","1988","아파트","중개거래","서울 양천구"
"2026","11200","성동구","10500","마장동","1","대지","0820","0000","왕십리금호어울림","20251217","108000","84.97","0.000000","16","","","2006","아파트","직거래",""
"2026","11560","영등포구","10200","영등포동1가","1","대지","0113","0001","여의도씨티아이","20251217","12500","12.89","0.000000","13","","","2013","아파트","중개거래","서울 영등포구"
"2026","11500","강서구","10800","공항동","1","대지","0041","0100","예하임","20251217","37000","72.24","41.000000","2","","","2007","연립다세대","중개거래","서울 강서구"
"2026","11650","서초구","10800","서초동","1","대지","1491","0030","엘리시아서리풀","20251217","79000","52.98","32.000000","5","","","2016","연립다세대","중개거래","서울 서초구"
"2026","11710","송파구","10700","가락동","1","대지","0030","0009","이스트파크","20251216","26500","29.84","19.000000","2","","","2015","연립다세대","중개거래","서울 송파구"
"2026","11500","강서구","10200","등촌동","1","대지","0063","0012","어위쉬 예다인","20251216","54500","81.89","109.850000","12","","","2008","오피스텔","중개거래","서울 강서구"
"2026","11170","용산구","11200","원효로1가","1","대지","0041","0000","용산더프라임","20251216","235000","114.218","0.000000","34","","","2014","아파트","중개거래","서울 용산구"
"2026","11440","마포구","12300","망원동","1","대지","0485","0019","스위트하우스","20251216","40000","50.5","39.000000","4","","","2014","연립다세대","중개거래","서울 마포구"
"2026","11440","마포구","10300","신공덕동","1","대지","0005","0007","위너빌A","20251216","50000","46.68","28.000000","2","","","2015","연립다세대","중개거래","서울 마포구"
"2026","11215","광진구","10500","자양동","1","대지","0193","0013","센트럴리버뷰","20251216","145000","26.35","17.000000","4","","","2021","연립다세대","중개거래","서울 광진구"
"2026","11560","영등포구","11000","여의도동","1","대지","0017","0000","여의도 the？ 아일랜드 파크","20251216","211000","124.7","159.760000","2","","","2006","오피스텔","중개거래","서울 영등포구"
"2026","11290","성북구","13600","하월곡동","1","대지","0090","0288","월곡빌라","20251216","35500","66.39","60.000000","2","","","1982","연립다세대","중개거래","서울 성북구"
"2026","11650","서초구","10700","반포동","1","대지","0107","0061","알파레타4차","20251216","70000","27.14","37.000000","5","","","2019","연립다세대","중개거래","서울 서초구"
"2026","11590","동작구","10800","대방동","1","대지","0393","0038","아너스힐3차(393-38)","20251216","43000","36.47","25.000000","3","","","2014","연립다세대","중개거래","서울 동작구"
"2026","11380","은평구","10300","불광동","1","대지","0094","0000","중앙타운","20251216","36600","62.92","31.000000","1","","","2000","연립다세대","중개거래","서울 은평구, 서울 중구"
"2026","11350","노원구","10400","하계동","1","대지","0284","0000","청구","20251216","83000","84.97","0.000000","6","","","1988","아파트","중개거래","서울 노원구"
"2026","11260","중랑구","10300","중화동","1","대지","0326","0027","(326-27)","20251216","31000","34.71","28.000000","4","","","2019","연립다세대","중개거래","서울 중랑구"
"2026","11170","용산구","11100","청파동3가","1","대지","0132","0050","한울글로리A","20251216","59800","65.3","0.000000","4","","","2003","아파트","중개거래","서울 용산구"
"2026","11590","동작구","10200","상도동","1","대지","0521","0000","포스코더샵","20251216","200000","161.481","0.000000","8","","","2007","아파트","중개거래","서울 동작구"
"2026","11650","서초구","10200","양재동","1","대지","0275","0003","트윈타워","20251216","25000","29.02","29.020000","16","","","1991","오피스텔","중개거래","서울 서초구"
"2026","11710","송파구","10200","신천동","1","대지","0017","0000","파크리오","20251216","274000","59.95","0.000000","22","","","2008","아파트","중개거래","서울 송파구"
"2026","11500","강서구","10300","화곡동","1","대지","0410","0226","한선빌라가동","20251216","5500","35.95","29.000000","-1","","","1988","연립다세대","중개거래","서울 강서구"
"2026","11650","서초구","10800","서초동","1","대지","1308","0016","한서그린빌리지오피스텔","20251216","19500","25.34","36.350000","7","","","1990","오피스텔","중개거래","서울 서초구"
"2026","11260","중랑구","10100","면목동","1","대지","1514","0000","풍림","20251216","59000","84.64","0.000000","2","","","1997","아파트","중개거래","서울 중랑구"
"2026","11710","송파구","10100","잠실동","1","대지","0027","0000","주공아파트 5단지","20251216","407500","76.5","0.000000","8","","","1978","아파트","중개거래","서울 강남구, 서울 송파구"
"2026","11215","광진구","10500","자양동","1","대지","0197","0007","(197-7)","20251216","129000","29.61","21.000000","3","","","2016","연립다세대","중개거래","서울 광진구"
"2026","11680","강남구","10600","대치동","1","대지","0511","0000","한보미도맨션1","20251216","530000","128.01","0.000000","13","","","1983","아파트","중개거래","서울 강남구"
"2026","11470","양천구","10200","목동","1","대지","0713","0001","(713-1)","20251216","33495","59.88","71.650000","3","","","2018","오피스텔","직거래",""
"2026","11650","서초구","10700","반포동","1","대지","0728","0033","(728-33)","20251216","13800","25.75","11.000000","-1","","","1992","연립다세대","중개거래","서울 서초구"
"2026","11470","양천구","10200","목동","1","대지","0131","0044","초원빌라나동","20251216","42000","66.42","38.000000","4","","","1992","연립다세대","중개거래","서울 서초구, 서울 양천구"
"2026","11260","중랑구","10500","망우동","1","대지","0508","0014","해오름101동","20251216","58500","84.972","0.000000","9","","","2005","아파트","중개거래","서울 중랑구"
"2026","11380","은평구","10200","녹번동","1","대지","0076","0077","DH팰리스B동","20251216","31000","38.01","20.000000","3","","","2016","연립다세대","중개거래","서울 은평구"
"2026","11710","송파구","10700","가락동","1","대지","0913","0000","헬리오시티","20251216","172000","39.1","0.000000","7","","","2018","아파트","중개거래","서울 송파구"
"2026","11260","중랑구","10100","면목동","1","대지","0091","0038","(91-38)","20251216","27500","35.8","36.000000","1","","","1980","연립다세대","중개거래","서울 중랑구"
"2026","11380","은평구","10300","불광동","1","대지","0382","0010","중앙하이츠빌라","20251216","30300","39.96","17.000000","4","","","2001","연립다세대","중개거래","서울 은평구"
"2026","11260","중랑구","10100","면목동","1","대지","1502","0000","현대","20251216","75000","84.81","0.000000","12","","","1994","아파트","중개거래","서울 광진구, 서울 중랑구"
"2026","11470","양천구","10300","신월동","1","대지","0482","0020","창우AEGISⅡ","20251216","22500","46.61","29.000000","2","","","2016","연립다세대","중개거래","서울 서초구"
"2026","11470","양천구","10100","신정동","1","대지","0973","0040","하나목동아이파크뷰(973-40)","20251216","45000","25.38","10.000000","2","","","2020","연립다세대","중개거래","경기 하남시, 서울 양천구"
"2026","11620","관악구","10200","신림동","1","대지","0363","0008","(363-8)","20251216","63000","40.75","29.000000","1","","","1986","연립다세대","중개거래","서울 관악구"
"2026","11380","은평구","10800","역촌동","","","","","","20251216","58000","51.21","109.000000","","","","1971","단독다가구","중개거래","서울 관악구, 서울 은평구"
"2026","11305","강북구","10200","번동","1","대지","0191","0000","기산그린","20251216","38500","59.94","0.000000","14","","","2000","아파트","중개거래","서울 강북구"
"2026","11215","광진구","10900","군자동","","","","","","20251216","130000","224.07","146.000000","","","","1991","단독다가구","중개거래","서울 광진구, 서울 중랑구"
"2026","11545","금천구","10300","시흥동","1","대지","0988","0016","힐하우스","20251216","34000","75.27","38.000000","3","","","2008","연립다세대","중개거래","서울 금천구"
"2026","11410","서대문구","11000","북아현동","1","대지","0001","0340","힐스타빌리지3차","20251216","49800","46.12","28.000000","1","","","2019","연립다세대","중개거래","서울 서대문구"
"2026","11710","송파구","10100","잠실동","1","대지","0212","0015","GOODPEOPLE","20251216","61000","47.7","26.000000","2","","","2015","연립다세대","직거래",""
"2026","11215","광진구","10300","구의동","1","대지","0204","0025","SKY파크뷰","20251216","28900","29.91","33.000000","6","","","2020","연립다세대","중개거래","서울 광진구"
"2026","11500","강서구","10400","가양동","1","대지","0448","0000","강나루2현대","20251216","104500","84.99","0.000000","4","","","2001","아파트","중개거래","서울 강서구"
"2026","11500","강서구","10400","가양동","1","대지","0448","0000","강나루2현대","20251216","104500","84.99","0.000000","4","","20260113","2001","아파트","중개거래","서울 강서구"
"2026","11500","강서구","10100","염창동","1","대지","0272","0020","거창","20251216","13000","22.4","13.000000","1","","","1996","연립다세대","중개거래","서울 강서구"
"2026","11680","강남구","10800","논현동","1","대지","0203","0001","거평타운오피스텔","20251216","16000","32.8","43.310000","12","","","1991","오피스텔","직거래",""
"2026","11680","강남구","10100","역삼동","1","대지","0722","0000","경남아너스빌","20251216","160000","84.688","0.000000","6","","","2002","아파트","중개거래","서울 강남구"
"2026","11560","영등포구","13200","신길동","","","","","","20251216","110000","174.78","145.000000","","","","1977","단독다가구","중개거래","서울 영등포구"
"2026","11740","강동구","10200","고덕동","","","","","","20251216","250000","245.01","177.000000","","","","1988","단독다가구","중개거래","서울 강동구"
"2026","11410","서대문구","12000","남가좌동","1","대지","0376","0000","남가좌동현대","20251216","75000","59.4","0.000000","2","","","1999","아파트","중개거래","서울 서대문구"
"2026","11260","중랑구","10200","상봉동","1","대지","0101","0019","상봉베스트원","20251216","25000","22.14","0.000000","6","","","2019","아파트","중개거래","서울 중랑구"
"2026","11440","마포구","12200","합정동","1","대지","0445","0002","백운아트빌라(445-2)","20251216","52000","36.6","20.000000","-1","","","1990","연립다세대","중개거래","서울 마포구"
"2026","11215","광진구","10300","구의동","1","대지","0021","0036","삼성로얄빌라","20251216","41000","84.69","41.000000","4","","","1999","연립다세대","중개거래","서울 광진구"
"2026","11290","성북구","13800","장위동","1","대지","0246","0299","미건하이빌B동","20251216","53500","42.78","21.000000","5","","","2003","연립다세대","중개거래","서울 성북구"
"2026","11560","영등포구","11400","당산동4가","1","대지","0098","0000","브라운스톤당산","20251216","140000","84.035","0.000000","4","","","2015","아파트","중개거래","서울 영등포구"
"2026","11320","도봉구","10700","창동","1","대지","0578","0164","삼일아트빌(578-164)","20251216","20000","66.92","30.000000","4","","","2011","연립다세대","중개거래","서울 도봉구"
"2026","11305","강북구","10300","수유동","1","대지","0469","0265","삼성S클래스","20251216","20000","29.89","23.000000","3","","","2017","연립다세대","중개거래","서울 강북구"
"2026","11650","서초구","10300","우면동","1","대지","0720","0000","서초네이처힐4단지","20251216","189000","84.77","0.000000","9","","","2011","아파트","중개거래","서울 서초구"
"2026","11110","종로구","16000","연지동","1","대지","0056","0000","더넥스트 종로","20251216","26500","18.66","26.419300","11","","","2022","오피스텔","중개거래","서울 종로구"
"2026","11500","강서구","10500","마곡동","1","대지","0767","0004","롯데캐슬 르웨스트","20251216","157700","82.038","88.126800","5","","","2024","오피스텔","직거래",""
"2026","11500","강서구","10600","내발산동","1","대지","0702","0004","더 자하","20251216","43800","25.95","34.480000","4","","","2022","오피스텔","직거래",""
"2026","11380","은평구","10400","갈현동","1","대지","0392","0013","더클래스","20251216","24500","28.45","18.000000","6","","","2017","연립다세대","중개거래","서울 강서구, 서울 성동구"
"2026","11290","성북구","13600","하월곡동","1","대지","0225","0000","래미안월곡","20251216","109500","114.678","0.000000","1","","","2006","아파트","중개거래","서울 동대문구, 서울 성북구"
"2026","11680","강남구","10600","대치동","1","대지","0891","0026","대우아이빌멤버스(891-26)","20251216","34000","35.796","0.000000","6","","","2003","아파트","중개거래","서울 강남구"
"2026","11500","강서구","10500","마곡동","1","대지","0767","0004","롯데캐슬 르웨스트","20251216","159500","78.802","84.313900","10","","","2024","오피스텔","직거래",""
"2026","11590","동작구","10700","사당동","1","대지","0044","0179","디에스리브1단지","20251215","36000","29.89","23.000000","2","","","2021","연립다세대","중개거래","서울 동작구"
"2026","11680","강남구","10800","논현동","1","대지","0058","0002","마일스디오빌","20251215","40000","36.29","0.000000","11","","","2004","아파트","직거래",""
"2026","11320","도봉구","10800","도봉동","1","대지","0644","0000","도봉파크빌3","20251215","61000","84.354","0.000000","11","","","2002","아파트","중개거래","서울 도봉구"
"2026","11680","강남구","10600","대치동","1","대지","0889","0056","더 나인 오피스텔","20251215","20500","32.7","44.620000","6","","","2004","오피스텔","중개거래","서울 강남구"
"2026","11680","강남구","10600","대치동","1","대지","0889","0056","더 나인 오피스텔","20251215","21000","35.28","48.130000","6","","","2004","오피스텔","중개거래","서울 강남구"
"2026","11740","강동구","10800","성내동","1","대지","0245","0027","더다온245","20251215","53500","39.11","24.000000","3","","","2021","연립다세대","직거래",""
"2026","11710","송파구","10500","석촌동","1","대지","0257","0011","대원빌리지","20251215","47700","60.3","33.000000","2","","","2004","연립다세대","중개거래","서울 송파구"
"2026","11260","중랑구","10100","면목동","1","대지","0175","0017","더베스트빌","20251215","50500","40.65","22.000000","7","","","2023","연립다세대","직거래",""
"2026","11590","동작구","10700","사당동","1","대지","0091","0047","더에이팩스","20251215","90000","50.32","44.000000","2","","","2025","연립다세대","중개거래","서울 동작구"
"2026","11680","강남구","11800","도곡동","1","대지","0183","0008","도곡현대힐스테이트103동","20251215","280000","149.3","0.000000","2","","","1996","아파트","중개거래","서울 강남구"
"2026","11530","구로구","10700","개봉동","1","대지","0472","0000","두산","20251215","58500","84.96","0.000000","3","","","1997","아파트","중개거래","서울 구로구"
"2026","11710","송파구","10100","잠실동","1","대지","0022","0000","리센츠","20251215","130000","27.68","0.000000","4","","","2008","아파트","중개거래","서울 송파구"
"2026","11620","관악구","10200","신림동","1","대지","0661","0060","델루시아.R","20251215","29900","29.945","24.000000","2","","","2022","연립다세대","직거래",""
"2026","11230","동대문구","10300","제기동","1","대지","0743","0000","도현주택(A.B동)","20251215","59000","54.68","33.000000","5","","","2022","연립다세대","직거래",""
"2026","11710","송파구","11100","방이동","","","","","","20251215","157000","212.4","137.000000","","","","1988","단독다가구","중개거래","서울 강남구"
"2026","11200","성동구","10800","응봉동","1","대지","0264","0078","노블레스빌라5동","20251215","43000","54.49","19.000000","4","","","2004","연립다세대","중개거래","서울 성동구"
"2026","11545","금천구","10300","시흥동","1","대지","0823","0002","광진에버빌","20251215","20500","48.27","26.000000","5","","","2014","연립다세대","중개거래","서울 금천구"
"2026","11200","성동구","11500","성수동2가","","","","","","20251215","620000","139.04","109.000000","","","","1971","단독다가구","중개거래","서울 강남구"
"2026","11380","은평구","10200","녹번동","1","대지","0044","0004","금강블루(44-4)","20251215","26800","44.23","24.000000","3","","","2014","연립다세대","중개거래","서울 은평구"
"2026","11680","강남구","10800","논현동","1","대지","0177","0011","꿈꾸지오(177-11)","20251215","39800","28.57","17.000000","2","","","2018","연립다세대","중개거래","경기 성남시 수정구, 서울 강남구"
"2026","11650","서초구","10800","서초동","1","대지","1671","0005","대림서초리시온","20251215","53400","49.92","0.000000","4","","","2003","아파트","중개거래","서울 서초구"
"2026","11140","중구","16200","신당동","","","","","","20251215","268000","344.16","149.000000","","","","1991","단독다가구","중개거래","서울 중구"
"2026","11530","구로구","10700","개봉동","1","대지","0264","0010","강남아크로빌(264-10)","20251215","32500","64.63","33.000000","1","","","2002","연립다세대","중개거래","경기 광명시"
"2026","11305","강북구","10300","수유동","1","대지","0469","0310","대광맨션B동","20251215","22000","44.88","25.000000","3","","","2013","연립다세대","중개거래","서울 강북구"
"2026","11440","마포구","12200","합정동","1","대지","0390","0015","현대아트빌라A동","20251215","86000","129.49","75.000000","1","","","1992","연립다세대","중개거래","서울 서대문구"
"2026","11680","강남구","11400","일원동","1","대지","0653","0004","다세대주택(6세대)","20251215","77500","41.64","33.000000","1","","","1988","연립다세대","중개거래","서울 강남구"
"2026","11230","동대문구","10200","용두동","","","","","","20251215","115000","173.26","138.000000","","","","1976","단독다가구","중개거래","서울 동대문구"
"2026","11260","중랑구","10100","면목동","1","대지","0190","0041","다보빌","20251215","23500","29.93","18.000000","3","","","2014","연립다세대","중개거래","서울 중랑구"
"2026","11350","노원구","10300","공릉동","","","","","","20251215","112200","249.59","102.000000","","","","2019","단독다가구","중개거래","서울 노원구, 서울 도봉구"
"2026","11290","성북구","13900","석관동","1","대지","0332","0292","다나루B","20251215","27000","36.85","26.000000","3","","","2015","연립다세대","중개거래","서울 성북구"
"2026","11590","동작구","10100","노량진동","","","","","","20251215","340000","246.96","186.000000","","","","1989","단독다가구","중개거래","대전 유성구, 서울 동작구"
"2026","11320","도봉구","10800","도봉동","1","대지","0599","0011","그린빌라","20251215","7300","30.69","17.000000","-1","","","1994","연립다세대","중개거래","서울 도봉구"
"2026","11140","중구","16200","신당동","","","","","","20251215","275000","185.74","175.000000","","","","1973","단독다가구","중개거래","서울 강남구"
"2026","11380","은평구","10300","불광동","1","대지","0219","0008","누림빌(219-8)","20251215","34000","44.15","24.000000","2","","","2009","연립다세대","직거래",""
"2026","11620","관악구","10100","봉천동","1","대지","0041","0110","골드빌(41-110)","20251215","41600","82.46","39.000000","3","","","2011","연립다세대","중개거래","서울 관악구"
"2026","11380","은평구","10100","수색동","1","대지","0415","0001","e편한세상 수색 에코포레","20251215","84800","114.18","0.000000","11","","","2003","아파트","중개거래","서울 강남구"
"2026","11680","강남구","11400","일원동","1","대지","0711","0000","수서","20251215","155000","49.68","0.000000","13","","","1992","아파트","중개거래","서울 강남구"
"2026","11650","서초구","10600","잠원동","1","대지","0160","0000","신반포자이","20251215","555000","114.94","0.000000","20","","","2018","아파트","중개거래","서울 서초구"
"2026","11440","마포구","12500","성산동","1","대지","0667","0000","월드컵아이파크(667)","20251215","123500","84.7","0.000000","13","","","2009","아파트","중개거래","서울 마포구"
"2026","11500","강서구","10600","내발산동","1","대지","0698","0016","신세계","20251215","58000","82.55","0.000000","7","","","2003","아파트","중개거래","서울 강서구"
"2026","11590","동작구","10200","상도동","1","대지","0210","0266","우현캐슬(210-266)","20251215","45000","38.96","23.000000","4","","","2014","연립다세대","중개거래","서울 동작구"
"2026","11170","용산구","11700","원효로3가","1","대지","0277","0013","용산 클라우드 나인 오피스텔","20251215","45000","17.076","19.248000","13","","","2021","오피스텔","중개거래","서울 송파구"
"2026","11380","은평구","10700","응암동","1","대지","0739","0000","응암동금호","20251215","67000","84.3","0.000000","4","","","1998","아파트","중개거래","서울 은평구"
"2026","11440","마포구","11000","노고산동","1","대지","0001","0003","신촌포스빌","20251215","25300","32.34","0.000000","15","","","2004","아파트","중개거래","서울 마포구"
"2026","11200","성동구","10200","하왕십리동","1","대지","1070","0000","센트라스","20251215","122000","40.94","0.000000","27","","","2016","아파트","중개거래","서울 성동구"
"2026","11410","서대문구","11600","창천동","1","대지","0503","0022","센텀스카이","20251215","58000","28.67","16.000000","10","","","2022","연립다세대","직거래",""
"2026","11650","서초구","10600","잠원동","1","대지","0076","0000","씨티21","20251215","63000","31.52","42.400000","5","","","1988","오피스텔","중개거래","서울 서초구"
"2026","11710","송파구","10400","송파동","1","대지","0130","0003","(130-3)","20251215","45500","63","35.000000","2","","","2007","연립다세대","중개거래","인천 미추홀구"
"2026","11290","성북구","13300","정릉동","1","대지","0670","0020","정원빌라2차(670-20)","20251215","19700","54.45","42.000000","2","","","1992","연립다세대","중개거래","서울 성북구"
"2026","11305","강북구","10200","번동","1","대지","0234","0000","주공4단지","20251215","54500","59.22","0.000000","3","","","1991","아파트","중개거래","서울 강북구"
"2026","11260","중랑구","10100","면목동","1","대지","1517","0000","진로","20251215","43000","84.36","0.000000","2","","","2001","아파트","중개거래","서울 중랑구"
"2026","11740","강동구","10700","암사동","1","대지","0516","0017","한강리버빌","20251215","13200","26.48","13.000000","5","","","2012","연립다세대","중개거래","서울 강동구"
"2026","11710","송파구","10400","송파동","1","대지","0130","0003","(130-3)","20251215","45500","63","35.000000","2","","20260105","2007","연립다세대","중개거래","인천 미추홀구"
"2026","11230","동대문구","10400","전농동","1","대지","0620","0047","청량리역롯데캐슬 SKY-L65","20251215","178300","84.971","0.000000","45","","","2023","아파트","중개거래","서울 동대문구"
"2026","11260","중랑구","10300","중화동","1","대지","0296","0022","제이파크빌","20251215","30000","29.6","18.000000","3","","","2017","연립다세대","중개거래","서울 중랑구"
"2026","11230","동대문구","10300","제기동","1","대지","0158","0006","(158-6)","20251215","13000","25.38","19.000000","3","","","2008","연립다세대","직거래",""
"2026","11230","동대문구","10400","전농동","1","대지","0124","0043","전농포유","20251215","32000","14.68","12.000000","2","","","2021","연립다세대","중개거래","서울 동대문구, 서울 은평구"
"2026","11740","강동구","10700","암사동","1","대지","0433","0059","토브마스터클레스","20251215","46000","56.94","32.000000","5","","","2022","연립다세대","직거래",""
"2026","11650","서초구","11100","신원동","1","대지","0568","0000","서초포레스타3단지","20251215","200000","114.39","0.000000","12","","","2014","아파트","중개거래","서울 서초구, 충북 청주시 흥덕구"
"2026","11470","양천구","10200","목동","1","대지","0324","0166","보타닉목동","20251215","42500","26.05","20.000000","4","","","2022","연립다세대","직거래",""
"2026","11710","송파구","10500","석촌동","1","대지","0245","0009","보보스파크","20251215","27000","24.83","18.000000","3","","","2016","연립다세대","중개거래","서울 송파구"
"2026","11290","성북구","11000","동소문동7가","1","대지","0120","0000","브라운스톤동선","20251215","108500","84.96","0.000000","11","","","2010","아파트","중개거래","서울 성북구"
"2026","11545","금천구","10300","시흥동","1","대지","0919","0043","브라운스톤빌A동","20251215","14700","33.96","19.000000","4","","","2006","연립다세대","중개거래","서울 금천구"
"2026","11230","동대문구","10300","제기동","1","대지","0615","0001","민족통일빌","20251215","30000","29.99","13.000000","4","","","2015","연립다세대","직거래",""
"2026","11305","강북구","10300","수유동","1","대지","0482","0021","서현펠리스","20251215","30000","49.75","31.000000","4","","","2018","연립다세대","중개거래","서울 강북구"
"2026","11650","서초구","10800","서초동","1","대지","1466","0021","서초아르떼","20251215","60000","46.57","32.000000","2","","","2019","연립다세대","중개거래","서울 서초구"
"2026","11320","도봉구","10700","창동","1","대지","0628","0014","성우스타팰리스(101,102,103동)","20251215","36000","56.27","31.000000","6","","","2012","연립다세대","중개거래","서울 강북구"
"2026","11350","노원구","10500","상계동","1","대지","0624","0000","상계주공16(고층)","20251215","47000","59.39","0.000000","7","","","1988","아파트","중개거래","서울 노원구"
"2026","11410","서대문구","11800","홍은동","1","대지","0464","0000","북한산더샵","20251215","87000","59.865","0.000000","4","","","2017","아파트","직거래",""
"2026","11380","은평구","10300","불광동","1","대지","0071","0016","북한산대창센시티","20251215","70000","84.72","0.000000","12","","","2004","아파트","중개거래","서울 은평구"
"2026","11350","노원구","10500","상계동","1","대지","1282","0000","상계2차중앙하이츠","20251215","58000","59.82","0.000000","20","","","1998","아파트","중개거래","서울 노원구"
"2026","11680","강남구","11500","수서동","1","대지","0712","0000","수서한아름","20251214","275000","163.68","0.000000","4","","","1993","아파트","중개거래","서울 강남구"
"2026","11215","광진구","10300","구의동","1","대지","0043","0017","월드팰리스","20251214","49000","28.81","26.000000","2","","","2019","연립다세대","중개거래","서울 광진구"
"2026","11290","성북구","13800","장위동","1","대지","0233","0170","세영빌라","20251214","45000","45.36","37.000000","3","","","1991","연립다세대","중개거래","서울 성북구"
"2026","11620","관악구","10100","봉천동","1","대지","0196","0250","운산빌라","20251214","30000","56.66","24.000000","2","","","1992","연립다세대","중개거래","경기 안양시 만안구, 서울 관악구"
"2026","11590","동작구","10200","상도동","1","대지","0256","0289","아네스트A동(256-289)","20251214","42000","53.36","32.000000","5","","","2016","연립다세대","중개거래","서울 동작구"
"2026","11740","강동구","10900","천호동","1","대지","0019","0001","우성","20251214","114000","84.93","0.000000","9","","","1985","아파트","중개거래","서울 강동구"
"2026","11260","중랑구","10300","중화동","1","대지","0158","0048","오성빌라(3차)","20251214","44000","50.04","19.000000","4","","","1993","연립다세대","중개거래","서울 중랑구"
"2026","11290","성북구","13300","정릉동","1","대지","1034","0000","라온유","20251214","90000","84.65","0.000000","11","","","2008","아파트","중개거래","서울 성북구"
"2026","11680","강남구","10500","삼성동","1","대지","0007","0003","래미안삼성2차","20251214","349500","105.5","0.000000","8","","","2007","아파트","중개거래","서울 강남구"
"2026","11500","강서구","10500","마곡동","1","대지","0767","0004","롯데캐슬 르웨스트","20251214","135300","69.843","74.862300","8","","","2024","오피스텔","직거래",""
"2026","11380","은평구","10300","불광동","1","대지","0344","0040","리치에비뉴","20251214","55000","44.7","27.000000","2","","","2020","연립다세대","중개거래","서울 은평구"
"2026","11680","강남구","11500","수서동","1","대지","0746","0000","까치마을","20251214","187000","49.5","0.000000","4","","","1993","아파트","중개거래","서울 강남구"
"2026","11290","성북구","13500","종암동","","","","","","20251214","94000","153.69","228.000000","","","","1965","단독다가구","중개거래","서울 성북구"
"2026","11170","용산구","13200","동빙고동","","","","","","20251214","480000","68.1","109.000000","","","","1977","단독다가구","중개거래","서울 용산구"
"2026","11290","성북구","13800","장위동","","","","","","20251214","55000","114.66","76.000000","","","","1994","단독다가구","중개거래","서울 성북구"
"2026","11320","도봉구","10600","방학동","1","대지","0657","0002","경성아트빌라","20251214","16000","40.7","23.000000","2","","","1991","연립다세대","중개거래","서울 도봉구"
"2026","11140","중구","13600","묵정동","","","","","","20251214","310000","507.33","209.000000","","","","1991","단독다가구","중개거래","서울 중구"
"2026","11560","영등포구","13200","신길동","1","대지","0010","0031","그랑시엘","20251214","57500","26.2","17.000000","3","","","2020","연립다세대","중개거래","서울 광진구"
"2026","11560","영등포구","13200","신길동","","","","","","20251214","135000","225.56","104.000000","","","","1995","단독다가구","중개거래","서울 강서구"
"2026","11200","성동구","12200","용답동","1","대지","0042","0029","청계리버빌","20251214","55000","24.42","16.000000","5","","","2022","연립다세대","중개거래","서울 마포구, 서울 성동구"
"2026","11140","중구","16200","신당동","1","대지","0304","0199","진흥펠리체","20251214","90000","25.69","18.000000","6","","","2017","연립다세대","중개거래","서울 중구"
"2026","11320","도봉구","10500","쌍문동","1","대지","0081","0013","플렉스빌","20251214","44300","56.77","33.000000","5","","","2022","연립다세대","직거래",""
"2026","11500","강서구","10300","화곡동","1","대지","0396","0019","제선주택17차","20251214","23300","59.84","32.000000","3","","","2008","연립다세대","중개거래","서울 강서구"
"2026","11710","송파구","10700","가락동","1","대지","0128","0016","진주힐탑빌(다동)","20251214","34000","51.34","24.000000","3","","","2001","연립다세대","중개거래","서울 송파구"
"2026","11530","구로구","10700","개봉동","1","대지","0481","0000","현대","20251214","75800","59.94","0.000000","16","","","2001","아파트","중개거래","서울 구로구"
"2026","11440","마포구","11400","창전동","1","대지","0042","0010","중앙하이츠104동","20251213","51500","47.01","0.000000","3","","","2007","아파트","중개거래","서울 마포구"
"2026","11410","서대문구","11800","홍은동","1","대지","0440","0003","풍림1차","20251213","43500","56.61","0.000000","3","","","1988","아파트","중개거래","서울 서대문구"
"2026","11380","은평구","10200","녹번동","1","대지","0095","0013","파로스빌","20251213","44000","49.75","28.000000","2","","","2010","연립다세대","중개거래","서울 은평구"
"2026","11305","강북구","10200","번동","1","대지","0658","0000","한진","20251213","51000","84.97","0.000000","4","","","2000","아파트","중개거래","서울 성북구"
"2026","11170","용산구","10100","후암동","1","대지","0001","0103","트레져빌남산1-103","20251213","92000","29.8","21.000000","1","","","2020","연립다세대","중개거래","서울 용산구"
"2026","11305","강북구","10200","번동","1","대지","0658","0000","한진","20251213","51000","84.97","0.000000","4","","20260105","2000","아파트","중개거래","서울 성북구"
"2026","11620","관악구","10300","남현동","1","대지","0602","0218","한솔아크로","20251213","60000","76.3","0.000000","4","","","2003","아파트","중개거래","서울 관악구"
"2026","11215","광진구","10300","구의동","1","대지","0225","0058","해피인빌","20251213","35000","45.01","27.000000","2","","","2009","연립다세대","중개거래","서울 광진구"
"2026","11680","강남구","11400","일원동","1","대지","0683","0005","(683-5)","20251213","95000","82.44","23.000000","3","","","2002","연립다세대","중개거래","서울 강남구"
"2026","11470","양천구","10300","신월동","1","대지","0911","0004","적성주택(나동)","20251213","24300","36.51","28.000000","3","","","1988","연립다세대","중개거래","경기 의왕시"
"2026","11560","영등포구","11900","문래동1가","1","대지","0022","0012","2030센터뷰","20251213","38000","30.55","41.310000","6","","","2023","오피스텔","직거래",""
"2026","11320","도봉구","10500","쌍문동","1","대지","0081","0013","플렉스빌","20251213","47000","56.03","33.000000","5","","","2022","연립다세대","직거래",""
"2026","11470","양천구","10300","신월동","1","대지","0464","0004","한양빌라A","20251213","17500","36.24","24.000000","1","","","1989","연립다세대","중개거래","서울 양천구"
"2026","11215","광진구","10300","구의동","1","대지","0248","0067","청연빌","20251213","38500","29.24","19.000000","4","","","2021","연립다세대","중개거래","서울 광진구"
"2026","11710","송파구","10200","신천동","1","대지","0007","0000","장미1","20251213","320000","82.45","0.000000","13","","","1979","아파트","중개거래","서울 송파구"
"2026","11290","성북구","13800","장위동","1","대지","0252","0022","두일파크빌2차","20251213","70500","70.06","37.000000","1","","","2002","연립다세대","중개거래","서울 강동구, 서울 성북구"
"2026","11620","관악구","10100","봉천동","1","대지","0856","0001","대우디오슈페리움2단지","20251213","91500","84.93","0.000000","15","","","2007","아파트","중개거래","서울 관악구"
"2026","11620","관악구","10100","봉천동","1","대지","0856","0001","대우디오슈페리움2단지","20251213","91500","84.93","0.000000","15","","20260113","2007","아파트","중개거래","서울 관악구"
"2026","11560","영등포구","11000","여의도동","1","대지","0013","0021","맨하탄21리빙텔","20251213","35000","60.03","60.030000","11","","","2001","오피스텔","중개거래","서울 영등포구"
"2026","11590","동작구","10700","사당동","1","대지","1033","0007","동건3차아트빌","20251213","90000","79.25","43.000000","2","","","2002","연립다세대","중개거래","서울 동작구, 서울 서초구"
"2026","11440","마포구","12000","서교동","1","대지","0394","0045","명지한강빌드웰","20251213","18000","27.46","40.000000","7","","","2005","오피스텔","중개거래","서울 마포구"
"2026","11680","강남구","11400","일원동","1","대지","0743","0000","디에이치자이개포","20251213","515000","118.68","0.000000","15","","","2021","아파트","중개거래","서울 강남구"
"2026","11260","중랑구","10600","신내동","1","대지","0838","0000","망우역신원아침도시","20251213","55000","48.795","0.000000","5","","","2023","아파트","중개거래","서울 중랑구"
"2026","11230","동대문구","10900","휘경동","1","대지","0109","0000","롯데낙천대","20251213","76000","82.82","0.000000","9","","","2003","아파트","중개거래","서울 동대문구"
"2026","11650","서초구","10600","잠원동","1","대지","0050","0001","롯데캐슬갤럭시(50-1)","20251213","433700","148.86","0.000000","3","","","2004","아파트","중개거래","서울 서초구"
"2026","11560","영등포구","11800","도림동","1","대지","0221","0001","도림청구","20251213","40000","37.63","0.000000","18","","","1997","아파트","중개거래","서울 영등포구"
"2026","11650","서초구","10200","양재동","1","대지","0305","0002","마이빌(305-2)","20251213","60000","29.93","19.000000","3","","","2016","연립다세대","중개거래","서울 서초구"
"2026","11680","강남구","11800","도곡동","1","대지","0966","0000","매봉삼성","20251213","180000","59.82","0.000000","4","","","1999","아파트","중개거래","서울 강남구"
"2026","11590","동작구","10200","상도동","1","대지","0279","0478","라온힐스","20251213","38700","27.71","19.000000","1","","","2022","연립다세대","중개거래","서울 동작구"
"2026","11290","성북구","13700","상월곡동","1","대지","0101","0000","동아에코빌","20251213","60000","59.95","0.000000","13","","","2003","아파트","직거래",""
"2026","11260","중랑구","10100","면목동","1","대지","0193","0001","면목한신","20251213","64000","84.92","0.000000","3","","","1987","아파트","중개거래","서울 중랑구"
"2026","11230","동대문구","10500","답십리동","1","대지","1003","0000","래미안위브","20251213","165000","84.98","0.000000","17","","","2014","아파트","중개거래","서울 강남구, 서울 동대문구"
"2026","11290","성북구","13800","장위동","1","대지","0246","0375","성원빌라","20251213","51000","39.87","23.000000","3","","","1992","연립다세대","중개거래","서울 강동구, 서울 성북구"
"2026","11650","서초구","10800","서초동","1","대지","1582","0003","서초센트럴IPARK","20251213","31900","24.755","38.641100","15","","","2020","오피스텔","중개거래","서울 서초구"
"2026","11260","중랑구","10400","묵동","1","대지","0246","0013","밀리언하우스","20251213","59600","49.63","30.000000","4","","","2022","연립다세대","직거래",""
"2026","11650","서초구","10800","서초동","1","대지","1758","0000","서초자이르네","20251213","196000","84.97","0.000000","2","","","2022","아파트","중개거래","서울 서초구"
"2026","11380","은평구","11400","진관동","1","대지","0001","0000","상림마을6단지푸르지오(615~621동)BL1-6","20251213","75500","84.79","0.000000","8","","","2008","아파트","중개거래","서울 은평구"
"2026","11710","송파구","11200","오금동","1","대지","0165","0000","상아2차아파트","20251213","160000","84.98","0.000000","8","","","1988","아파트","중개거래","서울 송파구"
"2026","11680","강남구","10500","삼성동","1","대지","0025","0009","삼성더하임2차","20251213","95000","29.37","13.000000","3","","","2021","연립다세대","중개거래","서울 강남구"
"2026","11710","송파구","11100","방이동","1","대지","0161","0007","서안빌라트","20251213","40500","65.73","37.000000","1","","","2004","연립다세대","중개거래","서울 송파구"
"2026","11305","강북구","10100","미아동","1","대지","1355","0000","미아한일유앤아이","20251213","74500","111.296","0.000000","9","","","2002","아파트","중개거래","서울 강북구"
"2026","11740","강동구","10700","암사동","1","대지","0509","0000","선사현대아파트","20251213","140000","59.64","0.000000","19","","","2000","아파트","중개거래","서울 강동구"
"2026","11350","노원구","10200","월계동","1","대지","0013","0000","미성","20251213","75800","50.14","0.000000","1","","","1986","아파트","중개거래","서울 노원구"
"2026","11650","서초구","10800","서초동","1","대지","1601","0010","서초어반하이 오피스텔","20251213","20000","19.3","33.470000","12","","","2018","오피스텔","중개거래","서울 서초구"
"2026","11350","노원구","10500","상계동","1","대지","0749","0005","상계주공4(고층)","20251213","63000","62.1","0.000000","11","","","1988","아파트","중개거래","서울 노원구"
"2026","11650","서초구","10800","서초동","1","대지","1617","0004","서초힐스","20251213","42000","29.61","19.000000","2","","","2018","연립다세대","중개거래","서울 서초구"
"2026","11215","광진구","10300","구의동","1","대지","0249","0004","세림에버빌2차","20251213","60000","50.59","31.000000","4","","","2012","연립다세대","중개거래","서울 광진구"
"2026","11380","은평구","10300","불광동","1","대지","0346","0060","삼호주택","20251213","44000","49.89","23.000000","2","","","1996","연립다세대","중개거래","서울 은평구"
"2026","11140","중구","16200","신당동","1","대지","0333","0009","성지","20251213","83500","82.1","0.000000","1","","","2002","아파트","중개거래","서울 중구"
"2026","11620","관악구","10100","봉천동","1","대지","1707","0001","은천2단지아파트","20251213","50000","49.95","0.000000","3","","","2000","아파트","중개거래","서울 관악구"
"2026","11650","서초구","10300","우면동","1","대지","0789","0000","엘에이치서초5단지","20251213","128000","59.93","0.000000","21","","","2013","아파트","중개거래","서울 서초구"
"2026","11440","마포구","12700","상암동","1","대지","0034","0096","월드컵빌라","20251213","36000","60.14","34.000000","2","","","2010","연립다세대","중개거래","서울 마포구"
"2026","11740","강동구","10200","고덕동","1","대지","0198","0005","에코빌","20251213","35000","23","16.000000","2","","","2021","연립다세대","중개거래","서울 강동구"
"2026","11410","서대문구","11000","북아현동","1","대지","0001","0358","이안휴빌4차","20251213","73000","56.44","43.000000","3","","","2025","연립다세대","중개거래","서울 서대문구"
"2026","11215","광진구","10900","군자동","1","대지","0299","0000","위너스빌","20251213","56000","49.49","39.000000","4","","","2014","연립다세대","중개거래","서울 광진구"
"2026","11560","영등포구","13200","신길동","1","대지","0124","0009","신길리움","20251213","29900","30","19.000000","2","","","2019","연립다세대","중개거래","서울 영등포구"
"2026","11410","서대문구","11000","북아현동","1","대지","0001","1336","센텀시티","20251213","55000","51.76","32.000000","-1","","","2016","연립다세대","중개거래","서울 서대문구"
"2026","11620","관악구","10100","봉천동","1","대지","0870","0013","신원메트로빌","20251213","22500","36.93","47.010000","3","","","2006","오피스텔","중개거래","서울 관악구"
"2026","11230","동대문구","11000","이문동","1","대지","0064","0000","쌍용","20251213","92000","114.35","0.000000","8","","","2000","아파트","중개거래","서울 동대문구"
"2026","11200","성동구","10800","응봉동","1","대지","0015","0000","대림강변타운","20251213","165000","59.76","0.000000","12","","","2001","아파트","중개거래","서울 성동구"
"2026","11560","영등포구","13200","신길동","","","","","","20251213","66000","52.89","73.000000","","","","1970","단독다가구","중개거래","서울 영등포구"
"2026","11215","광진구","10300","구의동","","","","","","20251213","100000","147.36","105.000000","","","","1985","단독다가구","중개거래","서울 광진구"
"2026","11590","동작구","10200","상도동","1","대지","0198","0014","다채가","20251213","80000","59.98","45.000000","1","","","2022","연립다세대","중개거래","서울 동작구"
"2026","11545","금천구","10300","시흥동","1","대지","0849","0040","남승맨션빌B","20251213","23000","49","27.000000","4","","","2011","연립다세대","중개거래","서울 금천구"
"2026","11260","중랑구","10100","면목동","","","","","","20251213","64500","199.14","131.000000","","","","1991","단독다가구","중개거래","서울 중랑구"
"2026","11110","종로구","16800","동숭동","1","대지","0002","0019","낙산빌라","20251213","63000","75.32","32.000000","3","","","2001","연립다세대","중개거래","서울 종로구"
"2026","11215","광진구","10500","자양동","","","","","","20251213","175000","204.3","86.000000","","","","1998","단독다가구","중개거래","서울 광진구"
"2026","11740","강동구","10500","길동","1","대지","0382","0004","기풍트윈빌","20251213","41000","40.16","25.000000","5","","","2015","연립다세대","중개거래","서울 강동구"
"2026","11545","금천구","10200","독산동","1","대지","1147","0000","금천롯데캐슬골드파크1차","20251213","120700","84.441","0.000000","6","","","2016","아파트","중개거래","서울 금천구"
"2026","11110","종로구","11500","사직동","1","대지","0009","0000","광화문 스페이스본","20251213","43000","39.54","53.520000","7","","","2008","오피스텔","중개거래","서울 서대문구, 서울 종로구"
"2026","11590","동작구","10700","사당동","1","대지","1134","0000","경남아너스빌1차","20251213","111500","114.29","0.000000","9","","","1997","아파트","중개거래","서울 동작구"
"2026","11680","강남구","11100","세곡동","1","대지","0579","0000","강남엘에이치1단지","20251213","185000","84.83","0.000000","6","","","2013","아파트","중개거래","서울 강남구"
"2026","11500","강서구","10600","내발산동","1","대지","0717","0021","가나아델리움(717-21)","20251213","36800","44.86","33.000000","3","","","2015","연립다세대","중개거래","서울 강서구"
"2026","11740","강동구","10200","고덕동","1","대지","0541","0002","houzinn","20251213","59000","26.77","25.000000","5","","","2023","연립다세대","직거래",""
"2026","11620","관악구","10200","신림동","1","대지","1703","0001","LIG대학마을(건영아파트3차)","20251213","51000","58.9","0.000000","12","","","1996","아파트","중개거래","서울 관악구"
"2026","11545","금천구","10200","독산동","1","대지","0972","0007","JJ팰리스3차","20251213","43900","39.08","29.000000","4","","","2023","연립다세대","중개거래","인천 미추홀구"
"2026","11380","은평구","11000","증산동","1","대지","0223","0028","DMC자이2단지","20251213","101000","104.37","0.000000","17","","","2009","아파트","중개거래","서울 은평구"
"2026","11650","서초구","10900","내곡동","","","","","","20251212","288298","228.14","358.000000","","","","2001","단독다가구","중개거래","서울 서초구"
"2026","11740","강동구","10800","성내동","1","대지","0542","0000","노블네스트","20251212","94000","111.42","0.000000","3","","","2002","아파트","중개거래","서울 강동구"
"2026","11215","광진구","10500","자양동","1","대지","0643","0000","현대리버빌A동","20251212","56000","52.71","24.000000","2","","","2002","연립다세대","중개거래","서울 광진구"
"2026","11560","영등포구","13200","신길동","1","대지","0095","0298","경은빌라B동(95-298)","20251212","65000","37.53","22.000000","-1","","","1992","연립다세대","중개거래","서울 영등포구"
"2026","11530","구로구","10200","구로동","1","대지","1265","0000","구로두산","20251212","57400","51.84","0.000000","22","","","1998","아파트","중개거래","서울 관악구, 서울 구로구"
"2026","11140","중구","11200","남창동","","","","","","20251212","140000","90.32","138.000000","","","","1999","단독다가구","중개거래","서울 중구"
"2026","11230","동대문구","10300","제기동","","","","","","20251212","118000","257.86","82.000000","","","","1970","단독다가구","중개거래","서울 동대문구"
"2026","11110","종로구","17700","평동","1","대지","0233","0000","경희궁자이(3단지)","20251212","238000","84.835","0.000000","1","","","2017","아파트","중개거래","서울 종로구"
"2026","11500","강서구","10200","등촌동","1","대지","0561","0001","대림e편한세상","20251212","98000","84.96","0.000000","7","","","2002","아파트","중개거래","서울 양천구"
"2026","11110","종로구","17500","숭인동","1","대지","1421","0000","버넷하임1","20251212","12800","17.96","0.000000","15","","","2013","아파트","중개거래","서울 종로구"
"2026","11380","은평구","10900","신사동","1","대지","0140","0001","미성","20251212","58500","63.53","0.000000","10","","","1987","아파트","중개거래","서울 은평구"
"2026","11380","은평구","10300","불광동","1","대지","0330","0063","문영빌라(B)","20251212","54000","63.48","29.000000","2","","","2002","연립다세대","중개거래","서울 은평구"
"2026","11650","서초구","10100","방배동","1","대지","0454","0020","방배그리나힐","20251212","63000","31.89","19.000000","4","","","2021","연립다세대","중개거래","서울 서초구"
"2026","11650","서초구","10100","방배동","1","대지","3001","0002","방배디오슈페리움Ⅰ","20251212","162500","84.82","0.000000","19","","","2006","아파트","중개거래","서울 서초구"
"2026","11650","서초구","10100","방배동","1","대지","0843","0010","상지리츠빌6차","20251212","175000","111.02","0.000000","3","","","2004","아파트","중개거래","서울 서초구"
"2026","11680","강남구","10500","삼성동","1","대지","0114","0011","삼성동신영지웰","20251212","177000","117.77","0.000000","11","","","2005","아파트","중개거래","서울 강남구"
"2026","11530","구로구","10800","오류동","1","대지","0059","0020","칸타빌레5차","20251212","13700","21.47","30.950000","10","","","2019","오피스텔","중개거래","서울 구로구"
"2026","11320","도봉구","10700","창동","1","대지","0553","0024","한일드림빌(553-24)","20251212","25000","59.58","28.000000","2","","","2001","연립다세대","중개거래","서울 도봉구"
"2026","11470","양천구","10100","신정동","1","대지","0319","0026","젠트리빌 업무복합시설","20251212","81500","58.84","81.210000","5","","","2023","오피스텔","직거래",""
"2026","11260","중랑구","10500","망우동","1","대지","0620","0000","중랑숲시티프라디움","20251212","72300","55.95","0.000000","24","","","2022","아파트","중개거래","서울 중랑구"
"2026","11650","서초구","10800","서초동","1","대지","1478","0011","(1478-11)","20251212","88000","84.9","51.000000","4","","","2018","연립다세대","중개거래","서울 서초구"
"2026","11290","성북구","10900","동소문동6가","1","대지","0121","0000","돈암동 메트로빌","20251212","19500","28.47","35.930000","3","","","2003","오피스텔","중개거래","서울 성북구"
"2026","11380","은평구","10700","응암동","1","대지","0590","0010","명남스카이뷰","20251212","53200","69.6","87.010000","4","","","2023","오피스텔","직거래",""
"2026","11500","강서구","10500","마곡동","1","대지","0795","0005","마곡사이언스파크뷰","20251212","20500","30.56","42.600000","7","","","2016","오피스텔","중개거래","서울 강서구, 서울 영등포구"
"2026","11710","송파구","10600","삼전동","1","대지","0164","0005","동승","20251212","54500","53.04","0.000000","1","","","1993","아파트","중개거래","서울 송파구"
"2026","11710","송파구","10300","풍납동","1","대지","0506","0000","동아한가람1","20251212","114000","84.38","0.000000","1","","","1995","아파트","중개거래","서울 송파구"
"2026","11110","종로구","18200","구기동","1","대지","0040","0000","동익빌라","20251212","62200","84.84","103.000000","3","","","1996","연립다세대","중개거래","서울 종로구"
"2026","11380","은평구","10500","구산동","1","대지","0152","0005","동양하우징(152-5)","20251212","28500","46.3","28.000000","3","","","2012","연립다세대","중개거래","서울 은평구"
"2026","11530","구로구","10800","오류동","1","대지","0046","0001","이좋은집","20251212","12000","29.43","37.530000","13","","","2005","오피스텔","중개거래","서울 구로구"
"2026","11680","강남구","10800","논현동","1","대지","0022","0000","신동아(22)","20251212","96500","35.73","0.000000","10","","","1997","아파트","중개거래","서울 강남구, 서울 서초구"
"2026","11560","영등포구","11000","여의도동","1","대지","0047","0000","여의도자이","20251212","141000","92.32","127.130000","24","","","2008","오피스텔","중개거래","서울 영등포구"
"2026","11260","중랑구","10400","묵동","1","대지","0122","0142","영일주택(122-142)","20251212","15600","36.32","18.000000","3","","","1999","연립다세대","중개거래","서울 중랑구"
"2026","11170","용산구","12400","한강로1가","1","대지","0050","0001","용산파크자이","20251212","320000","162.04","0.000000","21","","","2005","아파트","중개거래","서울 용산구"
"2026","11230","동대문구","10200","용두동","1","대지","0039","0538","에코빌","20251211","51000","17.91","13.000000","5","","","2025","연립다세대","중개거래","서울 동대문구"
"2026","11590","동작구","10200","상도동","1","대지","0242","0093","우창빌라","20251211","41700","46.81","27.000000","-1","","","1991","연립다세대","중개거래","서울 동작구"
"2026","11680","강남구","10100","역삼동","1","대지","0743","0012","우리엘","20251211","105000","28.55","18.000000","3","","","2022","연립다세대","직거래",""
"2026","11680","강남구","10100","역삼동","1","대지","0743","0012","우리엘","20251211","104000","28.55","18.000000","2","","","2022","연립다세대","직거래",""
"2026","11320","도봉구","10500","쌍문동","1","대지","0075","0007","쌍문에버빌","20251211","23000","54.24","30.000000","4","","","2010","연립다세대","중개거래","서울 도봉구"
"2026","11305","강북구","10300","수유동","1","대지","0705","0001","신생하이빌","20251211","22500","30.78","19.000000","3","","","2013","연립다세대","중개거래","서울 강북구"
"2026","11650","서초구","10800","서초동","1","대지","1337","0002","아크로텔 강남역","20251211","21900","20.723","29.193000","17","","","2016","오피스텔","중개거래","서울 서초구"
"2026","11290","성북구","12200","안암동2가","1","대지","0117","0010","(117-10)","20251211","100000","79.53","59.000000","1","","","1991","연립다세대","중개거래","서울 성북구, 서울 종로구"
"2026","11320","도봉구","10800","도봉동","1","대지","0030","0001","한신","20251211","59700","84.94","0.000000","17","","","1995","아파트","중개거래","서울 도봉구"
"2026","11170","용산구","10200","용산동2가","1","대지","0037","0007","(37-7)","20251211","105000","68.79","70.000000","1","","","1987","연립다세대","중개거래","서울 용산구"
"2026","11740","강동구","10800","성내동","1","대지","0545","0008","집앤사비키아파트","20251211","72000","72.06","0.000000","2","","","2019","아파트","중개거래","서울 강동구"
"2026","11215","광진구","10300","구의동","1","대지","0547","0008","(547-8)","20251211","29500","33.06","42.510000","8","","","1991","오피스텔","중개거래","서울 광진구"
"2026","11530","구로구","10700","개봉동","1","대지","0476","0000","한마을","20251211","87000","84.57","0.000000","11","","","1999","아파트","중개거래","서울 구로구"
"2026","11710","송파구","10100","잠실동","1","대지","0233","0014","케이프타운","20251211","55000","35.78","23.000000","2","","","2016","연립다세대","중개거래","서울 송파구"
"2026","11260","중랑구","10400","묵동","1","대지","0249","0053","SDDREAMHOUSE","20251211","31500","44.82","29.000000","2","","","2016","연립다세대","중개거래","서울 중랑구"
"2026","11230","동대문구","10700","청량리동","","","","","","20251211","103000","49.58","86.000000","","","","1980","단독다가구","중개거래","서울 동대문구, 서울 용산구"
"2026","11170","용산구","10400","갈월동","1","대지","0101","0049","갈월동 에이트리움","20251211","26000","31.1","41.130000","21","","","2004","오피스텔","직거래",""
"2026","11560","영등포구","13300","대림동","","","","","","20251211","72500","166.95","105.000000","","","","1985","단독다가구","중개거래","서울 영등포구"
"2026","11440","마포구","12600","중동","1","대지","0393","0000","건영월드컵","20251211","70900","58.76","0.000000","8","","","2002","아파트","중개거래","서울 마포구"
"2026","11740","강동구","10500","길동","1","대지","0342","0037","대성빌라","20251211","33000","38.95","20.000000","4","","","2002","연립다세대","중개거래","경기 부천시 소사구, 서울 강동구"
"2026","11440","마포구","12100","동교동","","","","","","20251211","3738600","1607.54","647.000000","","","","1998","단독다가구","중개거래","서울 강남구, 서울 마포구"
"2026","11290","성북구","13300","정릉동","","","","","","20251211","73000","202.66","142.000000","","","","1989","단독다가구","직거래",""
"2026","11410","서대문구","11100","홍제동","1","대지","0322","0138","홍제에스피엘","20251211","49190","84.258","0.000000","5","","","2023","아파트","직거래",""
"2026","11290","성북구","13400","길음동","1","대지","1170","0017","뉴타운럭스빌","20251211","25000","27.87","14.000000","6","","","2014","연립다세대","직거래",""
"2026","11560","영등포구","13200","신길동","","","","","","20251211","55000","56.03","102.000000","","","","1967","단독다가구","중개거래","서울 강남구"
"2026","11710","송파구","11400","마천동","","","","","","20251211","405200","673.3","165.000000","","","","2004","단독다가구","중개거래","서울 송파구"
"2026","11740","강동구","10500","길동","","","","","","20251211","197000","428.48","203.000000","","","","1998","단독다가구","중개거래","서울 강동구"
"2026","11350","노원구","10200","월계동","1","대지","0013","0000","삼호3","20251211","94500","59.22","0.000000","8","","","1986","아파트","중개거래","서울 노원구"
"2026","11530","구로구","10700","개봉동","1","대지","0473","0000","상우","20251211","59900","84.06","0.000000","22","","","1997","아파트","중개거래","서울 구로구"
"2026","11215","광진구","10300","구의동","1","대지","0199","0018","삼성쉐르빌","20251211","159000","144.51","0.000000","16","","","2001","아파트","중개거래","서울 광진구"
"2026","11680","강남구","10800","논현동","1","대지","0149","0011","모두가S","20251211","43000","25.47","16.000000","2","","","2019","연립다세대","중개거래","서울 서초구"
"2026","11545","금천구","10200","독산동","1","대지","1006","0197","덕산파크빌","20251211","22900","28.18","17.000000","3","","","2012","연립다세대","중개거래","서울 금천구"
"2026","11470","양천구","10200","목동","1","대지","0804","0004","마에스트로제이","20251211","45800","47.87","29.000000","4","","","2023","연립다세대","중개거래","서울 양천구"
"2026","11440","마포구","10400","도화동","1","대지","0559","0000","마포트라팰리스","20251211","114000","83.87","108.110000","25","","","2006","오피스텔","중개거래","서울 마포구"
"2026","11560","영등포구","13200","신길동","1","대지","0116","0017","라온아토","20251211","32500","22.16","7.000000","6","","","2022","연립다세대","직거래",""
"2026","11680","강남구","11800","도곡동","1","대지","0527","0000","도곡렉슬","20251211","435000","119.89","0.000000","7","","","2006","아파트","중개거래","서울 강남구"
"2026","11440","마포구","10100","아현동","1","대지","0738","0000","마포트라팰리스2차","20251211","147900","99.56","0.000000","12","","","2008","아파트","중개거래","서울 마포구"
"2026","11500","강서구","10500","마곡동","1","대지","0758","0002","마곡일성트루엘플래닛","20251211","14500","21.27","29.700000","14","","","2016","오피스텔","중개거래","서울 강서구"
"2026","11680","강남구","10300","개포동","1","대지","1164","0029","동산빌라","20251211","43000","31.81","14.000000","4","","","1996","연립다세대","중개거래","서울 강남구"
"2026","11140","중구","16500","황학동","1","대지","2545","0000","롯데캐슬","20251211","126000","114.9","0.000000","7","","","2008","아파트","중개거래","서울 종로구, 서울 중구"
"2026","11440","마포구","10800","대흥동","1","대지","0806","0000","마포그랑자이","20251210","257000","84.98","0.000000","9","","","2020","아파트","중개거래","서울 강남구, 서울 마포구"
"2026","11560","영등포구","11100","당산동1가","1","대지","0256","0076","드림캐슬","20251210","42500","28.21","11.000000","6","","","2023","연립다세대","직거래",""
"2026","11350","노원구","10200","월계동","1","대지","0436","0000","동신","20251210","70000","70.81","0.000000","2","","","1983","아파트","중개거래","서울 노원구"
"2026","11170","용산구","13600","보광동","","","","","","20251210","1000000","340.51","294.000000","","","","1969","단독다가구","중개거래","서울 용산구"
"2026","11380","은평구","10200","녹번동","1","대지","0028","0025","녹번동뉴캐슬(28-25)","20251210","37500","39.82","23.000000","5","","","2006","연립다세대","중개거래","서울 은평구"
"2026","11710","송파구","10100","잠실동","","","","","","20251210","330000","249.45","202.000000","","","","1986","단독다가구","중개거래","서울 강남구"
"2026","11380","은평구","10600","대조동","1","대지","0049","0050","거성리젠시","20251210","36000","63.03","29.000000","3","","","2002","연립다세대","중개거래","서울 은평구"
"2026","11680","강남구","10700","신사동","","","","","","20251210","1130000","659.4","297.000000","","","","1995","단독다가구","중개거래","서울 강남구"
"2026","11200","성동구","11200","금호동4가","","","","","","20251210","210000","98.47","91.000000","","","","1994","단독다가구","직거래",""
"2026","11440","마포구","11500","상수동","1","대지","0340","0005","人행복","20251210","66000","29.24","20.000000","2","","","2023","연립다세대","중개거래","서울 서대문구, 서울 서초구"
"2026","11380","은평구","10300","불광동","","","","","","20251210","70000","225.12","94.000000","","","","2007","단독다가구","중개거래","서울 은평구"
"2026","11560","영등포구","11100","당산동1가","1","대지","0185","0009","나비드","20251210","38500","29.95","37.730000","6","","","2023","오피스텔","직거래",""
"2026","11680","강남구","10100","역삼동","1","대지","0735","0011","신일유토빌","20251210","18000","32.99","43.780000","11","","","2003","오피스텔","직거래",""
"2026","11650","서초구","10800","서초동","1","대지","1348","0012","예가빌","20251210","59800","28.66","20.000000","4","","","2020","연립다세대","중개거래","서울 서초구"
"2026","11440","마포구","11100","신수동","1","대지","0462","0000","신촌숲아이파크","20251210","238000","84.912","0.000000","19","","","2019","아파트","중개거래","서울 마포구"
"2026","11680","강남구","10600","대치동","1","대지","0511","0000","한보미도맨션2","20251210","460000","115.05","0.000000","12","","","1985","아파트","중개거래","서울 강남구"
"2026","11380","은평구","10500","구산동","1","대지","0368","0039","(368-39)","20251210","22000","53.76","38.000000","2","","","2011","연립다세대","중개거래","서울 은평구"
"2026","11305","강북구","10200","번동","1","대지","0242","0000","주공1단지","20251210","51000","49.94","0.000000","1","","","1991","아파트","중개거래","서울 강북구"
"2026","11470","양천구","10200","목동","1","대지","0499","0021","(499-21)","20251210","43000","67.86","35.000000","2","","","2002","연립다세대","중개거래","서울 양천구"
"2026","11440","마포구","10500","용강동","1","대지","0494","0084","(494-84)","20251210","55000","33.04","19.000000","4","","","2010","연립다세대","중개거래","서울 마포구"
"2026","11215","광진구","10500","자양동","1","대지","0788","0000","자양7차현대홈타운","20251210","150000","59.94","0.000000","9","","","2001","아파트","중개거래","서울 광진구, 서울 성동구"
"2026","11500","강서구","10600","내발산동","1","대지","0674","0012","청솔리더스빌","20251210","22300","50.14","22.000000","3","","","2002","연립다세대","중개거래","서울 강서구"
"2026","11740","강동구","10700","암사동","1","대지","0509","0000","선사현대아파트","20251210","200000","82.94","0.000000","21","","","2000","아파트","중개거래","서울 강동구"
"2026","11140","중구","14300","장충동1가","1","대지","0048","0030","삼우빌라","20251210","62000","102.63","52.000000","1","","","1991","연립다세대","중개거래","서울 중구"
"2026","11440","마포구","12700","상암동","1","대지","1736","0000","상암월드컵파크10단지","20251210","102000","84.89","0.000000","7","","","2010","아파트","중개거래","서울 마포구"
"2026","11740","강동구","10700","암사동","1","대지","0509","0000","선사현대아파트","20251209","148000","72.85","0.000000","17","","","2000","아파트","중개거래","서울 강동구"
"2026","11290","성북구","13500","종암동","1","대지","0081","0045","삼성리치빌","20251209","35500","59.82","34.000000","4","","","2012","연립다세대","중개거래","서울 성북구"
"2026","11740","강동구","10800","성내동","1","대지","0221","0001","에버빌","20251209","29800","28.66","17.000000","2","","","2015","연립다세대","중개거래","서울 강동구"
"2026","11440","마포구","10900","염리동","1","대지","0010","0054","우리파크아파트","20251209","25600","19.72","0.000000","1","","20260126","2021","아파트","직거래",""
"2026","11710","송파구","10400","송파동","1","대지","0180","0011","아성빌","20251209","35000","57.05","33.000000","4","","","2001","연립다세대","중개거래","서울 송파구"
"2026","11170","용산구","13300","서빙고동","1","대지","0004","0028","엔젤빌","20251209","125000","116.23","53.000000","3","","","2003","연립다세대","중개거래","서울 용산구"
"2026","11710","송파구","10800","문정동","1","대지","0643","0001","엠스테이트","20251209","28200","29.79","40.570000","12","","","null","오피스텔","중개거래","서울 송파구"
"2026","11170","용산구","11200","원효로1가","1","대지","0041","0000","용산더프라임","20251209","140000","55.325","0.000000","3","","","2014","아파트","중개거래","서울 용산구"
"2026","11140","중구","14400","장충동2가","1","대지","0193","0466","드림타운","20251209","6963","18.36","7.000000","-1","","","2001","연립다세대","중개거래","서울 서초구"
"2026","11680","강남구","10500","삼성동","1","대지","0029","0016","대현빌라","20251209","107500","73.71","49.000000","1","","","1990","연립다세대","중개거래","서울 강남구"
"2026","11170","용산구","12500","한강로2가","1","대지","0312","0004","대우디오빌한강로오피스텔","20251209","27500","23.85","34.140000","16","","","2004","오피스텔","중개거래","서울 용산구"
"2026","11140","중구","14400","장충동2가","1","대지","0193","0466","드림타운","20251209","27691","59.91","24.000000","4","","","2001","연립다세대","중개거래","서울 서초구"
"2026","11140","중구","14400","장충동2가","1","대지","0193","0466","드림타운","20251209","24279","52.72","21.000000","4","","","2001","연립다세대","중개거래","서울 서초구"
"2026","11140","중구","14400","장충동2가","1","대지","0193","0466","드림타운","20251209","8003","21.34","8.000000","-1","","","2001","연립다세대","중개거래","서울 서초구"
"2026","11140","중구","14400","장충동2가","1","대지","0193","0466","드림타운","20251209","11259","20.8","8.000000","3","","","2001","연립다세대","중개거래","서울 서초구"
"2026","11140","중구","14400","장충동2가","1","대지","0193","0466","드림타운","20251209","11259","20.8","8.000000","2","","","2001","연립다세대","중개거래","서울 서초구"
"2026","11140","중구","14400","장충동2가","1","대지","0193","0466","드림타운","20251209","10220","20.8","8.000000","1","","","2001","연립다세대","중개거래","서울 서초구"
"2026","11140","중구","14400","장충동2가","1","대지","0193","0466","드림타운","20251209","7863","20.61","8.000000","-1","","","2001","연립다세대","중개거래","서울 서초구"
"2026","11140","중구","14400","장충동2가","1","대지","0193","0466","드림타운","20251209","10903","19.9","8.000000","2","","","2001","연립다세대","중개거래","서울 서초구"
"2026","11290","성북구","13400","길음동","1","대지","1289","0000","롯데캐슬클라시아","20251209","150000","84.975","0.000000","27","","","2022","아파트","중개거래","서울 강북구, 서울 성북구"
"2026","11140","중구","14400","장충동2가","1","대지","0193","0466","드림타운","20251209","10903","19.9","8.000000","3","","","2001","연립다세대","중개거래","서울 서초구"
"2026","11140","중구","14400","장충동2가","1","대지","0193","0466","드림타운","20251209","10748","19.86","8.000000","2","","","2001","연립다세대","중개거래","서울 서초구"
"2026","11260","중랑구","10100","면목동","1","대지","1522","0001","두산5","20251209","92000","134.7","0.000000","21","","","2000","아파트","중개거래","서울 중랑구"
"2026","11140","중구","14400","장충동2가","1","대지","0193","0466","드림타운","20251209","7522","19.86","8.000000","1","","","2001","연립다세대","중개거래","서울 서초구"
"2026","11140","중구","14400","장충동2가","1","대지","0193","0466","드림타운","20251209","9631","19.86","8.000000","1","","","2001","연립다세대","중개거래","서울 서초구"
"2026","11110","종로구","18200","구기동","1","대지","0040","0000","동익빌라","20251209","62500","84.84","103.000000","2","","","1996","연립다세대","중개거래","서울 종로구"
"2026","11140","중구","14400","장충동2가","1","대지","0193","0466","드림타운","20251209","10748","19.86","8.000000","3","","","2001","연립다세대","중개거래","서울 서초구"
"2026","11140","중구","14400","장충동2가","1","대지","0193","0466","드림타운","20251209","10732","19.71","8.000000","2","","","2001","연립다세대","중개거래","서울 서초구"
"2026","11140","중구","14400","장충동2가","1","대지","0193","0466","드림타운","20251209","10732","19.71","8.000000","3","","","2001","연립다세대","중개거래","서울 서초구"
"2026","11140","중구","14400","장충동2가","1","대지","0193","0466","드림타운","20251209","7522","19.71","8.000000","-1","","","2001","연립다세대","중개거래","서울 서초구"
"2026","11140","중구","14400","장충동2가","1","대지","0193","0466","드림타운","20251209","9538","19.71","8.000000","1","","","2001","연립다세대","중개거래","서울 서초구"
"2026","11140","중구","14400","장충동2가","1","대지","0193","0466","드림타운","20251209","10546","19.44","7.000000","3","","","2001","연립다세대","중개거래","서울 서초구"
"2026","11140","중구","14400","장충동2가","1","대지","0193","0466","드림타운","20251209","10546","19.44","7.000000","2","","","2001","연립다세대","중개거래","서울 서초구"
"2026","11140","중구","14400","장충동2가","1","대지","0193","0466","드림타운","20251209","9383","19.09","7.000000","1","","","2001","연립다세대","중개거래","서울 서초구"
"2026","11140","중구","14400","장충동2가","1","대지","0193","0466","드림타운","20251209","9011","18.36","7.000000","1","","","2001","연립다세대","중개거래","서울 서초구"
"2026","11710","송파구","10200","신천동","1","대지","0007","0018","롯데캐슬골드","20251209","335000","166.7","0.000000","28","","","2005","아파트","중개거래","서울 송파구"
"2026","11710","송파구","10200","신천동","1","대지","0007","0018","롯데캐슬골드","20251209","335000","166.7","0.000000","28","","20260107","2005","아파트","중개거래","서울 송파구"
"2026","11470","양천구","10200","목동","1","대지","0907","0010","현대파리지앙","20251209","19400","33.88","43.240000","9","","","2004","오피스텔","중개거래","서울 양천구"
"2026","11680","강남구","10100","역삼동","1","대지","0606","0018","현대휴먼터치빌","20251209","30000","35.88","0.000000","5","","","1999","아파트","중개거래","서울 강남구"
"2026","11680","강남구","11800","도곡동","1","대지","0964","0000","현대그린1","20251209","237000","84.72","0.000000","8","","","2006","아파트","중개거래","서울 강남구"
"2026","11500","강서구","10300","화곡동","1","대지","0410","0283","화이트빌","20251209","21700","55.44","30.000000","2","","","2002","연립다세대","중개거래","서울 강서구"
"2026","11320","도봉구","10500","쌍문동","2","산","0069","0001","금호2","20251209","57300","84.46","0.000000","8","","","1991","아파트","중개거래","서울 도봉구"
"2026","11170","용산구","12900","이촌동","1","대지","0402","0000","강촌","20251209","322000","114.595","0.000000","15","","","1998","아파트","중개거래","서울 마포구, 서울 용산구"
"2026","11710","송파구","10600","삼전동","","","","","","20251209","280000","419.34","198.000000","","","","1996","단독다가구","중개거래","서울 송파구"
"2026","11320","도봉구","10700","창동","1","대지","0608","0187","(608-187)","20251209","15000","29.55","23.000000","2","","","1991","연립다세대","중개거래","서울 도봉구"
"2026","11305","강북구","10100","미아동","1","대지","0452","0017","평산주택빌라","20251209","69000","56.92","27.000000","2","","","1992","연립다세대","중개거래","서울 강북구"
"2026","11710","송파구","10600","삼전동","1","대지","0104","0011","(104-11)","20251209","49400","28.302","18.000000","3","","","2022","연립다세대","중개거래","서울 송파구"
"2026","11530","구로구","11100","천왕동","1","대지","0280","0000","천왕연지타운1단지","20251209","69850","59.97","0.000000","3","","20260119","2013","아파트","중개거래","서울 구로구"
"2026","11530","구로구","11100","천왕동","1","대지","0280","0000","천왕연지타운1단지","20251209","69850","59.97","0.000000","3","","","2013","아파트","중개거래","서울 구로구"
"2026","11620","관악구","10200","신림동","1","대지","0095","0068","(95-68)","20251209","15000","25.2","15.000000","-1","","","1992","연립다세대","중개거래","서울 관악구"
"2026","11560","영등포구","13200","신길동","1","대지","0095","0270","(95-270)","20251209","57000","13.86","9.000000","3","","","2012","연립다세대","중개거래","서울 영등포구"
"2026","11650","서초구","10800","서초동","1","대지","1519","0009","청광아트빌라(A동)","20251209","150000","115.68","89.000000","1","","","1985","연립다세대","중개거래","서울 서초구"
"2026","11140","중구","17100","중림동","1","대지","0401","0005","(401-5)","20251209","65000","57.42","13.000000","2","","","1989","연립다세대","중개거래","서울 중구"
"2026","11215","광진구","10200","능동","1","대지","0245","0007","(245-7)","20251209","30000","17.87","14.000000","2","","","2013","연립다세대","중개거래","서울 광진구"
"2026","11530","구로구","10800","오류동","1","대지","0059","0020","칸타빌레5차","20251208","13900","21.47","30.950000","16","","","2019","오피스텔","중개거래","서울 구로구"
"2026","11710","송파구","10100","잠실동","1","대지","0027","0000","주공아파트 5단지","20251208","387700","76.5","0.000000","15","","","1978","아파트","중개거래","서울 송파구"
"2026","11620","관악구","10100","봉천동","1","대지","0180","0243","더좋은집","20251208","29500","37.63","30.000000","3","","","2020","연립다세대","중개거래","서울 관악구"
"2026","11215","광진구","10100","중곡동","1","대지","0109","0011","랜드","20251208","41500","54.3","0.000000","7","","","2002","아파트","중개거래","서울 광진구"
"2026","11740","강동구","10900","천호동","3","블럭","0410","0100","더샵 강동센트럴시티","20251208","137500","59.994","0.000000","26","분양권","","0","아파트","중개거래","서울 강동구"
"2026","11290","성북구","13800","장위동","1","대지","0233","0517","대창빌라","20251208","49000","40.33","16.000000","2","","","1992","연립다세대","중개거래","서울 강동구, 서울 성북구"
"2026","11500","강서구","10200","등촌동","1","대지","0638","0000","서광등촌마을아파트","20251208","85000","59.96","0.000000","18","","","1999","아파트","중개거래","서울 강서구, 서울 마포구"
"2026","11680","강남구","10100","역삼동","1","대지","0642","0019","역삼하이츠빌딩","20251208","25000","30.86","40.660000","12","","","1991","오피스텔","중개거래","서울 강남구"
"2026","11215","광진구","10500","자양동","1","대지","0640","0022","오렌지하우스(640-22)","20251208","110000","47.94","28.000000","3","","","2014","연립다세대","중개거래","서울 광진구, 서울 성북구"
"2026","11560","영등포구","11100","당산동1가","1","대지","0152","0000","썬샤인빌","20251208","31000","29.98","14.000000","4","","","2017","연립다세대","중개거래","서울 영등포구"
"2026","11680","강남구","10300","개포동","1","대지","1181","0002","용성빌","20251208","35000","40.2","18.000000","-1","","","1992","연립다세대","중개거래","서울 강남구"
"2026","11380","은평구","10400","갈현동","1","대지","0267","0118","예청타운하우스(104동)","20251208","33500","72.14","60.000000","1","","","2008","연립다세대","중개거래","서울 은평구"
"2026","11500","강서구","10900","방화동","1","대지","0620","0175","공항오피스텔","20251208","13700","42.98","55.810000","8","","","2001","오피스텔","중개거래","서울 강서구"
"2026","11470","양천구","10300","신월동","1","대지","1017","0000","대방샤인힐","20251208","50000","59.648","0.000000","14","","","2003","아파트","중개거래","서울 양천구"
"2026","11470","양천구","10100","신정동","1","대지","0924","0010","뉴파인빌","20251208","34500","36.65","24.000000","3","","","2015","연립다세대","중개거래","서울 양천구"
"2026","11680","강남구","11200","자곡동","1","대지","0602","0000","강남자곡아이파크","20251208","105000","59.96","0.000000","9","","","2014","아파트","직거래",""
"2026","11680","강남구","10800","논현동","1","대지","0225","0006","논현 아이파크","20251208","62500","34.06","49.668500","8","","","2020","오피스텔","중개거래","서울 강남구"
"2026","11500","강서구","10900","방화동","1","대지","0486","0010","금강빌라","20251208","16000","33.4","17.000000","2","","","1994","연립다세대","중개거래","서울 강서구"
"2026","11110","종로구","17700","평동","1","대지","0233","0000","경희궁자이(3단지)","20251207","230000","84.835","0.000000","3","","","2017","아파트","중개거래","서울 종로구"
"2026","11290","성북구","11900","동선동4가","1","대지","0295","0004","벨라미아 오피스텔","20251207","14000","21.05","29.820000","11","","","2011","오피스텔","중개거래","서울 성북구"
"2026","11350","노원구","10600","중계동","1","대지","0506","0000","(506)","20251207","35500","51.3","70.820000","6","","","2005","오피스텔","중개거래","서울 노원구"
"2026","11545","금천구","10300","시흥동","1","대지","0951","0003","하늘채(951-3)","20251206","23800","32.85","20.000000","5","","","2017","연립다세대","중개거래","서울 금천구"
"2026","11215","광진구","10900","군자동","1","대지","0473","0001","(473-1)","20251206","20200","18.2","29.090000","10","","","2019","오피스텔","중개거래","서울 광진구"
"2026","11230","동대문구","10400","전농동","1","대지","0006","0000","전농우성","20251206","65000","59.78","0.000000","11","","","1992","아파트","중개거래","서울 동대문구"
"2026","11560","영등포구","13300","대림동","1","대지","0694","0002","파크에비뉴비동","20251206","37300","37.19","18.000000","6","","","2018","연립다세대","중개거래","서울 영등포구"
"2026","11680","강남구","10100","역삼동","1","대지","0706","0020","한화진넥스빌","20251206","43000","43.58","0.000000","12","","","2001","아파트","중개거래","서울 강남구"
"2026","11260","중랑구","10200","상봉동","1","대지","0081","0005","한일써너스빌","20251206","73500","66.254","0.000000","14","","","2003","아파트","중개거래","서울 중랑구"
"2026","11470","양천구","10100","신정동","1","대지","0314","0000","목동신시가지8","20251206","184000","54.94","0.000000","13","","","1987","아파트","중개거래","서울 양천구"
"2026","11650","서초구","10700","반포동","1","대지","0088","0004","서래아르드빌","20251206","190000","200.4","0.000000","2","","","2008","아파트","직거래",""
"2026","11710","송파구","11200","오금동","1","대지","0035","0009","현대타운(나동)","20251206","58000","75","37.000000","3","","","1991","연립다세대","중개거래","서울 송파구"
"2026","11440","마포구","11500","상수동","1","대지","0353","0025","그레이25","20251206","17800","17.23","14.000000","5","","","2014","연립다세대","중개거래","서울 마포구"
"2026","11260","중랑구","10100","면목동","1","대지","0190","0041","다보빌","20251206","21000","29.93","18.000000","4","","","2014","연립다세대","중개거래","서울 중랑구"
"2026","11215","광진구","10200","능동","1","대지","0240","0008","M캐슬가을","20251206","45500","30.13","24.000000","3","","","2021","연립다세대","중개거래","서울 광진구"
"2026","11710","송파구","10300","풍납동","1","대지","0088","0002","명성빌라","20251206","35000","50.3","31.000000","1","","","1990","연립다세대","중개거래","서울 송파구"
"2026","11740","강동구","10500","길동","1","대지","0341","0013","런던빌","20251206","37000","53.68","31.000000","3","","","2009","연립다세대","중개거래","서울 강동구, 서울 광진구"
"2026","11680","강남구","10400","청담동","1","대지","0090","0013","에비뉴나인티","20251206","109500","49.6","0.000000","2","","","2020","아파트","중개거래","서울 성동구"
"2026","11290","성북구","12600","보문동4가","1","대지","0080","0000","용일빌라","20251206","38800","66.42","34.000000","2","","","1993","연립다세대","중개거래","서울 성북구"
"2026","11500","강서구","10500","마곡동","1","대지","0422","0000","신안","20251206","82500","59.98","0.000000","4","","","1993","아파트","중개거래","서울 강서구"
"2026","11215","광진구","10300","구의동","1","대지","0235","0017","구의빌라(235-17)","20251205","65000","99.05","53.000000","4","","","1995","연립다세대","중개거래","서울 광진구"
"2026","11740","강동구","10900","천호동","1","대지","0167","0054","다성이즈빌(167-54)","20251205","38500","39.54","24.000000","4","","","2015","연립다세대","중개거래","서울 강동구"
"2026","11140","중구","14500","광희동1가","1","대지","0143","0002","(143-2)","20251205","17200","21.78","32.440000","7","","","2001","오피스텔","중개거래","서울 중구"
"2026","11710","송파구","11400","마천동","1","대지","0068","0005","천마그랑밸리","20251205","99000","84.95","0.000000","4","","","2004","아파트","중개거래","경기 하남시, 서울 송파구"
"2026","11170","용산구","13100","한남동","1","대지","0490","0000","(490-0)","20251205","180000","54.4","74.000000","2","","","1979","연립다세대","중개거래","서울 용산구"
"2026","11410","서대문구","10600","천연동","1","대지","0098","0017","반석블레스포레","20251205","108000","84.97","0.000000","7","","","2024","아파트","중개거래","서울 종로구"
"2026","11620","관악구","10200","신림동","1","대지","1638","0001","삼모 더 프라임 타워","20251205","19300","30.8","44.960000","22","","","2011","오피스텔","중개거래","서울 관악구"
"2026","11440","마포구","10800","대흥동","1","대지","0806","0000","마포그랑자이","20251205","228500","59.96","0.000000","13","","","2020","아파트","중개거래","서울 마포구"
"2026","11590","동작구","10700","사당동","1","대지","1132","0000","롯데캐슬","20251205","149800","117.68","0.000000","17","","","2003","아파트","중개거래","서울 동작구"
"2026","11470","양천구","10200","목동","1","대지","0808","0005","대원칸타빌","20251205","150000","81.233","0.000000","3","","","2001","아파트","중개거래","서울 양천구"
"2026","11710","송파구","11200","오금동","1","대지","0048","0017","멤버스하우스","20251204","37300","50.82","23.000000","5","","","2004","연립다세대","중개거래","서울 송파구"
"2026","11230","동대문구","10600","장안동","1","대지","0329","0003","래미안장안2차","20251204","116000","112.92","0.000000","2","","","2007","아파트","중개거래","경기 용인시 처인구, 서울 동대문구"
"2026","11560","영등포구","10800","영등포동7가","1","대지","0203","0000","아크로타워스퀘어","20251204","167000","59.7","0.000000","20","","","2017","아파트","중개거래","서울 영등포구"
"2026","11590","동작구","10700","사당동","1","대지","0180","0019","선영나동","20251204","28000","41.39","30.000000","2","","","1988","연립다세대","직거래",""
"2026","11650","서초구","10800","서초동","1","대지","1362","0010","서초노블레스아파트","20251203","52000","27.57","0.000000","13","","","2019","아파트","중개거래","서울 서초구"
"2026","11680","강남구","10300","개포동","1","대지","1194","0001","런던빌개포","20251203","45000","23.44","13.000000","4","","","2021","연립다세대","직거래",""
"2026","11110","종로구","15500","관수동","1","대지","0098","0001","종로 하이뷰 디아트","20251203","16000","18.16","27.875800","7","","","2020","오피스텔","중개거래","서울 종로구"
"2026","11500","강서구","10900","방화동","1","대지","0621","0002","벤처오피스텔","20251202","7950","29.6","29.600000","2","","","2003","오피스텔","중개거래","서울 강서구"
"2026","11215","광진구","10500","자양동","1","대지","0670","0000","현대3","20251202","129000","84.9","0.000000","10","","20260107","1996","아파트","중개거래","서울 광진구, 서울 영등포구"
"2026","11215","광진구","10500","자양동","1","대지","0670","0000","현대3","20251202","129000","84.9","0.000000","10","","","1996","아파트","중개거래","서울 광진구, 서울 영등포구"
"2026","11680","강남구","10100","역삼동","1","대지","0713","0011","역삼I'PARK","20251202","85000","28.246","0.000000","11","","","2006","아파트","중개거래","서울 강남구, 서울 성동구"
"2026","11380","은평구","11400","진관동","1","대지","0062","0000","은평스카이뷰자이","20251130","106000","84.748","0.000000","10","","","2019","아파트","중개거래","서울 은평구"
"2026","11500","강서구","10300","화곡동","1","대지","0926","0003","메종드로제","20251130","40000","49.26","0.000000","7","","","2019","아파트","중개거래","서울 강서구"
"2026","11440","마포구","10200","공덕동","1","대지","0468","0000","두영이지안","20251129","123000","84.79","0.000000","3","","","2008","아파트","중개거래","서울 용산구"
"2026","11590","동작구","10200","상도동","1","대지","0431","0000","래미안상도3차","20251129","184500","134.98","0.000000","10","","","2004","아파트","중개거래","서울 동작구"
"2026","11740","강동구","10600","둔촌동","1","대지","0545","0000","둔촌하이츠","20251129","101500","59.79","0.000000","11","","","1998","아파트","중개거래","서울 강동구"
"2026","11170","용산구","11200","원효로1가","1","대지","0133","0003","리첸시아용산A","20251129","182500","122.85","0.000000","12","","","2010","아파트","중개거래","서울 용산구"
"2026","11170","용산구","12800","한강로3가","1","대지","0016","0085","한강자이에클라트","20251129","153000","82.28","0.000000","25","","","2006","아파트","중개거래","경기 성남시 분당구, 서울 용산구"
"2026","11110","종로구","18300","평창동","1","대지","0170","0000","금강주택","20251129","66000","84.95","106.000000","1","","","1992","연립다세대","중개거래","서울 종로구"
"2026","11740","강동구","10800","성내동","1","대지","0545","0004","삼성아트빌(545-4)","20251128","33500","29.11","14.000000","5","","","2017","연립다세대","중개거래","서울 강동구"
"2026","11440","마포구","12300","망원동","1","대지","0509","0000","휴먼빌","20251128","88000","59.955","0.000000","13","","","2004","아파트","중개거래","서울 마포구"
"2026","11410","서대문구","11800","홍은동","1","대지","0188","0004","미성빌라(2동)","20251127","16500","62.07","39.000000","-1","","","1986","연립다세대","직거래",""
"2026","11230","동대문구","10300","제기동","1","대지","1158","0030","월드빌(5차)","20251127","50000","53.96","33.000000","3","","","2014","연립다세대","중개거래","서울 동대문구"
"2026","11170","용산구","12900","이촌동","1","대지","0400","0000","현대한강","20251127","227500","84.88","0.000000","1","","","1997","아파트","중개거래","서울 동작구, 서울 용산구"
"2026","11230","동대문구","10300","제기동","1","대지","1158","0030","월드빌(5차)","20251127","50000","53.96","33.000000","3","","20260123","2014","연립다세대","중개거래","서울 동대문구"
"2026","11230","동대문구","10700","청량리동","1","대지","0060","0000","한신","20251127","75000","59.97","0.000000","5","","","1997","아파트","중개거래","서울 동대문구"
"2026","11140","중구","16200","신당동","1","대지","0349","0139","그린빌라","20251126","80000","49.92","26.000000","1","","","1994","연립다세대","중개거래","서울 중구"
"2026","11680","강남구","11800","도곡동","1","대지","0933","0000","도곡쌍용예가","20251125","305000","142.77","0.000000","10","","","1978","아파트","중개거래","서울 강남구"
"2026","11290","성북구","13300","정릉동","1","대지","0494","0000","중앙하이츠빌1단지","20251125","74000","84.98","0.000000","13","","","2004","아파트","중개거래","서울 성북구"
"2026","11440","마포구","12500","성산동","1","대지","0593","0005","상암미르웰한올림","20251125","14800","16.36","22.990000","6","","","2018","오피스텔","중개거래","서울 마포구"
"2026","11680","강남구","11500","수서동","1","대지","0716","0000","사이룩스","20251125","21500","30.25","40.490000","7","","","2003","오피스텔","중개거래","서울 강남구"
"2026","11215","광진구","10300","구의동","1","대지","0591","0008","테크노빌2","20251124","89500","76.21","29.000000","4","","","2001","연립다세대","중개거래","서울 광진구"
"2026","11140","중구","13600","묵정동","1","대지","0035","0000","힐스테이트남산","20251124","57000","29.17","0.000000","2","","","2024","아파트","중개거래","서울 중구"
"2026","11320","도봉구","10700","창동","1","대지","0823","0000","금호어울림","20251124","77500","84.99","0.000000","2","","","2004","아파트","중개거래","서울 도봉구"
"2026","11290","성북구","13800","장위동","1","대지","0323","0000","꿈의숲아이파크","20251124","133000","84.48","0.000000","25","","","2022","아파트","중개거래","서울 성북구"
"2026","11560","영등포구","11100","당산동1가","1","대지","0188","0003","에버그린스타","20251124","33000","19.54","11.000000","9","","","2022","연립다세대","중개거래","서울 영등포구"
"2026","11215","광진구","10200","능동","1","대지","0249","0002","유호그라시아","20251122","49550","29.23","22.000000","4","","","2021","연립다세대","중개거래","서울 광진구"
"2026","11215","광진구","10200","능동","1","대지","0249","0002","유호그라시아","20251122","49100","29.23","22.000000","5","","","2021","연립다세대","중개거래","서울 광진구"
"2026","11140","중구","14400","장충동2가","1","대지","0193","0125","은혜빌라","20251121","18000","59.01","18.000000","2","","","2000","연립다세대","직거래",""
"2026","11320","도봉구","10600","방학동","1","대지","0271","0001","신동아아파트1","20251121","48500","84.87","0.000000","3","","","1986","아파트","중개거래","서울 도봉구"
"2026","11260","중랑구","10300","중화동","1","대지","0331","0001","리버센 SK VIEW 롯데캐슬","20251121","120000","59.99","0.000000","16","입주권","","0","아파트","중개거래","서울 동대문구, 서울 중랑구"
"2026","11410","서대문구","11700","연희동","1","대지","0177","0014","(177-14)","20251121","18250","31.98","32.000000","2","","","1986","연립다세대","중개거래","서울 서대문구"
"2026","11380","은평구","11400","진관동","1","대지","0025","0000","구파발9단지래미안(916~928동)BL3-2","20251121","102000","101.92","0.000000","2","","","2010","아파트","중개거래","경기 고양시 덕양구, 서울 은평구"
"2026","11170","용산구","11900","효창동","1","대지","0005","0158","효창아트빌2차","20251120","134500","101.36","0.000000","5","","","2002","아파트","중개거래","서울 용산구"
"2026","11215","광진구","10300","구의동","1","대지","0239","0081","훼미리아트빌라","20251118","41000","61.44","34.000000","3","","","1991","연립다세대","중개거래","서울 광진구, 서울 성동구"
"2026","11710","송파구","11100","방이동","1","대지","0127","0022","서경그린빌가동","20251118","47000","63.3","32.000000","2","","","2004","연립다세대","중개거래","서울 송파구"
"2026","11440","마포구","11400","창전동","1","대지","0438","0000","신촌금호","20251115","114700","84.86","0.000000","11","","","2001","아파트","중개거래","서울 마포구"
"2026","11620","관악구","10200","신림동","1","대지","1662","0019","(1662-19)","20251114","10000","33.55","16.000000","-1","","","1977","연립다세대","직거래",""
"2026","11230","동대문구","10200","용두동","1","대지","0787","0000","동의보감타워","20251111","16750","36.015","49.336000","12","","20260108","2005","오피스텔","중개거래","서울 동대문구"
"2026","11230","동대문구","10200","용두동","1","대지","0787","0000","동의보감타워","20251111","16750","36.015","49.336000","12","","","2005","오피스텔","중개거래","서울 동대문구"